Area,CO2 (Mt),Sector,Date
China,0.15699,Domestic Aviation,2019/1/1
China,2.633219,Ground Transport,2019/1/1
China,14.064195,Industry,2019/1/1
China,0.090529,International Aviation,2019/1/1
China,13.074471,Power,2019/1/1
China,3.519444,Residential,2019/1/1
China,33.448319,Total,2019/1/1
China,0.159149,Domestic Aviation,2019/1/2
China,2.652194,Ground Transport,2019/1/2
China,13.832309,Industry,2019/1/2
China,0.089232,International Aviation,2019/1/2
China,12.858903,Power,2019/1/2
China,3.381881,Residential,2019/1/2
China,32.884435,Total,2019/1/2
China,0.155674,Domestic Aviation,2019/1/3
China,2.641571,Ground Transport,2019/1/3
China,13.390106,Industry,2019/1/3
China,0.09282,International Aviation,2019/1/3
China,12.447819,Power,2019/1/3
China,3.123811,Residential,2019/1/3
China,31.758982,Total,2019/1/3
China,0.156753,Domestic Aviation,2019/1/4
China,2.687828,Ground Transport,2019/1/4
China,13.867361,Industry,2019/1/4
China,0.091405,International Aviation,2019/1/4
China,12.891489,Power,2019/1/4
China,3.089152,Residential,2019/1/4
China,32.692583,Total,2019/1/4
China,0.152596,Domestic Aviation,2019/1/5
China,2.625865,Ground Transport,2019/1/5
China,13.843094,Industry,2019/1/5
China,0.101436,International Aviation,2019/1/5
China,12.868929,Power,2019/1/5
China,3.157575,Residential,2019/1/5
China,32.64806,Total,2019/1/5
China,0.156295,Domestic Aviation,2019/1/6
China,2.56183,Ground Transport,2019/1/6
China,13.937466,Industry,2019/1/6
China,0.098003,International Aviation,2019/1/6
China,12.956661,Power,2019/1/6
China,3.146891,Residential,2019/1/6
China,32.759142,Total,2019/1/6
China,0.156247,Domestic Aviation,2019/1/7
China,2.645861,Ground Transport,2019/1/7
China,13.79456,Industry,2019/1/7
China,0.091667,International Aviation,2019/1/7
China,12.82381,Power,2019/1/7
China,3.089391,Residential,2019/1/7
China,32.509869,Total,2019/1/7
China,0.154574,Domestic Aviation,2019/1/8
China,2.645556,Ground Transport,2019/1/8
China,13.972519,Industry,2019/1/8
China,0.093984,International Aviation,2019/1/8
China,12.989247,Power,2019/1/8
China,3.190048,Residential,2019/1/8
China,32.951943,Total,2019/1/8
China,0.1562,Domestic Aviation,2019/1/9
China,2.645309,Ground Transport,2019/1/9
China,14.042624,Industry,2019/1/9
China,0.093579,International Aviation,2019/1/9
China,13.054418,Power,2019/1/9
China,3.177603,Residential,2019/1/9
China,33.076155,Total,2019/1/9
China,0.163105,Domestic Aviation,2019/1/10
China,2.64639,Ground Transport,2019/1/10
China,14.317653,Industry,2019/1/10
China,0.103764,International Aviation,2019/1/10
China,13.310092,Power,2019/1/10
China,3.061917,Residential,2019/1/10
China,33.499157,Total,2019/1/10
China,0.128542,Domestic Aviation,2019/1/11
China,2.679214,Ground Transport,2019/1/11
China,14.608859,Industry,2019/1/11
China,0.093055,International Aviation,2019/1/11
China,13.580806,Power,2019/1/11
China,2.991341,Residential,2019/1/11
China,33.988762,Total,2019/1/11
China,0.154415,Domestic Aviation,2019/1/12
China,2.601742,Ground Transport,2019/1/12
China,14.139693,Industry,2019/1/12
China,0.100196,International Aviation,2019/1/12
China,13.144656,Power,2019/1/12
China,2.97679,Residential,2019/1/12
China,33.017297,Total,2019/1/12
China,0.154417,Domestic Aviation,2019/1/13
China,2.540651,Ground Transport,2019/1/13
China,13.694794,Industry,2019/1/13
China,0.100269,International Aviation,2019/1/13
China,12.731066,Power,2019/1/13
China,2.971816,Residential,2019/1/13
China,32.092745,Total,2019/1/13
China,0.160367,Domestic Aviation,2019/1/14
China,2.636245,Ground Transport,2019/1/14
China,13.624689,Industry,2019/1/14
China,0.094947,International Aviation,2019/1/14
China,12.665894,Power,2019/1/14
China,2.91489,Residential,2019/1/14
China,32.002084,Total,2019/1/14
China,0.159847,Domestic Aviation,2019/1/15
China,2.632717,Ground Transport,2019/1/15
China,13.870058,Industry,2019/1/15
China,0.092304,International Aviation,2019/1/15
China,12.893995,Power,2019/1/15
China,3.30044,Residential,2019/1/15
China,32.857057,Total,2019/1/15
China,0.12863,Domestic Aviation,2019/1/16
China,2.623415,Ground Transport,2019/1/16
China,13.872754,Industry,2019/1/16
China,0.083836,International Aviation,2019/1/16
China,12.896502,Power,2019/1/16
China,3.337661,Residential,2019/1/16
China,32.858962,Total,2019/1/16
China,0.160718,Domestic Aviation,2019/1/17
China,2.631336,Ground Transport,2019/1/17
China,13.915896,Industry,2019/1/17
China,0.097113,International Aviation,2019/1/17
China,12.936608,Power,2019/1/17
China,3.155119,Residential,2019/1/17
China,32.799677,Total,2019/1/17
China,0.162296,Domestic Aviation,2019/1/18
China,2.692879,Ground Transport,2019/1/18
China,13.84579,Industry,2019/1/18
China,0.098073,International Aviation,2019/1/18
China,12.871436,Power,2019/1/18
China,2.900275,Residential,2019/1/18
China,32.472676,Total,2019/1/18
China,0.162232,Domestic Aviation,2019/1/19
China,2.633052,Ground Transport,2019/1/19
China,13.662438,Industry,2019/1/19
China,0.10408,International Aviation,2019/1/19
China,12.700987,Power,2019/1/19
China,2.86126,Residential,2019/1/19
China,32.019969,Total,2019/1/19
China,0.16361,Domestic Aviation,2019/1/20
China,2.360515,Ground Transport,2019/1/20
China,13.266074,Industry,2019/1/20
China,0.100624,International Aviation,2019/1/20
China,12.332515,Power,2019/1/20
China,3.025023,Residential,2019/1/20
China,31.147737,Total,2019/1/20
China,0.170123,Domestic Aviation,2019/1/21
China,2.633073,Ground Transport,2019/1/21
China,13.074632,Industry,2019/1/21
China,0.098776,International Aviation,2019/1/21
China,12.154546,Power,2019/1/21
China,3.060206,Residential,2019/1/21
China,31.092581,Total,2019/1/21
China,0.174583,Domestic Aviation,2019/1/22
China,2.652837,Ground Transport,2019/1/22
China,12.664786,Industry,2019/1/22
China,0.10721,International Aviation,2019/1/22
China,11.773541,Power,2019/1/22
China,2.905474,Residential,2019/1/22
China,30.171222,Total,2019/1/22
China,0.18412,Domestic Aviation,2019/1/23
China,2.639351,Ground Transport,2019/1/23
China,12.678268,Industry,2019/1/23
China,0.120411,International Aviation,2019/1/23
China,11.786074,Power,2019/1/23
China,2.819655,Residential,2019/1/23
China,30.107468,Total,2019/1/23
China,0.183481,Domestic Aviation,2019/1/24
China,2.647304,Ground Transport,2019/1/24
China,12.252244,Industry,2019/1/24
China,0.122206,International Aviation,2019/1/24
China,11.39003,Power,2019/1/24
China,2.682402,Residential,2019/1/24
China,29.155461,Total,2019/1/24
China,0.182409,Domestic Aviation,2019/1/25
China,2.696734,Ground Transport,2019/1/25
China,11.513442,Industry,2019/1/25
China,0.126825,International Aviation,2019/1/25
China,10.703219,Power,2019/1/25
China,2.819294,Residential,2019/1/25
China,27.915098,Total,2019/1/25
China,0.183926,Domestic Aviation,2019/1/26
China,2.613502,Ground Transport,2019/1/26
China,10.793515,Industry,2019/1/26
China,0.128734,International Aviation,2019/1/26
China,10.033955,Power,2019/1/26
China,2.94475,Residential,2019/1/26
China,26.569647,Total,2019/1/26
China,0.18844,Domestic Aviation,2019/1/27
China,2.53618,Ground Transport,2019/1/27
China,10.421418,Industry,2019/1/27
China,0.125934,International Aviation,2019/1/27
China,9.688043,Power,2019/1/27
China,2.78284,Residential,2019/1/27
China,25.61692,Total,2019/1/27
China,0.147455,Domestic Aviation,2019/1/28
China,2.616981,Ground Transport,2019/1/28
China,10.434899,Industry,2019/1/28
China,0.114053,International Aviation,2019/1/28
China,9.700576,Power,2019/1/28
China,2.789671,Residential,2019/1/28
China,25.689582,Total,2019/1/28
China,0.18737,Domestic Aviation,2019/1/29
China,2.633999,Ground Transport,2019/1/29
China,9.785078,Industry,2019/1/29
China,0.122312,International Aviation,2019/1/29
China,9.096483,Power,2019/1/29
China,2.6448,Residential,2019/1/29
China,24.34773,Total,2019/1/29
China,0.189346,Domestic Aviation,2019/1/30
China,2.636336,Ground Transport,2019/1/30
China,9.267377,Industry,2019/1/30
China,0.124548,International Aviation,2019/1/30
China,8.615214,Power,2019/1/30
China,2.823115,Residential,2019/1/30
China,23.531387,Total,2019/1/30
China,0.18953,Domestic Aviation,2019/1/31
China,2.63582,Ground Transport,2019/1/31
China,8.927636,Industry,2019/1/31
China,0.127952,International Aviation,2019/1/31
China,8.299382,Power,2019/1/31
China,3.101203,Residential,2019/1/31
China,23.15357,Total,2019/1/31
China,0.190883,Domestic Aviation,2019/2/1
China,2.623638,Ground Transport,2019/2/1
China,9.121116,Industry,2019/2/1
China,0.127077,International Aviation,2019/2/1
China,9.216372,Power,2019/2/1
China,3.018625,Residential,2019/2/1
China,24.170635,Total,2019/2/1
China,0.189781,Domestic Aviation,2019/2/2
China,2.545901,Ground Transport,2019/2/2
China,9.205911,Industry,2019/2/2
China,0.128884,International Aviation,2019/2/2
China,9.302053,Power,2019/2/2
China,2.635156,Residential,2019/2/2
China,23.878801,Total,2019/2/2
China,0.188394,Domestic Aviation,2019/2/3
China,2.49557,Ground Transport,2019/2/3
China,8.960006,Industry,2019/2/3
China,0.127996,International Aviation,2019/2/3
China,9.053579,Power,2019/2/3
China,2.815929,Residential,2019/2/3
China,23.513479,Total,2019/2/3
China,0.16099,Domestic Aviation,2019/2/4
China,2.596234,Ground Transport,2019/2/4
China,8.606693,Industry,2019/2/4
China,0.114955,International Aviation,2019/2/4
China,8.696577,Power,2019/2/4
China,2.779634,Residential,2019/2/4
China,22.840128,Total,2019/2/4
China,0.169146,Domestic Aviation,2019/2/5
China,2.601518,Ground Transport,2019/2/5
China,8.456889,Industry,2019/2/5
China,0.110781,International Aviation,2019/2/5
China,8.545208,Power,2019/2/5
China,2.733871,Residential,2019/2/5
China,22.506631,Total,2019/2/5
China,0.17724,Domestic Aviation,2019/2/6
China,2.595649,Ground Transport,2019/2/6
China,8.397532,Industry,2019/2/6
China,0.111055,International Aviation,2019/2/6
China,8.485231,Power,2019/2/6
China,2.763689,Residential,2019/2/6
China,22.419342,Total,2019/2/6
China,0.183205,Domestic Aviation,2019/2/7
China,2.595487,Ground Transport,2019/2/7
China,8.349482,Industry,2019/2/7
China,0.108429,International Aviation,2019/2/7
China,8.436679,Power,2019/2/7
China,3.172745,Residential,2019/2/7
China,22.737598,Total,2019/2/7
China,0.183777,Domestic Aviation,2019/2/8
China,2.63223,Ground Transport,2019/2/8
China,8.567122,Industry,2019/2/8
China,0.107636,International Aviation,2019/2/8
China,8.656592,Power,2019/2/8
China,3.33271,Residential,2019/2/8
China,23.372432,Total,2019/2/8
China,0.189516,Domestic Aviation,2019/2/9
China,2.551808,Ground Transport,2019/2/9
China,8.974138,Industry,2019/2/9
China,0.111527,International Aviation,2019/2/9
China,9.067859,Power,2019/2/9
China,3.402591,Residential,2019/2/9
China,24.185912,Total,2019/2/9
China,0.191456,Domestic Aviation,2019/2/10
China,2.510218,Ground Transport,2019/2/10
China,9.245482,Industry,2019/2/10
China,0.111912,International Aviation,2019/2/10
China,9.342037,Power,2019/2/10
China,3.452728,Residential,2019/2/10
China,24.741922,Total,2019/2/10
China,0.192287,Domestic Aviation,2019/2/11
China,2.610423,Ground Transport,2019/2/11
China,9.74012,Industry,2019/2/11
China,0.109589,International Aviation,2019/2/11
China,9.84184,Power,2019/2/11
China,3.25509,Residential,2019/2/11
China,25.639759,Total,2019/2/11
China,0.19244,Domestic Aviation,2019/2/12
China,2.613364,Ground Transport,2019/2/12
China,9.988852,Industry,2019/2/12
China,0.112643,International Aviation,2019/2/12
China,10.09317,Power,2019/2/12
China,3.107287,Residential,2019/2/12
China,25.995112,Total,2019/2/12
China,0.188195,Domestic Aviation,2019/2/13
China,2.608181,Ground Transport,2019/2/13
China,10.401521,Industry,2019/2/13
China,0.110484,International Aviation,2019/2/13
China,10.510149,Power,2019/2/13
China,3.100159,Residential,2019/2/13
China,26.808204,Total,2019/2/13
China,0.178724,Domestic Aviation,2019/2/14
China,2.60678,Ground Transport,2019/2/14
China,10.836802,Industry,2019/2/14
China,0.114893,International Aviation,2019/2/14
China,10.949975,Power,2019/2/14
China,3.100543,Residential,2019/2/14
China,27.672825,Total,2019/2/14
China,0.186865,Domestic Aviation,2019/2/15
China,2.642445,Ground Transport,2019/2/15
China,10.99226,Industry,2019/2/15
China,0.119693,International Aviation,2019/2/15
China,11.107056,Power,2019/2/15
China,3.116601,Residential,2019/2/15
China,28.045227,Total,2019/2/15
China,0.187863,Domestic Aviation,2019/2/16
China,2.569648,Ground Transport,2019/2/16
China,11.257951,Industry,2019/2/16
China,0.121294,International Aviation,2019/2/16
China,11.375522,Power,2019/2/16
China,3.151551,Residential,2019/2/16
China,28.542535,Total,2019/2/16
China,0.187194,Domestic Aviation,2019/2/17
China,2.523369,Ground Transport,2019/2/17
China,11.320134,Industry,2019/2/17
China,0.116511,International Aviation,2019/2/17
China,11.438355,Power,2019/2/17
China,3.099832,Residential,2019/2/17
China,28.568883,Total,2019/2/17
China,0.186438,Domestic Aviation,2019/2/18
China,2.598207,Ground Transport,2019/2/18
China,11.639528,Industry,2019/2/18
China,0.112108,International Aviation,2019/2/18
China,11.761085,Power,2019/2/18
China,3.04187,Residential,2019/2/18
China,29.227127,Total,2019/2/18
China,0.179767,Domestic Aviation,2019/2/19
China,2.598232,Ground Transport,2019/2/19
China,12.360286,Industry,2019/2/19
China,0.117205,International Aviation,2019/2/19
China,12.489369,Power,2019/2/19
China,2.935535,Residential,2019/2/19
China,30.563189,Total,2019/2/19
China,0.18916,Domestic Aviation,2019/2/20
China,2.591353,Ground Transport,2019/2/20
China,13.146053,Industry,2019/2/20
China,0.116703,International Aviation,2019/2/20
China,13.283343,Power,2019/2/20
China,2.846102,Residential,2019/2/20
China,32.056011,Total,2019/2/20
China,0.187934,Domestic Aviation,2019/2/21
China,2.59306,Ground Transport,2019/2/21
China,13.326949,Industry,2019/2/21
China,0.116825,International Aviation,2019/2/21
China,13.466128,Power,2019/2/21
China,2.808987,Residential,2019/2/21
China,32.383058,Total,2019/2/21
China,0.187864,Domestic Aviation,2019/2/22
China,2.628684,Ground Transport,2019/2/22
China,13.08387,Industry,2019/2/22
China,0.11826,International Aviation,2019/2/22
China,13.22051,Power,2019/2/22
China,2.770564,Residential,2019/2/22
China,31.891493,Total,2019/2/22
China,0.185672,Domestic Aviation,2019/2/23
China,2.550576,Ground Transport,2019/2/23
China,13.117788,Industry,2019/2/23
China,0.120929,International Aviation,2019/2/23
China,13.254782,Power,2019/2/23
China,2.767844,Residential,2019/2/23
China,31.876662,Total,2019/2/23
China,0.185746,Domestic Aviation,2019/2/24
China,2.495424,Ground Transport,2019/2/24
China,12.979289,Industry,2019/2/24
China,0.123011,International Aviation,2019/2/24
China,13.114838,Power,2019/2/24
China,2.668062,Residential,2019/2/24
China,31.443358,Total,2019/2/24
China,0.185665,Domestic Aviation,2019/2/25
China,2.585636,Ground Transport,2019/2/25
China,13.281725,Industry,2019/2/25
China,0.113409,International Aviation,2019/2/25
China,13.420432,Power,2019/2/25
China,2.583169,Residential,2019/2/25
China,32.056626,Total,2019/2/25
China,0.184618,Domestic Aviation,2019/2/26
China,2.587468,Ground Transport,2019/2/26
China,12.560967,Industry,2019/2/26
China,0.116552,International Aviation,2019/2/26
China,12.692147,Power,2019/2/26
China,2.601482,Residential,2019/2/26
China,30.626681,Total,2019/2/26
China,0.184614,Domestic Aviation,2019/2/27
China,2.5838,Ground Transport,2019/2/27
China,13.064084,Industry,2019/2/27
China,0.116809,International Aviation,2019/2/27
China,13.200518,Power,2019/2/27
China,2.599374,Residential,2019/2/27
China,31.63239,Total,2019/2/27
China,0.181431,Domestic Aviation,2019/2/28
China,2.586121,Ground Transport,2019/2/28
China,12.809699,Industry,2019/2/28
China,0.120851,International Aviation,2019/2/28
China,12.943476,Power,2019/2/28
China,2.519459,Residential,2019/2/28
China,31.040186,Total,2019/2/28
China,0.17957,Domestic Aviation,2019/3/1
China,2.414748,Ground Transport,2019/3/1
China,15.671452,Industry,2019/3/1
China,0.117457,International Aviation,2019/3/1
China,11.458386,Power,2019/3/1
China,2.341733,Residential,2019/3/1
China,32.065888,Total,2019/3/1
China,0.171949,Domestic Aviation,2019/3/2
China,2.346503,Ground Transport,2019/3/2
China,15.882911,Industry,2019/3/2
China,0.121382,International Aviation,2019/3/2
China,11.612997,Power,2019/3/2
China,2.325249,Residential,2019/3/2
China,32.339609,Total,2019/3/2
China,0.175131,Domestic Aviation,2019/3/3
China,2.29519,Ground Transport,2019/3/3
China,15.44321,Industry,2019/3/3
China,0.124491,International Aviation,2019/3/3
China,11.291505,Power,2019/3/3
China,2.273896,Residential,2019/3/3
China,31.478931,Total,2019/3/3
China,0.174398,Domestic Aviation,2019/3/4
China,2.377668,Ground Transport,2019/3/4
China,15.335803,Industry,2019/3/4
China,0.111269,International Aviation,2019/3/4
China,11.212972,Power,2019/3/4
China,2.093523,Residential,2019/3/4
China,31.194364,Total,2019/3/4
China,0.17212,Domestic Aviation,2019/3/5
China,2.382814,Ground Transport,2019/3/5
China,14.533602,Industry,2019/3/5
China,0.111582,International Aviation,2019/3/5
China,10.626432,Power,2019/3/5
China,2.127704,Residential,2019/3/5
China,29.842672,Total,2019/3/5
China,0.174515,Domestic Aviation,2019/3/6
China,2.38102,Ground Transport,2019/3/6
China,14.50675,Industry,2019/3/6
China,0.116778,International Aviation,2019/3/6
China,10.606799,Power,2019/3/6
China,2.279269,Residential,2019/3/6
China,29.948354,Total,2019/3/6
China,0.17278,Domestic Aviation,2019/3/7
China,2.382089,Ground Transport,2019/3/7
China,14.382559,Industry,2019/3/7
China,0.117926,International Aviation,2019/3/7
China,10.515996,Power,2019/3/7
China,2.438702,Residential,2019/3/7
China,29.892126,Total,2019/3/7
China,0.17367,Domestic Aviation,2019/3/8
China,2.4144,Ground Transport,2019/3/8
China,14.520176,Industry,2019/3/8
China,0.1184,International Aviation,2019/3/8
China,10.616616,Power,2019/3/8
China,2.292006,Residential,2019/3/8
China,30.016867,Total,2019/3/8
China,0.167775,Domestic Aviation,2019/3/9
China,2.352,Ground Transport,2019/3/9
China,14.896102,Industry,2019/3/9
China,0.122851,International Aviation,2019/3/9
China,10.89148,Power,2019/3/9
China,2.254195,Residential,2019/3/9
China,30.561552,Total,2019/3/9
China,0.171468,Domestic Aviation,2019/3/10
China,2.302929,Ground Transport,2019/3/10
China,14.721565,Industry,2019/3/10
China,0.121465,International Aviation,2019/3/10
China,10.763864,Power,2019/3/10
China,2.127257,Residential,2019/3/10
China,30.087084,Total,2019/3/10
China,0.171734,Domestic Aviation,2019/3/11
China,2.374937,Ground Transport,2019/3/11
China,14.614157,Industry,2019/3/11
China,0.117638,International Aviation,2019/3/11
China,10.685332,Power,2019/3/11
China,1.991796,Residential,2019/3/11
China,29.837955,Total,2019/3/11
China,0.170915,Domestic Aviation,2019/3/12
China,2.379926,Ground Transport,2019/3/12
China,13.858947,Industry,2019/3/12
China,0.111757,International Aviation,2019/3/12
China,10.13315,Power,2019/3/12
China,2.084899,Residential,2019/3/12
China,28.627837,Total,2019/3/12
China,0.17175,Domestic Aviation,2019/3/13
China,2.377689,Ground Transport,2019/3/13
China,13.842165,Industry,2019/3/13
China,0.115752,International Aviation,2019/3/13
China,10.120879,Power,2019/3/13
China,2.035967,Residential,2019/3/13
China,28.54845,Total,2019/3/13
China,0.173098,Domestic Aviation,2019/3/14
China,2.379028,Ground Transport,2019/3/14
China,13.993207,Industry,2019/3/14
China,0.118655,International Aviation,2019/3/14
China,10.231316,Power,2019/3/14
China,2.010151,Residential,2019/3/14
China,28.786799,Total,2019/3/14
China,0.173826,Domestic Aviation,2019/3/15
China,2.411812,Ground Transport,2019/3/15
China,14.137536,Industry,2019/3/15
China,0.119758,International Aviation,2019/3/15
China,10.336844,Power,2019/3/15
China,1.982185,Residential,2019/3/15
China,29.042203,Total,2019/3/15
China,0.16972,Domestic Aviation,2019/3/16
China,2.349258,Ground Transport,2019/3/16
China,14.278508,Industry,2019/3/16
China,0.12328,International Aviation,2019/3/16
China,10.439918,Power,2019/3/16
China,1.850948,Residential,2019/3/16
China,29.088351,Total,2019/3/16
China,0.168534,Domestic Aviation,2019/3/17
China,2.294716,Ground Transport,2019/3/17
China,13.976424,Industry,2019/3/17
China,0.124841,International Aviation,2019/3/17
China,10.219045,Power,2019/3/17
China,1.733029,Residential,2019/3/17
China,28.391748,Total,2019/3/17
China,0.169465,Domestic Aviation,2019/3/18
China,2.371816,Ground Transport,2019/3/18
China,14.100614,Industry,2019/3/18
China,0.114405,International Aviation,2019/3/18
China,10.309848,Power,2019/3/18
China,1.63121,Residential,2019/3/18
China,28.582954,Total,2019/3/18
China,0.170073,Domestic Aviation,2019/3/19
China,2.376913,Ground Transport,2019/3/19
China,14.077119,Industry,2019/3/19
China,0.116059,International Aviation,2019/3/19
China,10.292669,Power,2019/3/19
China,1.399497,Residential,2019/3/19
China,28.316272,Total,2019/3/19
China,0.171284,Domestic Aviation,2019/3/20
China,2.367474,Ground Transport,2019/3/20
China,14.577236,Industry,2019/3/20
China,0.119677,International Aviation,2019/3/20
China,10.658336,Power,2019/3/20
China,1.5921,Residential,2019/3/20
China,29.36643,Total,2019/3/20
China,0.169919,Domestic Aviation,2019/3/21
China,2.374589,Ground Transport,2019/3/21
China,14.154318,Industry,2019/3/21
China,0.121801,International Aviation,2019/3/21
China,10.349114,Power,2019/3/21
China,2.113587,Residential,2019/3/21
China,29.161527,Total,2019/3/21
China,0.172977,Domestic Aviation,2019/3/22
China,2.374589,Ground Transport,2019/3/22
China,14.318786,Industry,2019/3/22
China,0.124216,International Aviation,2019/3/22
China,10.469367,Power,2019/3/22
China,2.242472,Residential,2019/3/22
China,29.578191,Total,2019/3/22
China,0.168506,Domestic Aviation,2019/3/23
China,2.344171,Ground Transport,2019/3/23
China,14.436263,Industry,2019/3/23
China,0.124034,International Aviation,2019/3/23
China,10.555262,Power,2019/3/23
China,2.291939,Residential,2019/3/23
China,29.796141,Total,2019/3/23
China,0.171664,Domestic Aviation,2019/3/24
China,2.292936,Ground Transport,2019/3/24
China,14.302004,Industry,2019/3/24
China,0.126874,International Aviation,2019/3/24
China,10.457097,Power,2019/3/24
China,2.013403,Residential,2019/3/24
China,29.237104,Total,2019/3/24
China,0.170866,Domestic Aviation,2019/3/25
China,2.36661,Ground Transport,2019/3/25
China,14.406055,Industry,2019/3/25
China,0.117816,International Aviation,2019/3/25
China,10.533175,Power,2019/3/25
China,1.743801,Residential,2019/3/25
China,29.220507,Total,2019/3/25
China,0.112339,Domestic Aviation,2019/3/26
China,2.372471,Ground Transport,2019/3/26
China,13.899225,Industry,2019/3/26
China,0.114198,International Aviation,2019/3/26
China,10.1626,Power,2019/3/26
China,1.57128,Residential,2019/3/26
China,28.117914,Total,2019/3/26
China,0.172664,Domestic Aviation,2019/3/27
China,2.368592,Ground Transport,2019/3/27
China,14.382559,Industry,2019/3/27
China,0.120353,International Aviation,2019/3/27
China,10.515996,Power,2019/3/27
China,1.581011,Residential,2019/3/27
China,29.020822,Total,2019/3/27
China,0.170121,Domestic Aviation,2019/3/28
China,2.369349,Ground Transport,2019/3/28
China,14.600731,Industry,2019/3/28
China,0.122374,International Aviation,2019/3/28
China,10.675515,Power,2019/3/28
China,1.829431,Residential,2019/3/28
China,29.645147,Total,2019/3/28
China,0.171068,Domestic Aviation,2019/3/29
China,2.40448,Ground Transport,2019/3/29
China,14.208022,Industry,2019/3/29
China,0.12225,International Aviation,2019/3/29
China,10.388381,Power,2019/3/29
China,1.76118,Residential,2019/3/29
China,28.93313,Total,2019/3/29
China,0.167043,Domestic Aviation,2019/3/30
China,2.341298,Ground Transport,2019/3/30
China,14.100614,Industry,2019/3/30
China,0.124026,International Aviation,2019/3/30
China,10.309848,Power,2019/3/30
China,1.906538,Residential,2019/3/30
China,28.825341,Total,2019/3/30
China,0.176443,Domestic Aviation,2019/3/31
China,2.300296,Ground Transport,2019/3/31
China,14.093901,Industry,2019/3/31
China,0.127682,International Aviation,2019/3/31
China,10.30494,Power,2019/3/31
China,1.984236,Residential,2019/3/31
China,28.859816,Total,2019/3/31
China,0.178024,Domestic Aviation,2019/4/1
China,2.320119,Ground Transport,2019/4/1
China,16.349406,Industry,2019/4/1
China,0.116307,International Aviation,2019/4/1
China,10.437172,Power,2019/4/1
China,1.805503,Residential,2019/4/1
China,31.090225,Total,2019/4/1
China,0.175323,Domestic Aviation,2019/4/2
China,2.32459,Ground Transport,2019/4/2
China,16.440127,Industry,2019/4/2
China,0.119307,International Aviation,2019/4/2
China,10.495086,Power,2019/4/2
China,1.827881,Residential,2019/4/2
China,31.263006,Total,2019/4/2
China,0.178125,Domestic Aviation,2019/4/3
China,2.321492,Ground Transport,2019/4/3
China,15.805084,Industry,2019/4/3
China,0.123369,International Aviation,2019/4/3
China,10.089686,Power,2019/4/3
China,1.689137,Residential,2019/4/3
China,30.083523,Total,2019/4/3
China,0.177648,Domestic Aviation,2019/4/4
China,2.323049,Ground Transport,2019/4/4
China,16.077245,Industry,2019/4/4
China,0.126861,International Aviation,2019/4/4
China,10.263429,Power,2019/4/4
China,1.553886,Residential,2019/4/4
China,30.395257,Total,2019/4/4
China,0.166903,Domestic Aviation,2019/4/5
China,2.347103,Ground Transport,2019/4/5
China,16.002302,Industry,2019/4/5
China,0.126935,International Aviation,2019/4/5
China,10.215586,Power,2019/4/5
China,1.435996,Residential,2019/4/5
China,30.16789,Total,2019/4/5
China,0.161471,Domestic Aviation,2019/4/6
China,2.298092,Ground Transport,2019/4/6
China,15.714363,Industry,2019/4/6
China,0.124753,International Aviation,2019/4/6
China,10.031771,Power,2019/4/6
China,1.439437,Residential,2019/4/6
China,29.645134,Total,2019/4/6
China,0.176095,Domestic Aviation,2019/4/7
China,2.237627,Ground Transport,2019/4/7
China,15.911582,Industry,2019/4/7
China,0.126229,International Aviation,2019/4/7
China,10.157672,Power,2019/4/7
China,1.431355,Residential,2019/4/7
China,29.91433,Total,2019/4/7
China,0.174271,Domestic Aviation,2019/4/8
China,2.316799,Ground Transport,2019/4/8
China,16.022024,Industry,2019/4/8
China,0.117591,International Aviation,2019/4/8
China,10.228176,Power,2019/4/8
China,1.561761,Residential,2019/4/8
China,30.30303,Total,2019/4/8
China,0.172885,Domestic Aviation,2019/4/9
China,2.320195,Ground Transport,2019/4/9
China,16.369128,Industry,2019/4/9
China,0.122278,International Aviation,2019/4/9
China,10.449762,Power,2019/4/9
China,1.8646,Residential,2019/4/9
China,31.176571,Total,2019/4/9
China,0.175086,Domestic Aviation,2019/4/10
China,2.318473,Ground Transport,2019/4/10
China,16.743843,Industry,2019/4/10
China,0.158454,International Aviation,2019/4/10
China,10.688973,Power,2019/4/10
China,1.889972,Residential,2019/4/10
China,31.816347,Total,2019/4/10
China,0.09738,Domestic Aviation,2019/4/11
China,2.32188,Ground Transport,2019/4/11
China,17.189557,Industry,2019/4/11
China,0.076671,International Aviation,2019/4/11
China,10.973509,Power,2019/4/11
China,1.780465,Residential,2019/4/11
China,32.36279,Total,2019/4/11
China,0.174838,Domestic Aviation,2019/4/12
China,2.356505,Ground Transport,2019/4/12
China,16.79512,Industry,2019/4/12
China,0.126139,International Aviation,2019/4/12
China,10.721707,Power,2019/4/12
China,1.52859,Residential,2019/4/12
China,31.57676,Total,2019/4/12
China,0.172731,Domestic Aviation,2019/4/13
China,2.297399,Ground Transport,2019/4/13
China,16.937117,Industry,2019/4/13
China,0.128841,International Aviation,2019/4/13
China,10.812356,Power,2019/4/13
China,1.47959,Residential,2019/4/13
China,31.699193,Total,2019/4/13
China,0.176627,Domestic Aviation,2019/4/14
China,2.234701,Ground Transport,2019/4/14
China,16.680733,Industry,2019/4/14
China,0.126193,International Aviation,2019/4/14
China,10.648685,Power,2019/4/14
China,1.542712,Residential,2019/4/14
China,31.283459,Total,2019/4/14
China,0.177903,Domestic Aviation,2019/4/15
China,2.314202,Ground Transport,2019/4/15
China,16.475626,Industry,2019/4/15
China,0.119712,International Aviation,2019/4/15
China,10.517748,Power,2019/4/15
China,1.392095,Residential,2019/4/15
China,30.877575,Total,2019/4/15
China,0.174956,Domestic Aviation,2019/4/16
China,2.320338,Ground Transport,2019/4/16
China,15.70253,Industry,2019/4/16
China,0.122305,International Aviation,2019/4/16
China,10.024217,Power,2019/4/16
China,1.283834,Residential,2019/4/16
China,29.505875,Total,2019/4/16
China,0.178915,Domestic Aviation,2019/4/17
China,2.318382,Ground Transport,2019/4/17
China,14.925489,Industry,2019/4/17
China,0.128035,International Aviation,2019/4/17
China,9.528168,Power,2019/4/17
China,1.210493,Residential,2019/4/17
China,28.161447,Total,2019/4/17
China,0.175701,Domestic Aviation,2019/4/18
China,2.321087,Ground Transport,2019/4/18
China,15.355426,Industry,2019/4/18
China,0.125706,International Aviation,2019/4/18
China,9.802632,Power,2019/4/18
China,1.321508,Residential,2019/4/18
China,28.976353,Total,2019/4/18
China,0.171352,Domestic Aviation,2019/4/19
China,2.355959,Ground Transport,2019/4/19
China,15.61181,Industry,2019/4/19
China,0.124269,International Aviation,2019/4/19
China,9.966303,Power,2019/4/19
China,1.401015,Residential,2019/4/19
China,29.506439,Total,2019/4/19
China,0.16989,Domestic Aviation,2019/4/20
China,2.292727,Ground Transport,2019/4/20
China,14.996488,Industry,2019/4/20
China,0.128559,International Aviation,2019/4/20
China,9.573493,Power,2019/4/20
China,1.382655,Residential,2019/4/20
China,28.415253,Total,2019/4/20
China,0.175496,Domestic Aviation,2019/4/21
China,2.234701,Ground Transport,2019/4/21
China,15.734085,Industry,2019/4/21
China,0.132779,International Aviation,2019/4/21
China,10.044361,Power,2019/4/21
China,1.331032,Residential,2019/4/21
China,29.519676,Total,2019/4/21
China,0.174765,Domestic Aviation,2019/4/22
China,2.314202,Ground Transport,2019/4/22
China,15.26865,Industry,2019/4/22
China,0.119579,International Aviation,2019/4/22
China,9.747236,Power,2019/4/22
China,1.207861,Residential,2019/4/22
China,28.712713,Total,2019/4/22
China,0.173125,Domestic Aviation,2019/4/23
China,2.320338,Ground Transport,2019/4/23
China,15.525033,Industry,2019/4/23
China,0.121143,International Aviation,2019/4/23
China,9.910906,Power,2019/4/23
China,1.186273,Residential,2019/4/23
China,29.115677,Total,2019/4/23
China,0.174472,Domestic Aviation,2019/4/24
China,2.318382,Ground Transport,2019/4/24
China,15.454035,Industry,2019/4/24
China,0.126963,International Aviation,2019/4/24
China,9.865582,Power,2019/4/24
China,1.372989,Residential,2019/4/24
China,29.18546,Total,2019/4/24
China,0.173186,Domestic Aviation,2019/4/25
China,2.321087,Ground Transport,2019/4/25
China,15.82875,Industry,2019/4/25
China,0.123663,International Aviation,2019/4/25
China,10.104794,Power,2019/4/25
China,1.526096,Residential,2019/4/25
China,29.953912,Total,2019/4/25
China,0.172125,Domestic Aviation,2019/4/26
China,2.355959,Ground Transport,2019/4/26
China,15.5487,Industry,2019/4/26
China,0.126996,International Aviation,2019/4/26
China,9.926015,Power,2019/4/26
China,1.561533,Residential,2019/4/26
China,29.564332,Total,2019/4/26
China,0.166367,Domestic Aviation,2019/4/27
China,2.292727,Ground Transport,2019/4/27
China,15.698586,Industry,2019/4/27
China,0.128969,International Aviation,2019/4/27
China,10.021699,Power,2019/4/27
China,1.591538,Residential,2019/4/27
China,29.770916,Total,2019/4/27
China,0.173077,Domestic Aviation,2019/4/28
China,2.234701,Ground Transport,2019/4/28
China,15.091153,Industry,2019/4/28
China,0.128767,International Aviation,2019/4/28
China,9.633925,Power,2019/4/28
China,1.535632,Residential,2019/4/28
China,28.668488,Total,2019/4/28
China,0.175404,Domestic Aviation,2019/4/29
China,2.314202,Ground Transport,2019/4/29
China,15.319926,Industry,2019/4/29
China,0.120222,International Aviation,2019/4/29
China,9.77997,Power,2019/4/29
China,1.4107,Residential,2019/4/29
China,29.000203,Total,2019/4/29
China,0.1749,Domestic Aviation,2019/4/30
China,2.320338,Ground Transport,2019/4/30
China,14.818992,Industry,2019/4/30
China,0.125215,International Aviation,2019/4/30
China,9.460182,Power,2019/4/30
China,1.323261,Residential,2019/4/30
China,28.097672,Total,2019/4/30
China,0.180771,Domestic Aviation,2019/5/1
China,2.527076,Ground Transport,2019/5/1
China,16.063076,Industry,2019/5/1
China,0.125403,International Aviation,2019/5/1
China,9.267635,Power,2019/5/1
China,1.244866,Residential,2019/5/1
China,29.283424,Total,2019/5/1
China,0.166447,Domestic Aviation,2019/5/2
China,2.530024,Ground Transport,2019/5/2
China,14.880984,Industry,2019/5/2
China,0.122163,International Aviation,2019/5/2
China,8.585623,Power,2019/5/2
China,1.185934,Residential,2019/5/2
China,27.349012,Total,2019/5/2
China,0.173798,Domestic Aviation,2019/5/3
China,2.568036,Ground Transport,2019/5/3
China,15.081716,Industry,2019/5/3
China,0.121002,International Aviation,2019/5/3
China,8.701436,Power,2019/5/3
China,1.141953,Residential,2019/5/3
China,27.666939,Total,2019/5/3
China,0.179289,Domestic Aviation,2019/5/4
China,2.499112,Ground Transport,2019/5/4
China,15.898029,Industry,2019/5/4
China,0.12329,International Aviation,2019/5/4
China,9.17241,Power,2019/5/4
China,1.149387,Residential,2019/5/4
China,28.898228,Total,2019/5/4
China,0.179307,Domestic Aviation,2019/5/5
China,2.435862,Ground Transport,2019/5/5
China,16.21028,Industry,2019/5/5
China,0.124395,International Aviation,2019/5/5
China,9.352564,Power,2019/5/5
China,1.33988,Residential,2019/5/5
China,29.517894,Total,2019/5/5
China,0.177397,Domestic Aviation,2019/5/6
China,2.52252,Ground Transport,2019/5/6
China,16.031851,Industry,2019/5/6
China,0.113663,International Aviation,2019/5/6
China,9.249619,Power,2019/5/6
China,1.404045,Residential,2019/5/6
China,29.385432,Total,2019/5/6
China,0.175253,Domestic Aviation,2019/5/7
China,2.529208,Ground Transport,2019/5/7
China,16.758949,Industry,2019/5/7
China,0.120006,International Aviation,2019/5/7
China,9.669121,Power,2019/5/7
China,1.351718,Residential,2019/5/7
China,30.48425,Total,2019/5/7
China,0.17484,Domestic Aviation,2019/5/8
China,2.527076,Ground Transport,2019/5/8
China,16.437777,Industry,2019/5/8
China,0.122706,International Aviation,2019/5/8
China,9.483819,Power,2019/5/8
China,1.280217,Residential,2019/5/8
China,29.90373,Total,2019/5/8
China,0.17595,Domestic Aviation,2019/5/9
China,2.530024,Ground Transport,2019/5/9
China,16.344102,Industry,2019/5/9
China,0.12579,International Aviation,2019/5/9
China,9.429773,Power,2019/5/9
China,1.183897,Residential,2019/5/9
China,29.663747,Total,2019/5/9
China,0.177646,Domestic Aviation,2019/5/10
China,2.568036,Ground Transport,2019/5/10
China,16.179055,Industry,2019/5/10
China,0.12175,International Aviation,2019/5/10
China,9.334549,Power,2019/5/10
China,1.145544,Residential,2019/5/10
China,29.404829,Total,2019/5/10
China,0.172564,Domestic Aviation,2019/5/11
China,2.499112,Ground Transport,2019/5/11
China,15.889108,Industry,2019/5/11
China,0.129218,International Aviation,2019/5/11
China,9.167263,Power,2019/5/11
China,1.126531,Residential,2019/5/11
China,28.854577,Total,2019/5/11
China,0.172599,Domestic Aviation,2019/5/12
China,2.435862,Ground Transport,2019/5/12
China,15.630386,Industry,2019/5/12
China,0.127681,International Aviation,2019/5/12
China,9.017993,Power,2019/5/12
China,1.211614,Residential,2019/5/12
China,28.468454,Total,2019/5/12
China,0.174393,Domestic Aviation,2019/5/13
China,2.52252,Ground Transport,2019/5/13
China,15.817736,Industry,2019/5/13
China,0.119881,International Aviation,2019/5/13
China,9.126085,Power,2019/5/13
China,1.210053,Residential,2019/5/13
China,28.850788,Total,2019/5/13
China,0.172621,Domestic Aviation,2019/5/14
China,2.529208,Ground Transport,2019/5/14
China,16.866007,Industry,2019/5/14
China,0.121263,International Aviation,2019/5/14
China,9.730888,Power,2019/5/14
China,1.148725,Residential,2019/5/14
China,30.447448,Total,2019/5/14
China,0.172413,Domestic Aviation,2019/5/15
China,2.527076,Ground Transport,2019/5/15
China,16.286112,Industry,2019/5/15
China,0.124024,International Aviation,2019/5/15
China,9.396316,Power,2019/5/15
China,1.109269,Residential,2019/5/15
China,29.491186,Total,2019/5/15
China,0.174778,Domestic Aviation,2019/5/16
China,2.530024,Ground Transport,2019/5/16
China,17.147033,Industry,2019/5/16
China,0.125083,International Aviation,2019/5/16
China,9.893026,Power,2019/5/16
China,1.114684,Residential,2019/5/16
China,30.859545,Total,2019/5/16
China,0.171082,Domestic Aviation,2019/5/17
China,2.568036,Ground Transport,2019/5/17
China,17.401294,Industry,2019/5/17
China,0.124915,International Aviation,2019/5/17
China,10.039723,Power,2019/5/17
China,1.098523,Residential,2019/5/17
China,31.278657,Total,2019/5/17
China,0.171225,Domestic Aviation,2019/5/18
China,2.499112,Ground Transport,2019/5/18
China,17.356687,Industry,2019/5/18
China,0.129094,International Aviation,2019/5/18
China,10.013987,Power,2019/5/18
China,1.143358,Residential,2019/5/18
China,31.184368,Total,2019/5/18
China,0.17126,Domestic Aviation,2019/5/19
China,2.435862,Ground Transport,2019/5/19
China,16.384248,Industry,2019/5/19
China,0.127838,International Aviation,2019/5/19
China,9.452936,Power,2019/5/19
China,1.223167,Residential,2019/5/19
China,29.667473,Total,2019/5/19
China,0.172657,Domestic Aviation,2019/5/20
China,2.52252,Ground Transport,2019/5/20
China,16.620667,Industry,2019/5/20
China,0.119367,International Aviation,2019/5/20
China,9.589338,Power,2019/5/20
China,1.218921,Residential,2019/5/20
China,30.124103,Total,2019/5/20
China,0.174151,Domestic Aviation,2019/5/21
China,2.529208,Ground Transport,2019/5/21
China,16.88385,Industry,2019/5/21
China,0.11996,International Aviation,2019/5/21
China,9.741182,Power,2019/5/21
China,1.159116,Residential,2019/5/21
China,30.487508,Total,2019/5/21
China,0.173058,Domestic Aviation,2019/5/22
China,2.527076,Ground Transport,2019/5/22
China,16.642971,Industry,2019/5/22
China,0.121868,International Aviation,2019/5/22
China,9.602206,Power,2019/5/22
China,1.118847,Residential,2019/5/22
China,30.064158,Total,2019/5/22
China,0.174103,Domestic Aviation,2019/5/23
China,2.530024,Ground Transport,2019/5/23
China,16.781253,Industry,2019/5/23
China,0.124359,International Aviation,2019/5/23
China,9.681989,Power,2019/5/23
China,1.093452,Residential,2019/5/23
China,30.260821,Total,2019/5/23
China,0.176026,Domestic Aviation,2019/5/24
China,2.568036,Ground Transport,2019/5/24
China,16.286112,Industry,2019/5/24
China,0.12538,International Aviation,2019/5/24
China,9.396316,Power,2019/5/24
China,1.079483,Residential,2019/5/24
China,29.505973,Total,2019/5/24
China,0.169713,Domestic Aviation,2019/5/25
China,2.499112,Ground Transport,2019/5/25
China,16.080919,Industry,2019/5/25
China,0.127498,International Aviation,2019/5/25
China,9.277929,Power,2019/5/25
China,1.083607,Residential,2019/5/25
China,29.111281,Total,2019/5/25
China,0.166342,Domestic Aviation,2019/5/26
China,2.435862,Ground Transport,2019/5/26
China,15.737443,Industry,2019/5/26
China,0.129347,International Aviation,2019/5/26
China,9.07976,Power,2019/5/26
China,1.14888,Residential,2019/5/26
China,28.568287,Total,2019/5/26
China,0.169222,Domestic Aviation,2019/5/27
China,2.52252,Ground Transport,2019/5/27
China,16.08538,Industry,2019/5/27
China,0.118845,International Aviation,2019/5/27
China,9.280503,Power,2019/5/27
China,1.194792,Residential,2019/5/27
China,29.252416,Total,2019/5/27
China,0.171133,Domestic Aviation,2019/5/28
China,2.529208,Ground Transport,2019/5/28
China,15.715139,Industry,2019/5/28
China,0.120577,International Aviation,2019/5/28
China,9.066892,Power,2019/5/28
China,1.193797,Residential,2019/5/28
China,28.676169,Total,2019/5/28
China,0.172682,Domestic Aviation,2019/5/29
China,2.527076,Ground Transport,2019/5/29
China,15.505485,Industry,2019/5/29
China,0.125484,International Aviation,2019/5/29
China,8.945931,Power,2019/5/29
China,1.139495,Residential,2019/5/29
China,28.290669,Total,2019/5/29
China,0.172207,Domestic Aviation,2019/5/30
China,2.530024,Ground Transport,2019/5/30
China,15.527789,Industry,2019/5/30
China,0.124169,International Aviation,2019/5/30
China,8.958799,Power,2019/5/30
China,1.132068,Residential,2019/5/30
China,28.320887,Total,2019/5/30
China,0.174964,Domestic Aviation,2019/5/31
China,2.568036,Ground Transport,2019/5/31
China,15.53671,Industry,2019/5/31
China,0.128024,International Aviation,2019/5/31
China,8.963947,Power,2019/5/31
China,1.130336,Residential,2019/5/31
China,28.373992,Total,2019/5/31
China,0.17297,Domestic Aviation,2019/6/1
China,2.514231,Ground Transport,2019/6/1
China,14.135944,Industry,2019/6/1
China,0.129646,International Aviation,2019/6/1
China,9.077025,Power,2019/6/1
China,1.146755,Residential,2019/6/1
China,27.046926,Total,2019/6/1
China,0.171568,Domestic Aviation,2019/6/2
China,2.450598,Ground Transport,2019/6/2
China,14.103504,Industry,2019/6/2
China,0.129388,International Aviation,2019/6/2
China,9.056194,Power,2019/6/2
China,1.130457,Residential,2019/6/2
China,26.912321,Total,2019/6/2
China,0.173037,Domestic Aviation,2019/6/3
China,2.53778,Ground Transport,2019/6/3
China,13.977797,Industry,2019/6/3
China,0.119884,International Aviation,2019/6/3
China,8.975475,Power,2019/6/3
China,1.122188,Residential,2019/6/3
China,26.786277,Total,2019/6/3
China,0.168756,Domestic Aviation,2019/6/4
China,2.544509,Ground Transport,2019/6/4
China,14.50901,Industry,2019/6/4
China,0.119522,International Aviation,2019/6/4
China,9.316579,Power,2019/6/4
China,1.132064,Residential,2019/6/4
China,27.670919,Total,2019/6/4
China,0.170237,Domestic Aviation,2019/6/5
China,2.542364,Ground Transport,2019/6/5
China,15.19026,Industry,2019/6/5
China,0.126253,International Aviation,2019/6/5
China,9.754026,Power,2019/6/5
China,1.128826,Residential,2019/6/5
China,28.785714,Total,2019/6/5
China,0.170259,Domestic Aviation,2019/6/6
China,2.54533,Ground Transport,2019/6/6
China,15.380848,Industry,2019/6/6
China,0.125535,International Aviation,2019/6/6
China,9.876407,Power,2019/6/6
China,1.115926,Residential,2019/6/6
China,29.088771,Total,2019/6/6
China,0.167941,Domestic Aviation,2019/6/7
China,2.583571,Ground Transport,2019/6/7
China,15.932337,Industry,2019/6/7
China,0.124871,International Aviation,2019/6/7
China,10.230531,Power,2019/6/7
China,1.115527,Residential,2019/6/7
China,30.029908,Total,2019/6/7
China,0.159315,Domestic Aviation,2019/6/8
China,2.514231,Ground Transport,2019/6/8
China,15.251086,Industry,2019/6/8
China,0.126846,International Aviation,2019/6/8
China,9.793084,Power,2019/6/8
China,1.118071,Residential,2019/6/8
China,28.835787,Total,2019/6/8
China,0.176235,Domestic Aviation,2019/6/9
China,2.450598,Ground Transport,2019/6/9
China,15.611987,Industry,2019/6/9
China,0.126947,International Aviation,2019/6/9
China,10.024827,Power,2019/6/9
China,1.123303,Residential,2019/6/9
China,29.38695,Total,2019/6/9
China,0.175768,Domestic Aviation,2019/6/10
China,2.53778,Ground Transport,2019/6/10
China,16.49599,Industry,2019/6/10
China,0.114234,International Aviation,2019/6/10
China,10.592466,Power,2019/6/10
China,1.12073,Residential,2019/6/10
China,30.922736,Total,2019/6/10
China,0.174863,Domestic Aviation,2019/6/11
China,2.544509,Ground Transport,2019/6/11
China,17.513811,Industry,2019/6/11
China,0.116889,International Aviation,2019/6/11
China,11.246033,Power,2019/6/11
China,1.123047,Residential,2019/6/11
China,32.602262,Total,2019/6/11
China,0.17471,Domestic Aviation,2019/6/12
China,2.542364,Ground Transport,2019/6/12
China,17.323223,Industry,2019/6/12
China,0.126785,International Aviation,2019/6/12
China,11.123652,Power,2019/6/12
China,1.119135,Residential,2019/6/12
China,32.283084,Total,2019/6/12
China,0.171164,Domestic Aviation,2019/6/13
China,2.54533,Ground Transport,2019/6/13
China,17.250232,Industry,2019/6/13
China,0.12246,International Aviation,2019/6/13
China,11.076783,Power,2019/6/13
China,1.113613,Residential,2019/6/13
China,32.157122,Total,2019/6/13
China,0.178733,Domestic Aviation,2019/6/14
China,2.583571,Ground Transport,2019/6/14
China,16.909606,Industry,2019/6/14
China,0.126566,International Aviation,2019/6/14
China,10.858059,Power,2019/6/14
China,1.138954,Residential,2019/6/14
China,31.668924,Total,2019/6/14
China,0.176266,Domestic Aviation,2019/6/15
China,2.514231,Ground Transport,2019/6/15
China,17.590857,Industry,2019/6/15
China,0.12746,International Aviation,2019/6/15
China,11.295506,Power,2019/6/15
China,1.155423,Residential,2019/6/15
China,32.732283,Total,2019/6/15
China,0.177707,Domestic Aviation,2019/6/16
China,2.450598,Ground Transport,2019/6/16
China,17.181296,Industry,2019/6/16
China,0.128788,International Aviation,2019/6/16
China,11.032517,Power,2019/6/16
China,1.141213,Residential,2019/6/16
China,31.983332,Total,2019/6/16
China,0.178313,Domestic Aviation,2019/6/17
China,2.53778,Ground Transport,2019/6/17
China,17.051534,Industry,2019/6/17
China,0.118693,International Aviation,2019/6/17
China,10.949194,Power,2019/6/17
China,1.12281,Residential,2019/6/17
China,31.839631,Total,2019/6/17
China,0.174112,Domestic Aviation,2019/6/18
China,2.544509,Ground Transport,2019/6/18
China,17.343498,Industry,2019/6/18
China,0.12177,International Aviation,2019/6/18
China,11.136671,Power,2019/6/18
China,1.122022,Residential,2019/6/18
China,32.320812,Total,2019/6/18
China,0.176409,Domestic Aviation,2019/6/19
China,2.542364,Ground Transport,2019/6/19
China,18.049079,Industry,2019/6/19
China,0.127872,International Aviation,2019/6/19
China,11.589741,Power,2019/6/19
China,1.114467,Residential,2019/6/19
China,33.47206,Total,2019/6/19
China,0.171355,Domestic Aviation,2019/6/20
China,2.54533,Ground Transport,2019/6/20
China,17.221846,Industry,2019/6/20
China,0.124318,International Aviation,2019/6/20
China,11.058556,Power,2019/6/20
China,1.119438,Residential,2019/6/20
China,32.116525,Total,2019/6/20
China,0.17579,Domestic Aviation,2019/6/21
China,2.583571,Ground Transport,2019/6/21
China,17.254287,Industry,2019/6/21
China,0.129151,International Aviation,2019/6/21
China,11.079387,Power,2019/6/21
China,1.111955,Residential,2019/6/21
China,32.204989,Total,2019/6/21
China,0.174301,Domestic Aviation,2019/6/22
China,2.514231,Ground Transport,2019/6/22
China,17.031258,Industry,2019/6/22
China,0.128882,International Aviation,2019/6/22
China,10.936175,Power,2019/6/22
China,1.107719,Residential,2019/6/22
China,31.763684,Total,2019/6/22
China,0.173309,Domestic Aviation,2019/6/23
China,2.450598,Ground Transport,2019/6/23
China,16.658193,Industry,2019/6/23
China,0.130186,International Aviation,2019/6/23
China,10.69662,Power,2019/6/23
China,1.110028,Residential,2019/6/23
China,31.088748,Total,2019/6/23
China,0.175851,Domestic Aviation,2019/6/24
China,2.53778,Ground Transport,2019/6/24
China,15.863401,Industry,2019/6/24
China,0.122129,International Aviation,2019/6/24
China,10.186266,Power,2019/6/24
China,1.108482,Residential,2019/6/24
China,29.87178,Total,2019/6/24
China,0.175263,Domestic Aviation,2019/6/25
China,2.544509,Ground Transport,2019/6/25
China,15.713363,Industry,2019/6/25
China,0.121218,International Aviation,2019/6/25
China,10.089923,Power,2019/6/25
China,1.110295,Residential,2019/6/25
China,29.633354,Total,2019/6/25
China,0.176522,Domestic Aviation,2019/6/26
China,2.542364,Ground Transport,2019/6/26
China,15.924226,Industry,2019/6/26
China,0.131499,International Aviation,2019/6/26
China,10.225323,Power,2019/6/26
China,1.120362,Residential,2019/6/26
China,29.988797,Total,2019/6/26
China,0.178679,Domestic Aviation,2019/6/27
China,2.54533,Ground Transport,2019/6/27
China,16.422999,Industry,2019/6/27
China,0.129769,International Aviation,2019/6/27
China,10.545597,Power,2019/6/27
China,1.143031,Residential,2019/6/27
China,30.835636,Total,2019/6/27
China,0.178681,Domestic Aviation,2019/6/28
China,2.583571,Ground Transport,2019/6/28
China,16.731184,Industry,2019/6/28
China,0.12547,International Aviation,2019/6/28
China,10.74349,Power,2019/6/28
China,1.130216,Residential,2019/6/28
China,31.367142,Total,2019/6/28
China,0.173768,Domestic Aviation,2019/6/29
China,2.514231,Ground Transport,2019/6/29
China,17.088029,Industry,2019/6/29
China,0.131946,International Aviation,2019/6/29
China,10.972629,Power,2019/6/29
China,1.129635,Residential,2019/6/29
China,31.878292,Total,2019/6/29
China,0.178123,Domestic Aviation,2019/6/30
China,2.450598,Ground Transport,2019/6/30
China,16.775789,Industry,2019/6/30
China,0.132607,International Aviation,2019/6/30
China,10.772132,Power,2019/6/30
China,1.121326,Residential,2019/6/30
China,31.297969,Total,2019/6/30
China,0.183245,Domestic Aviation,2019/7/1
China,2.324462,Ground Transport,2019/7/1
China,14.465344,Industry,2019/7/1
China,0.123707,International Aviation,2019/7/1
China,10.581365,Power,2019/7/1
China,1.080601,Residential,2019/7/1
China,28.635017,Total,2019/7/1
China,0.179586,Domestic Aviation,2019/7/2
China,2.330625,Ground Transport,2019/7/2
China,14.277089,Industry,2019/7/2
China,0.121544,International Aviation,2019/7/2
China,10.443658,Power,2019/7/2
China,1.077643,Residential,2019/7/2
China,28.308601,Total,2019/7/2
China,0.183908,Domestic Aviation,2019/7/3
China,2.32866,Ground Transport,2019/7/3
China,15.036831,Industry,2019/7/3
China,0.131198,International Aviation,2019/7/3
China,10.999407,Power,2019/7/3
China,1.082948,Residential,2019/7/3
China,29.631753,Total,2019/7/3
China,0.18521,Domestic Aviation,2019/7/4
China,2.331377,Ground Transport,2019/7/4
China,14.45862,Industry,2019/7/4
China,0.130782,International Aviation,2019/7/4
China,10.576447,Power,2019/7/4
China,1.079577,Residential,2019/7/4
China,28.631232,Total,2019/7/4
China,0.176956,Domestic Aviation,2019/7/5
China,2.366404,Ground Transport,2019/7/5
China,14.001431,Industry,2019/7/5
China,0.129385,International Aviation,2019/7/5
China,10.242014,Power,2019/7/5
China,1.09162,Residential,2019/7/5
China,27.878425,Total,2019/7/5
China,0.173963,Domestic Aviation,2019/7/6
China,2.302892,Ground Transport,2019/7/6
China,13.453475,Industry,2019/7/6
China,0.131475,International Aviation,2019/7/6
China,9.841186,Power,2019/7/6
China,1.090013,Residential,2019/7/6
China,26.86153,Total,2019/7/6
China,0.182731,Domestic Aviation,2019/7/7
China,2.244608,Ground Transport,2019/7/7
China,13.355987,Industry,2019/7/7
China,0.131625,International Aviation,2019/7/7
China,9.769873,Power,2019/7/7
China,1.089994,Residential,2019/7/7
China,26.643193,Total,2019/7/7
China,0.184146,Domestic Aviation,2019/7/8
China,2.324462,Ground Transport,2019/7/8
China,13.668624,Industry,2019/7/8
China,0.12618,International Aviation,2019/7/8
China,9.998566,Power,2019/7/8
China,1.101973,Residential,2019/7/8
China,27.277771,Total,2019/7/8
China,0.180634,Domestic Aviation,2019/7/9
China,2.330625,Ground Transport,2019/7/9
China,14.277089,Industry,2019/7/9
China,0.127584,International Aviation,2019/7/9
China,10.443658,Power,2019/7/9
China,1.096807,Residential,2019/7/9
China,28.328813,Total,2019/7/9
China,0.183455,Domestic Aviation,2019/7/10
China,2.32866,Ground Transport,2019/7/10
China,14.93598,Industry,2019/7/10
China,0.132886,International Aviation,2019/7/10
China,10.925635,Power,2019/7/10
China,1.087749,Residential,2019/7/10
China,29.461479,Total,2019/7/10
China,0.185728,Domestic Aviation,2019/7/11
China,2.331377,Ground Transport,2019/7/11
China,14.878831,Industry,2019/7/11
China,0.132734,International Aviation,2019/7/11
China,10.883831,Power,2019/7/11
China,1.090696,Residential,2019/7/11
China,29.370463,Total,2019/7/11
China,0.185004,Domestic Aviation,2019/7/12
China,2.366404,Ground Transport,2019/7/12
China,14.962873,Industry,2019/7/12
China,0.130202,International Aviation,2019/7/12
China,10.945307,Power,2019/7/12
China,1.085054,Residential,2019/7/12
China,29.544643,Total,2019/7/12
China,0.184258,Domestic Aviation,2019/7/13
China,2.302892,Ground Transport,2019/7/13
China,14.798151,Industry,2019/7/13
China,0.130612,International Aviation,2019/7/13
China,10.824813,Power,2019/7/13
China,1.082373,Residential,2019/7/13
China,29.192486,Total,2019/7/13
China,0.18711,Domestic Aviation,2019/7/14
China,2.244608,Ground Transport,2019/7/14
China,14.825044,Industry,2019/7/14
China,0.133417,International Aviation,2019/7/14
China,10.844486,Power,2019/7/14
China,1.083957,Residential,2019/7/14
China,29.185206,Total,2019/7/14
China,0.188909,Domestic Aviation,2019/7/15
China,2.324462,Ground Transport,2019/7/15
China,14.865384,Industry,2019/7/15
China,0.123647,International Aviation,2019/7/15
China,10.873994,Power,2019/7/15
China,1.088858,Residential,2019/7/15
China,29.341608,Total,2019/7/15
China,0.187072,Domestic Aviation,2019/7/16
China,2.330625,Ground Transport,2019/7/16
China,14.872108,Industry,2019/7/16
China,0.12796,International Aviation,2019/7/16
China,10.878912,Power,2019/7/16
China,1.079623,Residential,2019/7/16
China,29.348341,Total,2019/7/16
China,0.191425,Domestic Aviation,2019/7/17
China,2.32866,Ground Transport,2019/7/17
China,15.880614,Industry,2019/7/17
China,0.127794,International Aviation,2019/7/17
China,11.616633,Power,2019/7/17
China,1.075822,Residential,2019/7/17
China,31.093154,Total,2019/7/17
China,0.189343,Domestic Aviation,2019/7/18
China,2.331377,Ground Transport,2019/7/18
China,16.05206,Industry,2019/7/18
China,0.133565,International Aviation,2019/7/18
China,11.742045,Power,2019/7/18
China,1.077367,Residential,2019/7/18
China,31.392192,Total,2019/7/18
China,0.18973,Domestic Aviation,2019/7/19
China,2.366404,Ground Transport,2019/7/19
China,16.48908,Industry,2019/7/19
China,0.130541,International Aviation,2019/7/19
China,12.061724,Power,2019/7/19
China,1.078321,Residential,2019/7/19
China,32.185258,Total,2019/7/19
China,0.190013,Domestic Aviation,2019/7/20
China,2.302892,Ground Transport,2019/7/20
China,16.31091,Industry,2019/7/20
China,0.131512,International Aviation,2019/7/20
China,11.931393,Power,2019/7/20
China,1.074033,Residential,2019/7/20
China,31.809241,Total,2019/7/20
China,0.187112,Domestic Aviation,2019/7/21
China,2.244608,Ground Transport,2019/7/21
China,16.394952,Industry,2019/7/21
China,0.133053,International Aviation,2019/7/21
China,11.99287,Power,2019/7/21
China,1.080256,Residential,2019/7/21
China,31.899798,Total,2019/7/21
China,0.187489,Domestic Aviation,2019/7/22
China,2.324462,Ground Transport,2019/7/22
China,16.368059,Industry,2019/7/22
China,0.122303,International Aviation,2019/7/22
China,11.973197,Power,2019/7/22
China,1.079774,Residential,2019/7/22
China,31.932981,Total,2019/7/22
China,0.190103,Domestic Aviation,2019/7/23
China,2.330625,Ground Transport,2019/7/23
China,16.862227,Industry,2019/7/23
China,0.12833,International Aviation,2019/7/23
China,12.33468,Power,2019/7/23
China,1.078048,Residential,2019/7/23
China,32.795684,Total,2019/7/23
China,0.190285,Domestic Aviation,2019/7/24
China,2.32866,Ground Transport,2019/7/24
China,16.821887,Industry,2019/7/24
China,0.131374,International Aviation,2019/7/24
China,12.305171,Power,2019/7/24
China,1.084492,Residential,2019/7/24
China,32.730496,Total,2019/7/24
China,0.191537,Domestic Aviation,2019/7/25
China,2.331377,Ground Transport,2019/7/25
China,16.852142,Industry,2019/7/25
China,0.131966,International Aviation,2019/7/25
China,12.327303,Power,2019/7/25
China,1.079061,Residential,2019/7/25
China,32.78142,Total,2019/7/25
China,0.190294,Domestic Aviation,2019/7/26
China,2.366404,Ground Transport,2019/7/26
China,16.98661,Industry,2019/7/26
China,0.130616,International Aviation,2019/7/26
China,12.425666,Power,2019/7/26
China,1.074325,Residential,2019/7/26
China,33.043299,Total,2019/7/26
China,0.190161,Domestic Aviation,2019/7/27
China,2.302892,Ground Transport,2019/7/27
China,17.211843,Industry,2019/7/27
China,0.129157,International Aviation,2019/7/27
China,12.590423,Power,2019/7/27
China,1.072167,Residential,2019/7/27
China,33.367486,Total,2019/7/27
China,0.190115,Domestic Aviation,2019/7/28
China,2.244608,Ground Transport,2019/7/28
China,17.174864,Industry,2019/7/28
China,0.132776,International Aviation,2019/7/28
China,12.563373,Power,2019/7/28
China,1.07612,Residential,2019/7/28
China,33.249081,Total,2019/7/28
China,0.180591,Domestic Aviation,2019/7/29
China,2.324462,Ground Transport,2019/7/29
China,16.613462,Industry,2019/7/29
China,0.121266,International Aviation,2019/7/29
China,12.152709,Power,2019/7/29
China,1.07571,Residential,2019/7/29
China,32.346935,Total,2019/7/29
China,0.186911,Domestic Aviation,2019/7/30
China,2.330625,Ground Transport,2019/7/30
China,17.030312,Industry,2019/7/30
China,0.125831,International Aviation,2019/7/30
China,12.457633,Power,2019/7/30
China,1.077004,Residential,2019/7/30
China,33.082485,Total,2019/7/30
China,0.185364,Domestic Aviation,2019/7/31
China,2.32866,Ground Transport,2019/7/31
China,17.100907,Industry,2019/7/31
China,0.127546,International Aviation,2019/7/31
China,12.509274,Power,2019/7/31
China,1.078111,Residential,2019/7/31
China,33.202316,Total,2019/7/31
China,0.184478,Domestic Aviation,2019/8/1
China,2.462026,Ground Transport,2019/8/1
China,15.788883,Industry,2019/8/1
China,0.130023,International Aviation,2019/8/1
China,11.858103,Power,2019/8/1
China,1.074983,Residential,2019/8/1
China,31.368473,Total,2019/8/1
China,0.184587,Domestic Aviation,2019/8/2
China,2.499015,Ground Transport,2019/8/2
China,15.566235,Industry,2019/8/2
China,0.134964,International Aviation,2019/8/2
China,11.690886,Power,2019/8/2
China,1.082268,Residential,2019/8/2
China,31.022992,Total,2019/8/2
China,0.190239,Domestic Aviation,2019/8/3
China,2.431944,Ground Transport,2019/8/3
China,15.114579,Industry,2019/8/3
China,0.130582,International Aviation,2019/8/3
China,11.351673,Power,2019/8/3
China,1.074535,Residential,2019/8/3
China,30.162971,Total,2019/8/3
China,0.190595,Domestic Aviation,2019/8/4
China,2.370394,Ground Transport,2019/8/4
China,14.83468,Industry,2019/8/4
China,0.132216,International Aviation,2019/8/4
China,11.141457,Power,2019/8/4
China,1.077496,Residential,2019/8/4
China,29.614622,Total,2019/8/4
China,0.185871,Domestic Aviation,2019/8/5
China,2.454723,Ground Transport,2019/8/5
China,15.003255,Industry,2019/8/5
China,0.115764,International Aviation,2019/8/5
China,11.268065,Power,2019/8/5
China,1.08042,Residential,2019/8/5
China,29.992334,Total,2019/8/5
China,0.187663,Domestic Aviation,2019/8/6
China,2.461231,Ground Transport,2019/8/6
China,15.054146,Industry,2019/8/6
China,0.124892,International Aviation,2019/8/6
China,11.306286,Power,2019/8/6
China,1.076509,Residential,2019/8/6
China,30.085836,Total,2019/8/6
China,0.191617,Domestic Aviation,2019/8/7
China,2.459157,Ground Transport,2019/8/7
China,15.49626,Industry,2019/8/7
China,0.129983,International Aviation,2019/8/7
China,11.638332,Power,2019/8/7
China,1.07637,Residential,2019/8/7
China,30.861736,Total,2019/8/7
China,0.190565,Domestic Aviation,2019/8/8
China,2.462026,Ground Transport,2019/8/8
China,15.807967,Industry,2019/8/8
China,0.128203,International Aviation,2019/8/8
China,11.872436,Power,2019/8/8
China,1.08629,Residential,2019/8/8
China,31.419285,Total,2019/8/8
China,0.166022,Domestic Aviation,2019/8/9
China,2.499015,Ground Transport,2019/8/9
China,15.935194,Industry,2019/8/9
China,0.124774,International Aviation,2019/8/9
China,11.967989,Power,2019/8/9
China,1.085388,Residential,2019/8/9
China,31.653609,Total,2019/8/9
China,0.139211,Domestic Aviation,2019/8/10
China,2.431944,Ground Transport,2019/8/10
China,15.77616,Industry,2019/8/10
China,0.109718,International Aviation,2019/8/10
China,11.848548,Power,2019/8/10
China,1.084323,Residential,2019/8/10
China,31.280187,Total,2019/8/10
China,0.17357,Domestic Aviation,2019/8/11
China,2.370394,Ground Transport,2019/8/11
China,15.63621,Industry,2019/8/11
China,0.13162,International Aviation,2019/8/11
China,11.74344,Power,2019/8/11
China,1.076931,Residential,2019/8/11
China,31.000546,Total,2019/8/11
China,0.189287,Domestic Aviation,2019/8/12
China,2.454723,Ground Transport,2019/8/12
China,15.216361,Industry,2019/8/12
China,0.120929,International Aviation,2019/8/12
China,11.428116,Power,2019/8/12
China,1.073796,Residential,2019/8/12
China,30.362282,Total,2019/8/12
China,0.18877,Domestic Aviation,2019/8/13
China,2.461231,Ground Transport,2019/8/13
China,15.486718,Industry,2019/8/13
China,0.117091,International Aviation,2019/8/13
China,11.631165,Power,2019/8/13
China,1.079667,Residential,2019/8/13
China,30.847552,Total,2019/8/13
China,0.192818,Domestic Aviation,2019/8/14
China,2.459157,Ground Transport,2019/8/14
China,15.970181,Industry,2019/8/14
China,0.127724,International Aviation,2019/8/14
China,11.994266,Power,2019/8/14
China,1.077132,Residential,2019/8/14
China,31.693553,Total,2019/8/14
China,0.186596,Domestic Aviation,2019/8/15
China,2.462026,Ground Transport,2019/8/15
China,16.275526,Industry,2019/8/15
China,0.127876,International Aviation,2019/8/15
China,12.223593,Power,2019/8/15
China,1.076178,Residential,2019/8/15
China,32.223919,Total,2019/8/15
China,0.186838,Domestic Aviation,2019/8/16
China,2.499015,Ground Transport,2019/8/16
China,16.138757,Industry,2019/8/16
China,0.133112,International Aviation,2019/8/16
China,12.120874,Power,2019/8/16
China,1.084071,Residential,2019/8/16
China,32.029555,Total,2019/8/16
China,0.186702,Domestic Aviation,2019/8/17
China,2.431944,Ground Transport,2019/8/17
China,15.897026,Industry,2019/8/17
China,0.128953,International Aviation,2019/8/17
China,11.939323,Power,2019/8/17
China,1.081708,Residential,2019/8/17
China,31.536703,Total,2019/8/17
China,0.187698,Domestic Aviation,2019/8/18
China,2.370394,Ground Transport,2019/8/18
China,15.241806,Industry,2019/8/18
China,0.134134,International Aviation,2019/8/18
China,11.447226,Power,2019/8/18
China,1.078361,Residential,2019/8/18
China,30.325486,Total,2019/8/18
China,0.186004,Domestic Aviation,2019/8/19
China,2.454723,Ground Transport,2019/8/19
China,15.044604,Industry,2019/8/19
China,0.12401,International Aviation,2019/8/19
China,11.299119,Power,2019/8/19
China,1.07828,Residential,2019/8/19
China,30.062731,Total,2019/8/19
China,0.187355,Domestic Aviation,2019/8/20
China,2.461231,Ground Transport,2019/8/20
China,15.279974,Industry,2019/8/20
China,0.132196,International Aviation,2019/8/20
China,11.475892,Power,2019/8/20
China,1.092602,Residential,2019/8/20
China,30.497055,Total,2019/8/20
China,0.189101,Domestic Aviation,2019/8/21
China,2.459157,Ground Transport,2019/8/21
China,15.550332,Industry,2019/8/21
China,0.130196,International Aviation,2019/8/21
China,11.678942,Power,2019/8/21
China,1.090304,Residential,2019/8/21
China,30.967835,Total,2019/8/21
China,0.18722,Domestic Aviation,2019/8/22
China,2.462026,Ground Transport,2019/8/22
China,15.8684,Industry,2019/8/22
China,0.1319,International Aviation,2019/8/22
China,11.917824,Power,2019/8/22
China,1.09096,Residential,2019/8/22
China,31.526429,Total,2019/8/22
China,0.187294,Domestic Aviation,2019/8/23
China,2.499015,Ground Transport,2019/8/23
China,15.833412,Industry,2019/8/23
China,0.129274,International Aviation,2019/8/23
China,11.891547,Power,2019/8/23
China,1.086429,Residential,2019/8/23
China,31.497698,Total,2019/8/23
China,0.180777,Domestic Aviation,2019/8/24
China,2.431944,Ground Transport,2019/8/24
China,15.951097,Industry,2019/8/24
China,0.130518,International Aviation,2019/8/24
China,11.979933,Power,2019/8/24
China,1.089642,Residential,2019/8/24
China,31.633394,Total,2019/8/24
China,0.182955,Domestic Aviation,2019/8/25
China,2.370394,Ground Transport,2019/8/25
China,15.982904,Industry,2019/8/25
China,0.129806,International Aviation,2019/8/25
China,12.003821,Power,2019/8/25
China,1.076968,Residential,2019/8/25
China,31.617043,Total,2019/8/25
China,0.18747,Domestic Aviation,2019/8/26
China,2.454723,Ground Transport,2019/8/26
China,15.890664,Industry,2019/8/26
China,0.123655,International Aviation,2019/8/26
China,11.934546,Power,2019/8/26
China,1.091144,Residential,2019/8/26
China,31.558548,Total,2019/8/26
China,0.182407,Domestic Aviation,2019/8/27
China,2.461231,Ground Transport,2019/8/27
China,15.610765,Industry,2019/8/27
China,0.124305,International Aviation,2019/8/27
China,11.724329,Power,2019/8/27
China,1.082558,Residential,2019/8/27
China,31.06129,Total,2019/8/27
China,0.183255,Domestic Aviation,2019/8/28
China,2.459157,Ground Transport,2019/8/28
China,16.208732,Industry,2019/8/28
China,0.128972,International Aviation,2019/8/28
China,12.173428,Power,2019/8/28
China,1.096355,Residential,2019/8/28
China,32.120926,Total,2019/8/28
China,0.182401,Domestic Aviation,2019/8/29
China,2.462026,Ground Transport,2019/8/29
China,15.925652,Industry,2019/8/29
China,0.128666,International Aviation,2019/8/29
China,11.960823,Power,2019/8/29
China,1.093564,Residential,2019/8/29
China,31.624465,Total,2019/8/29
China,0.184778,Domestic Aviation,2019/8/30
China,2.499015,Ground Transport,2019/8/30
China,15.566235,Industry,2019/8/30
China,0.12674,International Aviation,2019/8/30
China,11.690886,Power,2019/8/30
China,1.105496,Residential,2019/8/30
China,31.046411,Total,2019/8/30
China,0.183991,Domestic Aviation,2019/8/31
China,2.431944,Ground Transport,2019/8/31
China,15.334046,Industry,2019/8/31
China,0.130893,International Aviation,2019/8/31
China,11.516502,Power,2019/8/31
China,1.103006,Residential,2019/8/31
China,30.56949,Total,2019/8/31
China,0.182727,Domestic Aviation,2019/9/1
China,2.464187,Ground Transport,2019/9/1
China,17.829274,Industry,2019/9/1
China,0.127032,International Aviation,2019/9/1
China,11.911396,Power,2019/9/1
China,1.116702,Residential,2019/9/1
China,33.504285,Total,2019/9/1
China,0.180333,Domestic Aviation,2019/9/2
China,2.551852,Ground Transport,2019/9/2
China,16.526865,Industry,2019/9/2
China,0.121431,International Aviation,2019/9/2
China,11.041281,Power,2019/9/2
China,1.117222,Residential,2019/9/2
China,31.417552,Total,2019/9/2
China,0.18247,Domestic Aviation,2019/9/3
China,2.558618,Ground Transport,2019/9/3
China,16.452653,Industry,2019/9/3
China,0.121621,International Aviation,2019/9/3
China,10.991702,Power,2019/9/3
China,1.113154,Residential,2019/9/3
China,31.298597,Total,2019/9/3
China,0.181631,Domestic Aviation,2019/9/4
China,2.556461,Ground Transport,2019/9/4
China,16.541707,Industry,2019/9/4
China,0.128413,International Aviation,2019/9/4
China,11.051197,Power,2019/9/4
China,1.109975,Residential,2019/9/4
China,31.440971,Total,2019/9/4
China,0.180776,Domestic Aviation,2019/9/5
China,2.559444,Ground Transport,2019/9/5
China,16.549128,Industry,2019/9/5
China,0.122682,International Aviation,2019/9/5
China,11.056155,Power,2019/9/5
China,1.108605,Residential,2019/9/5
China,31.454108,Total,2019/9/5
China,0.180744,Domestic Aviation,2019/9/6
China,2.597897,Ground Transport,2019/9/6
China,16.478627,Industry,2019/9/6
China,0.125758,International Aviation,2019/9/6
China,11.009055,Power,2019/9/6
China,1.109173,Residential,2019/9/6
China,31.375496,Total,2019/9/6
China,0.180615,Domestic Aviation,2019/9/7
China,2.528172,Ground Transport,2019/9/7
China,16.523154,Industry,2019/9/7
China,0.127297,International Aviation,2019/9/7
China,11.038802,Power,2019/9/7
China,1.108489,Residential,2019/9/7
China,31.379232,Total,2019/9/7
China,0.182568,Domestic Aviation,2019/9/8
China,2.464187,Ground Transport,2019/9/8
China,16.82371,Industry,2019/9/8
China,0.128441,International Aviation,2019/9/8
China,11.239598,Power,2019/9/8
China,1.109628,Residential,2019/9/8
China,31.81969,Total,2019/9/8
China,0.180768,Domestic Aviation,2019/9/9
China,2.551852,Ground Transport,2019/9/9
China,16.949869,Industry,2019/9/9
China,0.121095,International Aviation,2019/9/9
China,11.323882,Power,2019/9/9
China,1.137338,Residential,2019/9/9
China,32.14371,Total,2019/9/9
China,0.180489,Domestic Aviation,2019/9/10
China,2.558618,Ground Transport,2019/9/10
China,17.391427,Industry,2019/9/10
China,0.117455,International Aviation,2019/9/10
China,11.618878,Power,2019/9/10
China,1.164647,Residential,2019/9/10
China,32.914059,Total,2019/9/10
China,0.181087,Domestic Aviation,2019/9/11
China,2.556461,Ground Transport,2019/9/11
China,17.573244,Industry,2019/9/11
China,0.123923,International Aviation,2019/9/11
China,11.740347,Power,2019/9/11
China,1.158308,Residential,2019/9/11
China,33.209447,Total,2019/9/11
China,0.183461,Domestic Aviation,2019/9/12
China,2.559444,Ground Transport,2019/9/12
China,17.428532,Industry,2019/9/12
China,0.124684,International Aviation,2019/9/12
China,11.643668,Power,2019/9/12
China,1.157579,Residential,2019/9/12
China,32.972683,Total,2019/9/12
China,0.166251,Domestic Aviation,2019/9/13
China,2.597897,Ground Transport,2019/9/13
China,17.517586,Industry,2019/9/13
China,0.126259,International Aviation,2019/9/13
China,11.703163,Power,2019/9/13
China,1.187002,Residential,2019/9/13
China,33.171899,Total,2019/9/13
China,0.162598,Domestic Aviation,2019/9/14
China,2.528172,Ground Transport,2019/9/14
China,17.291241,Industry,2019/9/14
China,0.123326,International Aviation,2019/9/14
China,11.551947,Power,2019/9/14
China,1.184601,Residential,2019/9/14
China,32.718559,Total,2019/9/14
China,0.179274,Domestic Aviation,2019/9/15
China,2.464187,Ground Transport,2019/9/15
China,15.862673,Industry,2019/9/15
China,0.130203,International Aviation,2019/9/15
China,10.597548,Power,2019/9/15
China,1.188146,Residential,2019/9/15
China,30.291827,Total,2019/9/15
China,0.183166,Domestic Aviation,2019/9/16
China,2.551852,Ground Transport,2019/9/16
China,16.063044,Industry,2019/9/16
China,0.119059,International Aviation,2019/9/16
China,10.731411,Power,2019/9/16
China,1.206511,Residential,2019/9/16
China,30.735984,Total,2019/9/16
China,0.180484,Domestic Aviation,2019/9/17
China,2.558618,Ground Transport,2019/9/17
China,16.077886,Industry,2019/9/17
China,0.123728,International Aviation,2019/9/17
China,10.741327,Power,2019/9/17
China,1.2157,Residential,2019/9/17
China,30.774016,Total,2019/9/17
China,0.181786,Domestic Aviation,2019/9/18
China,2.556461,Ground Transport,2019/9/18
China,15.818146,Industry,2019/9/18
China,0.124656,International Aviation,2019/9/18
China,10.5678,Power,2019/9/18
China,1.246802,Residential,2019/9/18
China,30.370995,Total,2019/9/18
China,0.180507,Domestic Aviation,2019/9/19
China,2.559444,Ground Transport,2019/9/19
China,15.751356,Industry,2019/9/19
China,0.126437,International Aviation,2019/9/19
China,10.523179,Power,2019/9/19
China,1.2379,Residential,2019/9/19
China,30.252385,Total,2019/9/19
China,0.182987,Domestic Aviation,2019/9/20
China,2.597897,Ground Transport,2019/9/20
China,15.18735,Industry,2019/9/20
China,0.127197,International Aviation,2019/9/20
China,10.146377,Power,2019/9/20
China,1.213334,Residential,2019/9/20
China,29.327945,Total,2019/9/20
China,0.180869,Domestic Aviation,2019/9/21
China,2.528172,Ground Transport,2019/9/21
China,15.276404,Industry,2019/9/21
China,0.128225,International Aviation,2019/9/21
China,10.205872,Power,2019/9/21
China,1.220373,Residential,2019/9/21
China,29.41169,Total,2019/9/21
China,0.180508,Domestic Aviation,2019/9/22
China,2.464187,Ground Transport,2019/9/22
China,14.723529,Industry,2019/9/22
China,0.130344,International Aviation,2019/9/22
China,9.836507,Power,2019/9/22
China,1.192992,Residential,2019/9/22
China,28.397723,Total,2019/9/22
China,0.180828,Domestic Aviation,2019/9/23
China,2.551852,Ground Transport,2019/9/23
China,14.263419,Industry,2019/9/23
China,0.119412,International Aviation,2019/9/23
China,9.529116,Power,2019/9/23
China,1.179914,Residential,2019/9/23
China,27.705129,Total,2019/9/23
China,0.179549,Domestic Aviation,2019/9/24
China,2.558618,Ground Transport,2019/9/24
China,13.936889,Industry,2019/9/24
China,0.120165,International Aviation,2019/9/24
China,9.310968,Power,2019/9/24
China,1.204283,Residential,2019/9/24
China,27.190307,Total,2019/9/24
China,0.182129,Domestic Aviation,2019/9/25
China,2.556461,Ground Transport,2019/9/25
China,14.935031,Industry,2019/9/25
China,0.12926,International Aviation,2019/9/25
China,9.977808,Power,2019/9/25
China,1.186317,Residential,2019/9/25
China,28.837746,Total,2019/9/25
China,0.181607,Domestic Aviation,2019/9/26
China,2.559444,Ground Transport,2019/9/26
China,15.194771,Industry,2019/9/26
China,0.127353,International Aviation,2019/9/26
China,10.151335,Power,2019/9/26
China,1.168864,Residential,2019/9/26
China,29.256021,Total,2019/9/26
China,0.184777,Domestic Aviation,2019/9/27
China,2.597897,Ground Transport,2019/9/27
China,15.432247,Industry,2019/9/27
China,0.127313,International Aviation,2019/9/27
China,10.309988,Power,2019/9/27
China,1.156243,Residential,2019/9/27
China,29.681152,Total,2019/9/27
China,0.183144,Domestic Aviation,2019/9/28
China,2.528172,Ground Transport,2019/9/28
China,15.020374,Industry,2019/9/28
China,0.128712,International Aviation,2019/9/28
China,10.034824,Power,2019/9/28
China,1.143481,Residential,2019/9/28
China,28.909995,Total,2019/9/28
China,0.184186,Domestic Aviation,2019/9/29
China,2.464187,Ground Transport,2019/9/29
China,15.209613,Industry,2019/9/29
China,0.130944,International Aviation,2019/9/29
China,10.161251,Power,2019/9/29
China,1.16536,Residential,2019/9/29
China,29.184596,Total,2019/9/29
China,0.186598,Domestic Aviation,2019/9/30
China,2.551852,Ground Transport,2019/9/30
China,15.272693,Industry,2019/9/30
China,0.120776,International Aviation,2019/9/30
China,10.203393,Power,2019/9/30
China,1.139223,Residential,2019/9/30
China,29.353759,Total,2019/9/30
China,0.161798,Domestic Aviation,2019/10/1
China,2.499971,Ground Transport,2019/10/1
China,15.614018,Industry,2019/10/1
China,0.116947,International Aviation,2019/10/1
China,9.871103,Power,2019/10/1
China,1.097655,Residential,2019/10/1
China,29.244545,Total,2019/10/1
China,0.184663,Domestic Aviation,2019/10/2
China,2.497864,Ground Transport,2019/10/2
China,14.721146,Industry,2019/10/2
China,0.124026,International Aviation,2019/10/2
China,9.306633,Power,2019/10/2
China,1.114163,Residential,2019/10/2
China,27.824468,Total,2019/10/2
China,0.177833,Domestic Aviation,2019/10/3
China,2.500778,Ground Transport,2019/10/3
China,14.679878,Industry,2019/10/3
China,0.121525,International Aviation,2019/10/3
China,9.280545,Power,2019/10/3
China,1.216279,Residential,2019/10/3
China,27.855313,Total,2019/10/3
China,0.178753,Domestic Aviation,2019/10/4
China,2.53835,Ground Transport,2019/10/4
China,14.758661,Industry,2019/10/4
China,0.117581,International Aviation,2019/10/4
China,9.330351,Power,2019/10/4
China,1.412675,Residential,2019/10/4
China,28.21879,Total,2019/10/4
China,0.184348,Domestic Aviation,2019/10/5
China,2.470223,Ground Transport,2019/10/5
China,15.336403,Industry,2019/10/5
China,0.119868,International Aviation,2019/10/5
China,9.695596,Power,2019/10/5
China,1.456317,Residential,2019/10/5
China,29.142887,Total,2019/10/5
China,0.186456,Domestic Aviation,2019/10/6
China,2.407705,Ground Transport,2019/10/6
China,15.227607,Industry,2019/10/6
China,0.119359,International Aviation,2019/10/6
China,9.626816,Power,2019/10/6
China,1.48818,Residential,2019/10/6
China,28.936763,Total,2019/10/6
China,0.186635,Domestic Aviation,2019/10/7
China,2.49336,Ground Transport,2019/10/7
China,15.400179,Industry,2019/10/7
China,0.112242,International Aviation,2019/10/7
China,9.735915,Power,2019/10/7
China,1.367737,Residential,2019/10/7
China,29.183827,Total,2019/10/7
China,0.184417,Domestic Aviation,2019/10/8
China,2.499971,Ground Transport,2019/10/8
China,15.606515,Industry,2019/10/8
China,0.119396,International Aviation,2019/10/8
China,9.86636,Power,2019/10/8
China,1.354937,Residential,2019/10/8
China,29.5122,Total,2019/10/8
China,0.184729,Domestic Aviation,2019/10/9
China,2.497864,Ground Transport,2019/10/9
China,15.460204,Industry,2019/10/9
China,0.121923,International Aviation,2019/10/9
China,9.773863,Power,2019/10/9
China,1.267102,Residential,2019/10/9
China,29.183762,Total,2019/10/9
China,0.178506,Domestic Aviation,2019/10/10
China,2.500778,Ground Transport,2019/10/10
China,15.704056,Industry,2019/10/10
China,0.124114,International Aviation,2019/10/10
China,9.928024,Power,2019/10/10
China,1.293376,Residential,2019/10/10
China,29.604741,Total,2019/10/10
China,0.178935,Domestic Aviation,2019/10/11
China,2.53835,Ground Transport,2019/10/11
China,15.760329,Industry,2019/10/11
China,0.122948,International Aviation,2019/10/11
China,9.9636,Power,2019/10/11
China,1.325398,Residential,2019/10/11
China,29.766613,Total,2019/10/11
China,0.177729,Domestic Aviation,2019/10/12
China,2.470223,Ground Transport,2019/10/12
China,15.992927,Industry,2019/10/12
China,0.116531,International Aviation,2019/10/12
China,10.110647,Power,2019/10/12
China,1.363196,Residential,2019/10/12
China,30.114722,Total,2019/10/12
China,0.179744,Domestic Aviation,2019/10/13
China,2.407705,Ground Transport,2019/10/13
China,16.150492,Industry,2019/10/13
China,0.130121,International Aviation,2019/10/13
China,10.210259,Power,2019/10/13
China,1.500171,Residential,2019/10/13
China,30.448371,Total,2019/10/13
China,0.181481,Domestic Aviation,2019/10/14
China,2.49336,Ground Transport,2019/10/14
China,15.824106,Industry,2019/10/14
China,0.117716,International Aviation,2019/10/14
China,10.003919,Power,2019/10/14
China,1.692822,Residential,2019/10/14
China,30.195689,Total,2019/10/14
China,0.17956,Domestic Aviation,2019/10/15
China,2.499971,Ground Transport,2019/10/15
China,15.505223,Industry,2019/10/15
China,0.12329,International Aviation,2019/10/15
China,9.802323,Power,2019/10/15
China,1.67061,Residential,2019/10/15
China,29.657688,Total,2019/10/15
China,0.18247,Domestic Aviation,2019/10/16
China,2.497864,Ground Transport,2019/10/16
China,15.16383,Industry,2019/10/16
China,0.123098,International Aviation,2019/10/16
China,9.586497,Power,2019/10/16
China,1.64352,Residential,2019/10/16
China,29.07418,Total,2019/10/16
China,0.181771,Domestic Aviation,2019/10/17
China,2.500778,Ground Transport,2019/10/17
China,15.358912,Industry,2019/10/17
China,0.121003,International Aviation,2019/10/17
China,9.709826,Power,2019/10/17
China,1.562057,Residential,2019/10/17
China,29.313344,Total,2019/10/17
China,0.183846,Domestic Aviation,2019/10/18
China,2.53835,Ground Transport,2019/10/18
China,15.576503,Industry,2019/10/18
China,0.12555,International Aviation,2019/10/18
China,9.847386,Power,2019/10/18
China,1.478643,Residential,2019/10/18
China,29.624728,Total,2019/10/18
China,0.183423,Domestic Aviation,2019/10/19
China,2.470223,Ground Transport,2019/10/19
China,15.640279,Industry,2019/10/19
China,0.126629,International Aviation,2019/10/19
China,9.887705,Power,2019/10/19
China,1.348941,Residential,2019/10/19
China,29.530572,Total,2019/10/19
China,0.181899,Domestic Aviation,2019/10/20
China,2.407705,Ground Transport,2019/10/20
China,15.452701,Industry,2019/10/20
China,0.129143,International Aviation,2019/10/20
China,9.769119,Power,2019/10/20
China,1.361884,Residential,2019/10/20
China,29.173308,Total,2019/10/20
China,0.182916,Domestic Aviation,2019/10/21
China,2.49336,Ground Transport,2019/10/21
China,15.160079,Industry,2019/10/21
China,0.115996,International Aviation,2019/10/21
China,9.584125,Power,2019/10/21
China,1.404797,Residential,2019/10/21
China,28.825277,Total,2019/10/21
China,0.181416,Domestic Aviation,2019/10/22
China,2.538407,Ground Transport,2019/10/22
China,15.448949,Industry,2019/10/22
China,0.121612,International Aviation,2019/10/22
China,9.766747,Power,2019/10/22
China,1.408092,Residential,2019/10/22
China,29.343612,Total,2019/10/22
China,0.182939,Domestic Aviation,2019/10/23
China,2.541365,Ground Transport,2019/10/23
China,15.884131,Industry,2019/10/23
China,0.12585,International Aviation,2019/10/23
China,10.041867,Power,2019/10/23
China,1.395397,Residential,2019/10/23
China,30.0457,Total,2019/10/23
China,0.181382,Domestic Aviation,2019/10/24
China,2.549424,Ground Transport,2019/10/24
China,16.026691,Industry,2019/10/24
China,0.126258,International Aviation,2019/10/24
China,10.131992,Power,2019/10/24
China,1.525904,Residential,2019/10/24
China,30.415393,Total,2019/10/24
China,0.184004,Domestic Aviation,2019/10/25
China,2.600532,Ground Transport,2019/10/25
China,15.891634,Industry,2019/10/25
China,0.126077,International Aviation,2019/10/25
China,10.04661,Power,2019/10/25
China,1.862987,Residential,2019/10/25
China,30.585768,Total,2019/10/25
China,0.177557,Domestic Aviation,2019/10/26
China,2.547689,Ground Transport,2019/10/26
China,15.685298,Industry,2019/10/26
China,0.126823,International Aviation,2019/10/26
China,9.916166,Power,2019/10/26
China,1.880921,Residential,2019/10/26
China,30.207631,Total,2019/10/26
China,0.180919,Domestic Aviation,2019/10/27
China,2.453413,Ground Transport,2019/10/27
China,15.553993,Industry,2019/10/27
China,0.128594,International Aviation,2019/10/27
China,9.833156,Power,2019/10/27
China,1.707221,Residential,2019/10/27
China,29.728701,Total,2019/10/27
China,0.182335,Domestic Aviation,2019/10/28
China,2.545799,Ground Transport,2019/10/28
China,15.25762,Industry,2019/10/28
China,0.116117,International Aviation,2019/10/28
China,9.64579,Power,2019/10/28
China,1.721928,Residential,2019/10/28
China,29.353471,Total,2019/10/28
China,0.182119,Domestic Aviation,2019/10/29
China,2.532879,Ground Transport,2019/10/29
China,14.799929,Industry,2019/10/29
China,0.121101,International Aviation,2019/10/29
China,9.35644,Power,2019/10/29
China,1.67523,Residential,2019/10/29
China,28.546596,Total,2019/10/29
China,0.182867,Domestic Aviation,2019/10/30
China,2.525569,Ground Transport,2019/10/30
China,14.653617,Industry,2019/10/30
China,0.121275,International Aviation,2019/10/30
China,9.263942,Power,2019/10/30
China,1.482882,Residential,2019/10/30
China,28.108878,Total,2019/10/30
China,0.18046,Domestic Aviation,2019/10/31
China,2.532269,Ground Transport,2019/10/31
China,14.942488,Industry,2019/10/31
China,0.122666,International Aviation,2019/10/31
China,9.446565,Power,2019/10/31
China,1.475655,Residential,2019/10/31
China,28.577437,Total,2019/10/31
China,0.181314,Domestic Aviation,2019/11/1
China,2.464604,Ground Transport,2019/11/1
China,14.720236,Industry,2019/11/1
China,0.119981,International Aviation,2019/11/1
China,10.215311,Power,2019/11/1
China,1.515578,Residential,2019/11/1
China,29.097043,Total,2019/11/1
China,0.182764,Domestic Aviation,2019/11/2
China,2.414977,Ground Transport,2019/11/2
China,14.757175,Industry,2019/11/2
China,0.128224,International Aviation,2019/11/2
China,10.240945,Power,2019/11/2
China,1.589084,Residential,2019/11/2
China,29.184945,Total,2019/11/2
China,0.184101,Domestic Aviation,2019/11/3
China,2.327022,Ground Transport,2019/11/3
China,14.912319,Industry,2019/11/3
China,0.127192,International Aviation,2019/11/3
China,10.34861,Power,2019/11/3
China,1.737731,Residential,2019/11/3
China,29.509783,Total,2019/11/3
China,0.180917,Domestic Aviation,2019/11/4
China,2.41463,Ground Transport,2019/11/4
China,15.048994,Industry,2019/11/4
China,0.118325,International Aviation,2019/11/4
China,10.443457,Power,2019/11/4
China,1.777738,Residential,2019/11/4
China,29.865736,Total,2019/11/4
China,0.181625,Domestic Aviation,2019/11/5
China,2.422176,Ground Transport,2019/11/5
China,15.06377,Industry,2019/11/5
China,0.120175,International Aviation,2019/11/5
China,10.453711,Power,2019/11/5
China,1.786625,Residential,2019/11/5
China,29.907907,Total,2019/11/5
China,0.182664,Domestic Aviation,2019/11/6
China,2.417751,Ground Transport,2019/11/6
China,15.684347,Industry,2019/11/6
China,0.119888,International Aviation,2019/11/6
China,10.884369,Power,2019/11/6
China,1.808126,Residential,2019/11/6
China,30.977257,Total,2019/11/6
China,0.181049,Domestic Aviation,2019/11/7
China,2.418656,Ground Transport,2019/11/7
China,15.913369,Industry,2019/11/7
China,0.119966,International Aviation,2019/11/7
China,11.043302,Power,2019/11/7
China,1.910887,Residential,2019/11/7
China,31.467263,Total,2019/11/7
China,0.180837,Domestic Aviation,2019/11/8
China,2.473287,Ground Transport,2019/11/8
China,15.776695,Industry,2019/11/8
China,0.120215,International Aviation,2019/11/8
China,10.948455,Power,2019/11/8
China,1.918996,Residential,2019/11/8
China,31.29827,Total,2019/11/8
China,0.17976,Domestic Aviation,2019/11/9
China,2.41305,Ground Transport,2019/11/9
China,16.109147,Industry,2019/11/9
China,0.125711,International Aviation,2019/11/9
China,11.179165,Power,2019/11/9
China,1.777616,Residential,2019/11/9
China,31.658738,Total,2019/11/9
China,0.181215,Domestic Aviation,2019/11/10
China,2.336315,Ground Transport,2019/11/10
China,15.643714,Industry,2019/11/10
China,0.122123,International Aviation,2019/11/10
China,10.856171,Power,2019/11/10
China,1.757783,Residential,2019/11/10
China,30.775199,Total,2019/11/10
China,0.18038,Domestic Aviation,2019/11/11
China,2.436489,Ground Transport,2019/11/11
China,15.477488,Industry,2019/11/11
China,0.117301,International Aviation,2019/11/11
China,10.740816,Power,2019/11/11
China,1.669801,Residential,2019/11/11
China,30.504974,Total,2019/11/11
China,0.179993,Domestic Aviation,2019/11/12
China,2.422987,Ground Transport,2019/11/12
China,16.04635,Industry,2019/11/12
China,0.114908,International Aviation,2019/11/12
China,11.135586,Power,2019/11/12
China,1.640168,Residential,2019/11/12
China,31.425084,Total,2019/11/12
China,0.183008,Domestic Aviation,2019/11/13
China,2.429949,Ground Transport,2019/11/13
China,16.349251,Industry,2019/11/13
China,0.120625,International Aviation,2019/11/13
China,11.345788,Power,2019/11/13
China,2.166824,Residential,2019/11/13
China,32.47482,Total,2019/11/13
China,0.180929,Domestic Aviation,2019/11/14
China,2.434426,Ground Transport,2019/11/14
China,16.412047,Industry,2019/11/14
China,0.120441,International Aviation,2019/11/14
China,11.389367,Power,2019/11/14
China,2.112668,Residential,2019/11/14
China,32.529438,Total,2019/11/14
China,0.181444,Domestic Aviation,2019/11/15
China,2.488075,Ground Transport,2019/11/15
China,16.153474,Industry,2019/11/15
China,0.126336,International Aviation,2019/11/15
China,11.209926,Power,2019/11/15
China,1.985651,Residential,2019/11/15
China,32.018569,Total,2019/11/15
China,0.180061,Domestic Aviation,2019/11/16
China,2.407937,Ground Transport,2019/11/16
China,16.090677,Industry,2019/11/16
China,0.127454,International Aviation,2019/11/16
China,11.166348,Power,2019/11/16
China,1.858747,Residential,2019/11/16
China,31.703769,Total,2019/11/16
China,0.177738,Domestic Aviation,2019/11/17
China,2.366666,Ground Transport,2019/11/17
China,16.153474,Industry,2019/11/17
China,0.123356,International Aviation,2019/11/17
China,11.209926,Power,2019/11/17
China,2.167398,Residential,2019/11/17
China,32.075202,Total,2019/11/17
China,0.179142,Domestic Aviation,2019/11/18
China,2.457374,Ground Transport,2019/11/18
China,16.038962,Industry,2019/11/18
China,0.118145,International Aviation,2019/11/18
China,11.130459,Power,2019/11/18
China,2.69342,Residential,2019/11/18
China,32.499357,Total,2019/11/18
China,0.178679,Domestic Aviation,2019/11/19
China,2.450802,Ground Transport,2019/11/19
China,16.423129,Industry,2019/11/19
China,0.118814,International Aviation,2019/11/19
China,11.397057,Power,2019/11/19
China,2.561566,Residential,2019/11/19
China,33.011233,Total,2019/11/19
China,0.179252,Domestic Aviation,2019/11/20
China,2.440103,Ground Transport,2019/11/20
China,16.678009,Industry,2019/11/20
China,0.123023,International Aviation,2019/11/20
China,11.573935,Power,2019/11/20
China,2.32283,Residential,2019/11/20
China,33.194128,Total,2019/11/20
China,0.180111,Domestic Aviation,2019/11/21
China,2.42584,Ground Transport,2019/11/21
China,17.143442,Industry,2019/11/21
China,0.122051,International Aviation,2019/11/21
China,11.896928,Power,2019/11/21
China,2.141129,Residential,2019/11/21
China,33.787451,Total,2019/11/21
China,0.180684,Domestic Aviation,2019/11/22
China,2.476182,Ground Transport,2019/11/22
China,17.394628,Industry,2019/11/22
China,0.123771,International Aviation,2019/11/22
China,12.071242,Power,2019/11/22
China,1.841785,Residential,2019/11/22
China,33.964522,Total,2019/11/22
China,0.179157,Domestic Aviation,2019/11/23
China,2.411568,Ground Transport,2019/11/23
China,17.55716,Industry,2019/11/23
China,0.126256,International Aviation,2019/11/23
China,12.184033,Power,2019/11/23
China,1.851468,Residential,2019/11/23
China,34.183386,Total,2019/11/23
China,0.180423,Domestic Aviation,2019/11/24
China,2.351268,Ground Transport,2019/11/24
China,17.509139,Industry,2019/11/24
China,0.126314,International Aviation,2019/11/24
China,12.150709,Power,2019/11/24
China,2.459742,Residential,2019/11/24
China,34.65128,Total,2019/11/24
China,0.180504,Domestic Aviation,2019/11/25
China,2.464341,Ground Transport,2019/11/25
China,17.102809,Industry,2019/11/25
China,0.116794,International Aviation,2019/11/25
China,11.86873,Power,2019/11/25
China,2.842158,Residential,2019/11/25
China,34.458541,Total,2019/11/25
China,0.178305,Domestic Aviation,2019/11/26
China,2.452802,Ground Transport,2019/11/26
China,17.605181,Industry,2019/11/26
China,0.116201,International Aviation,2019/11/26
China,12.217358,Power,2019/11/26
China,2.657534,Residential,2019/11/26
China,35.11118,Total,2019/11/26
China,0.181051,Domestic Aviation,2019/11/27
China,2.472984,Ground Transport,2019/11/27
China,17.959796,Industry,2019/11/27
China,0.119559,International Aviation,2019/11/27
China,12.463449,Power,2019/11/27
China,2.811426,Residential,2019/11/27
China,35.888706,Total,2019/11/27
China,0.178956,Domestic Aviation,2019/11/28
China,2.441406,Ground Transport,2019/11/28
China,18.174043,Industry,2019/11/28
China,0.120992,International Aviation,2019/11/28
China,12.612128,Power,2019/11/28
China,2.871889,Residential,2019/11/28
China,36.278422,Total,2019/11/28
China,0.180436,Domestic Aviation,2019/11/29
China,2.475021,Ground Transport,2019/11/29
China,18.137104,Industry,2019/11/29
China,0.116723,International Aviation,2019/11/29
China,12.586494,Power,2019/11/29
China,2.725295,Residential,2019/11/29
China,36.104349,Total,2019/11/29
China,0.175355,Domestic Aviation,2019/11/30
China,2.428914,Ground Transport,2019/11/30
China,17.956102,Industry,2019/11/30
China,0.128158,International Aviation,2019/11/30
China,12.460885,Power,2019/11/30
China,2.693155,Residential,2019/11/30
China,35.714411,Total,2019/11/30
China,0.180354,Domestic Aviation,2019/12/1
China,2.290349,Ground Transport,2019/12/1
China,14.874395,Industry,2019/12/1
China,0.128245,International Aviation,2019/12/1
China,12.993151,Power,2019/12/1
China,2.829717,Residential,2019/12/1
China,33.167966,Total,2019/12/1
China,0.179185,Domestic Aviation,2019/12/2
China,2.396868,Ground Transport,2019/12/2
China,14.404773,Industry,2019/12/2
China,0.117948,International Aviation,2019/12/2
China,12.582924,Power,2019/12/2
China,2.976526,Residential,2019/12/2
China,32.540275,Total,2019/12/2
China,0.177294,Domestic Aviation,2019/12/3
China,2.398491,Ground Transport,2019/12/3
China,14.260273,Industry,2019/12/3
China,0.117808,International Aviation,2019/12/3
China,12.4567,Power,2019/12/3
China,2.831551,Residential,2019/12/3
China,32.124309,Total,2019/12/3
China,0.179271,Domestic Aviation,2019/12/4
China,2.397124,Ground Transport,2019/12/4
China,14.347575,Industry,2019/12/4
China,0.122889,International Aviation,2019/12/4
China,12.53296,Power,2019/12/4
China,2.808342,Residential,2019/12/4
China,32.265272,Total,2019/12/4
China,0.178878,Domestic Aviation,2019/12/5
China,2.404708,Ground Transport,2019/12/5
China,14.585397,Industry,2019/12/5
China,0.122989,International Aviation,2019/12/5
China,12.740703,Power,2019/12/5
China,2.946181,Residential,2019/12/5
China,32.855868,Total,2019/12/5
China,0.182148,Domestic Aviation,2019/12/6
China,2.439671,Ground Transport,2019/12/6
China,14.928583,Industry,2019/12/6
China,0.123446,International Aviation,2019/12/6
China,13.040485,Power,2019/12/6
China,3.009797,Residential,2019/12/6
China,33.600683,Total,2019/12/6
China,0.175555,Domestic Aviation,2019/12/7
China,2.37559,Ground Transport,2019/12/7
China,15.030936,Industry,2019/12/7
China,0.128762,International Aviation,2019/12/7
China,13.129893,Power,2019/12/7
China,2.963286,Residential,2019/12/7
China,33.675261,Total,2019/12/7
China,0.17539,Domestic Aviation,2019/12/8
China,2.292915,Ground Transport,2019/12/8
China,15.079103,Industry,2019/12/8
China,0.128133,International Aviation,2019/12/8
China,13.171968,Power,2019/12/8
China,2.754112,Residential,2019/12/8
China,33.473487,Total,2019/12/8
China,0.170948,Domestic Aviation,2019/12/9
China,2.402448,Ground Transport,2019/12/9
China,14.877406,Industry,2019/12/9
China,0.117485,International Aviation,2019/12/9
China,12.99578,Power,2019/12/9
China,2.633848,Residential,2019/12/9
China,33.08043,Total,2019/12/9
China,0.165521,Domestic Aviation,2019/12/10
China,2.399137,Ground Transport,2019/12/10
China,15.395195,Industry,2019/12/10
China,0.120428,International Aviation,2019/12/10
China,13.448082,Power,2019/12/10
China,2.578687,Residential,2019/12/10
China,33.986622,Total,2019/12/10
China,0.170039,Domestic Aviation,2019/12/11
China,2.395997,Ground Transport,2019/12/11
China,15.223602,Industry,2019/12/11
China,0.124931,International Aviation,2019/12/11
China,13.298191,Power,2019/12/11
China,2.69319,Residential,2019/12/11
China,33.781019,Total,2019/12/11
China,0.173207,Domestic Aviation,2019/12/12
China,2.40033,Ground Transport,2019/12/12
China,15.160384,Industry,2019/12/12
China,0.126375,International Aviation,2019/12/12
China,13.242968,Power,2019/12/12
China,2.620434,Residential,2019/12/12
China,33.597322,Total,2019/12/12
China,0.179762,Domestic Aviation,2019/12/13
China,2.433634,Ground Transport,2019/12/13
China,15.380143,Industry,2019/12/13
China,0.125886,International Aviation,2019/12/13
China,13.434934,Power,2019/12/13
China,2.475834,Residential,2019/12/13
China,33.904306,Total,2019/12/13
China,0.175974,Domestic Aviation,2019/12/14
China,2.353105,Ground Transport,2019/12/14
China,15.648069,Industry,2019/12/14
China,0.13029,International Aviation,2019/12/14
China,13.668973,Power,2019/12/14
China,2.482756,Residential,2019/12/14
China,34.328877,Total,2019/12/14
China,0.176036,Domestic Aviation,2019/12/15
China,2.288555,Ground Transport,2019/12/15
China,15.530663,Industry,2019/12/15
China,0.127878,International Aviation,2019/12/15
China,13.566417,Power,2019/12/15
China,2.356623,Residential,2019/12/15
China,33.918294,Total,2019/12/15
China,0.164537,Domestic Aviation,2019/12/16
China,2.408789,Ground Transport,2019/12/16
China,15.202529,Industry,2019/12/16
China,0.120609,International Aviation,2019/12/16
China,13.279784,Power,2019/12/16
China,2.314708,Residential,2019/12/16
China,33.370347,Total,2019/12/16
China,0.174122,Domestic Aviation,2019/12/17
China,2.420784,Ground Transport,2019/12/17
China,15.545715,Industry,2019/12/17
China,0.126239,International Aviation,2019/12/17
China,13.579565,Power,2019/12/17
China,2.637947,Residential,2019/12/17
China,34.358133,Total,2019/12/17
China,0.178867,Domestic Aviation,2019/12/18
China,2.427882,Ground Transport,2019/12/18
China,15.395195,Industry,2019/12/18
China,0.124176,International Aviation,2019/12/18
China,13.448082,Power,2019/12/18
China,2.980979,Residential,2019/12/18
China,34.431005,Total,2019/12/18
China,0.177435,Domestic Aviation,2019/12/19
China,2.402901,Ground Transport,2019/12/19
China,15.979213,Industry,2019/12/19
China,0.128396,International Aviation,2019/12/19
China,13.958236,Power,2019/12/19
China,3.074444,Residential,2019/12/19
China,35.592228,Total,2019/12/19
China,0.180024,Domestic Aviation,2019/12/20
China,2.453353,Ground Transport,2019/12/20
China,16.349492,Industry,2019/12/20
China,0.127557,International Aviation,2019/12/20
China,14.281684,Power,2019/12/20
China,2.97861,Residential,2019/12/20
China,36.243164,Total,2019/12/20
China,0.177043,Domestic Aviation,2019/12/21
China,2.401764,Ground Transport,2019/12/21
China,16.126722,Industry,2019/12/21
China,0.130472,International Aviation,2019/12/21
China,14.087089,Power,2019/12/21
China,2.866156,Residential,2019/12/21
China,35.658775,Total,2019/12/21
China,0.175666,Domestic Aviation,2019/12/22
China,2.264338,Ground Transport,2019/12/22
China,16.171879,Industry,2019/12/22
China,0.126441,International Aviation,2019/12/22
China,14.126534,Power,2019/12/22
China,2.826823,Residential,2019/12/22
China,35.56524,Total,2019/12/22
China,0.177387,Domestic Aviation,2019/12/23
China,2.413567,Ground Transport,2019/12/23
China,16.10565,Industry,2019/12/23
China,0.121212,International Aviation,2019/12/23
China,14.068682,Power,2019/12/23
China,2.846401,Residential,2019/12/23
China,35.611687,Total,2019/12/23
China,0.175478,Domestic Aviation,2019/12/24
China,2.432271,Ground Transport,2019/12/24
China,16.138764,Industry,2019/12/24
China,0.116398,International Aviation,2019/12/24
China,14.097608,Power,2019/12/24
China,2.732471,Residential,2019/12/24
China,35.576592,Total,2019/12/24
China,0.176359,Domestic Aviation,2019/12/25
China,2.429002,Ground Transport,2019/12/25
China,16.322399,Industry,2019/12/25
China,0.112261,International Aviation,2019/12/25
China,14.258017,Power,2019/12/25
China,2.746424,Residential,2019/12/25
China,35.932201,Total,2019/12/25
China,0.176164,Domestic Aviation,2019/12/26
China,2.399119,Ground Transport,2019/12/26
China,16.364544,Industry,2019/12/26
China,0.11295,International Aviation,2019/12/26
China,14.294832,Power,2019/12/26
China,3.083402,Residential,2019/12/26
China,36.318062,Total,2019/12/26
China,0.180312,Domestic Aviation,2019/12/27
China,2.435409,Ground Transport,2019/12/27
China,16.25918,Industry,2019/12/27
China,0.115424,International Aviation,2019/12/27
China,14.202794,Power,2019/12/27
China,3.007379,Residential,2019/12/27
China,36.085075,Total,2019/12/27
China,0.177436,Domestic Aviation,2019/12/28
China,2.331609,Ground Transport,2019/12/28
China,16.126722,Industry,2019/12/28
China,0.122913,International Aviation,2019/12/28
China,14.087089,Power,2019/12/28
China,2.744874,Residential,2019/12/28
China,35.467732,Total,2019/12/28
China,0.169724,Domestic Aviation,2019/12/29
China,2.216741,Ground Transport,2019/12/29
China,15.777516,Industry,2019/12/29
China,0.118242,International Aviation,2019/12/29
China,13.782049,Power,2019/12/29
China,2.689965,Residential,2019/12/29
China,34.635995,Total,2019/12/29
China,0.17643,Domestic Aviation,2019/12/30
China,2.41563,Ground Transport,2019/12/30
China,16.223055,Industry,2019/12/30
China,0.114579,International Aviation,2019/12/30
China,14.171238,Power,2019/12/30
China,3.096009,Residential,2019/12/30
China,36.082363,Total,2019/12/30
China,0.178253,Domestic Aviation,2019/12/31
China,2.463837,Ground Transport,2019/12/31
China,16.346482,Industry,2019/12/31
China,0.116427,International Aviation,2019/12/31
China,14.279054,Power,2019/12/31
China,3.251644,Residential,2019/12/31
China,36.519271,Total,2019/12/31
China,0.213374,Domestic Aviation,2020/1/1
China,2.155207,Ground Transport,2020/1/1
China,13.538303,Industry,2020/1/1
China,0.117475,International Aviation,2020/1/1
China,14.540141,Power,2020/1/1
China,2.948039,Residential,2020/1/1
China,33.395064,Total,2020/1/1
China,0.218894,Domestic Aviation,2020/1/2
China,2.341813,Ground Transport,2020/1/2
China,12.978421,Industry,2020/1/2
China,0.116026,International Aviation,2020/1/2
China,13.938827,Power,2020/1/2
China,2.773888,Residential,2020/1/2
China,32.251842,Total,2020/1/2
China,0.219708,Domestic Aviation,2020/1/3
China,2.402645,Ground Transport,2020/1/3
China,12.539394,Industry,2020/1/3
China,0.117884,International Aviation,2020/1/3
China,13.467312,Power,2020/1/3
China,2.707188,Residential,2020/1/3
China,31.336248,Total,2020/1/3
China,0.220171,Domestic Aviation,2020/1/4
China,2.242884,Ground Transport,2020/1/4
China,12.490065,Industry,2020/1/4
China,0.126762,International Aviation,2020/1/4
China,13.414333,Power,2020/1/4
China,2.623903,Residential,2020/1/4
China,30.991357,Total,2020/1/4
China,0.217826,Domestic Aviation,2020/1/5
China,2.166284,Ground Transport,2020/1/5
China,12.773706,Industry,2020/1/5
China,0.124672,International Aviation,2020/1/5
China,13.718964,Power,2020/1/5
China,2.552517,Residential,2020/1/5
China,31.429296,Total,2020/1/5
China,0.211692,Domestic Aviation,2020/1/6
China,2.373833,Ground Transport,2020/1/6
China,12.771239,Industry,2020/1/6
China,0.115222,International Aviation,2020/1/6
China,13.716315,Power,2020/1/6
China,2.542649,Residential,2020/1/6
China,31.615728,Total,2020/1/6
China,0.219328,Domestic Aviation,2020/1/7
China,2.387405,Ground Transport,2020/1/7
China,12.795904,Industry,2020/1/7
China,0.121099,International Aviation,2020/1/7
China,13.742804,Power,2020/1/7
China,2.79639,Residential,2020/1/7
China,31.941831,Total,2020/1/7
China,0.206104,Domestic Aviation,2020/1/8
China,2.394179,Ground Transport,2020/1/8
China,12.598589,Industry,2020/1/8
China,0.121125,International Aviation,2020/1/8
China,13.530887,Power,2020/1/8
China,2.923154,Residential,2020/1/8
China,31.652913,Total,2020/1/8
China,0.207908,Domestic Aviation,2020/1/9
China,2.394947,Ground Transport,2020/1/9
China,12.440736,Industry,2020/1/9
China,0.123366,International Aviation,2020/1/9
China,13.361354,Power,2020/1/9
China,2.927685,Residential,2020/1/9
China,31.33263,Total,2020/1/9
China,0.232268,Domestic Aviation,2020/1/10
China,2.436966,Ground Transport,2020/1/10
China,12.721911,Industry,2020/1/10
China,0.126337,International Aviation,2020/1/10
China,13.663335,Power,2020/1/10
China,2.921186,Residential,2020/1/10
China,31.975666,Total,2020/1/10
China,0.235053,Domestic Aviation,2020/1/11
China,2.367121,Ground Transport,2020/1/11
China,12.818102,Industry,2020/1/11
China,0.129251,International Aviation,2020/1/11
China,13.766645,Power,2020/1/11
China,3.07635,Residential,2020/1/11
China,32.263272,Total,2020/1/11
China,0.234253,Domestic Aviation,2020/1/12
China,2.27947,Ground Transport,2020/1/12
China,12.509797,Industry,2020/1/12
China,0.128289,International Aviation,2020/1/12
China,13.435525,Power,2020/1/12
China,3.108885,Residential,2020/1/12
China,31.567929,Total,2020/1/12
China,0.236221,Domestic Aviation,2020/1/13
China,2.397981,Ground Transport,2020/1/13
China,12.482666,Industry,2020/1/13
China,0.119373,International Aviation,2020/1/13
China,13.406386,Power,2020/1/13
China,3.086429,Residential,2020/1/13
China,31.609683,Total,2020/1/13
China,0.237998,Domestic Aviation,2020/1/14
China,2.398139,Ground Transport,2020/1/14
China,11.853723,Industry,2020/1/14
China,0.12229,International Aviation,2020/1/14
China,12.730902,Power,2020/1/14
China,3.152426,Residential,2020/1/14
China,30.373188,Total,2020/1/14
China,0.240287,Domestic Aviation,2020/1/15
China,2.420909,Ground Transport,2020/1/15
China,11.750132,Industry,2020/1/15
China,0.123152,International Aviation,2020/1/15
China,12.619645,Power,2020/1/15
China,3.09796,Residential,2020/1/15
China,30.128934,Total,2020/1/15
China,0.239276,Domestic Aviation,2020/1/16
China,2.405342,Ground Transport,2020/1/16
China,11.651475,Industry,2020/1/16
China,0.129295,International Aviation,2020/1/16
China,12.513687,Power,2020/1/16
China,3.095777,Residential,2020/1/16
China,29.905557,Total,2020/1/16
China,0.238261,Domestic Aviation,2020/1/17
China,2.426831,Ground Transport,2020/1/17
China,11.59228,Industry,2020/1/17
China,0.126367,International Aviation,2020/1/17
China,12.450112,Power,2020/1/17
China,3.118411,Residential,2020/1/17
China,29.825896,Total,2020/1/17
China,0.241685,Domestic Aviation,2020/1/18
China,2.156171,Ground Transport,2020/1/18
China,11.436894,Industry,2020/1/18
China,0.131711,International Aviation,2020/1/18
China,12.283227,Power,2020/1/18
China,3.032574,Residential,2020/1/18
China,29.150551,Total,2020/1/18
China,0.242026,Domestic Aviation,2020/1/19
China,1.983863,Ground Transport,2020/1/19
China,10.936206,Industry,2020/1/19
China,0.132602,International Aviation,2020/1/19
China,11.745488,Power,2020/1/19
China,2.979039,Residential,2020/1/19
China,27.886622,Total,2020/1/19
China,0.241373,Domestic Aviation,2020/1/20
China,2.238726,Ground Transport,2020/1/20
China,10.679696,Industry,2020/1/20
China,0.124527,International Aviation,2020/1/20
China,11.469997,Power,2020/1/20
China,2.882199,Residential,2020/1/20
China,27.51199,Total,2020/1/20
China,0.241131,Domestic Aviation,2020/1/21
China,2.191688,Ground Transport,2020/1/21
China,10.063086,Industry,2020/1/21
China,0.125936,International Aviation,2020/1/21
China,10.807757,Power,2020/1/21
China,2.69117,Residential,2020/1/21
China,25.994831,Total,2020/1/21
China,0.241368,Domestic Aviation,2020/1/22
China,1.95309,Ground Transport,2020/1/22
China,9.508136,Industry,2020/1/22
China,0.129186,International Aviation,2020/1/22
China,10.211741,Power,2020/1/22
China,2.667099,Residential,2020/1/22
China,24.581433,Total,2020/1/22
China,0.235213,Domestic Aviation,2020/1/23
China,1.504858,Ground Transport,2020/1/23
China,9.144212,Industry,2020/1/23
China,0.132585,International Aviation,2020/1/23
China,9.820887,Power,2020/1/23
China,2.674059,Residential,2020/1/23
China,23.37923,Total,2020/1/23
China,0.200165,Domestic Aviation,2020/1/24
China,0.903992,Ground Transport,2020/1/24
China,8.707652,Industry,2020/1/24
China,0.12264,International Aviation,2020/1/24
China,9.352021,Power,2020/1/24
China,2.861863,Residential,2020/1/24
China,22.025693,Total,2020/1/24
China,0.197645,Domestic Aviation,2020/1/25
China,0.754857,Ground Transport,2020/1/25
China,8.61738,Industry,2020/1/25
China,0.118614,International Aviation,2020/1/25
China,9.255069,Power,2020/1/25
China,2.960303,Residential,2020/1/25
China,21.785254,Total,2020/1/25
China,0.206216,Domestic Aviation,2020/1/26
China,0.663903,Ground Transport,2020/1/26
China,8.428821,Industry,2020/1/26
China,0.115374,International Aviation,2020/1/26
China,9.052556,Power,2020/1/26
China,3.040696,Residential,2020/1/26
China,21.392191,Total,2020/1/26
China,0.198816,Domestic Aviation,2020/1/27
China,0.827705,Ground Transport,2020/1/27
China,8.410199,Industry,2020/1/27
China,0.106201,International Aviation,2020/1/27
China,9.032556,Power,2020/1/27
China,3.046492,Residential,2020/1/27
China,21.515768,Total,2020/1/27
China,0.179226,Domestic Aviation,2020/1/28
China,0.839186,Ground Transport,2020/1/28
China,8.0702,Industry,2020/1/28
China,0.105879,International Aviation,2020/1/28
China,8.667397,Power,2020/1/28
China,3.018663,Residential,2020/1/28
China,20.774672,Total,2020/1/28
China,0.155262,Domestic Aviation,2020/1/29
China,0.783365,Ground Transport,2020/1/29
China,8.105717,Industry,2020/1/29
China,0.108578,International Aviation,2020/1/29
China,8.705542,Power,2020/1/29
China,3.028337,Residential,2020/1/29
China,20.778223,Total,2020/1/29
China,0.136447,Domestic Aviation,2020/1/30
China,0.801446,Ground Transport,2020/1/30
China,8.020501,Industry,2020/1/30
China,0.108189,International Aviation,2020/1/30
China,8.61402,Power,2020/1/30
China,3.038548,Residential,2020/1/30
China,20.610962,Total,2020/1/30
China,0.116574,Domestic Aviation,2020/1/31
China,0.736062,Ground Transport,2020/1/31
China,7.911978,Industry,2020/1/31
China,0.106716,International Aviation,2020/1/31
China,8.497466,Power,2020/1/31
China,2.860477,Residential,2020/1/31
China,20.122556,Total,2020/1/31
China,0.105496,Domestic Aviation,2020/2/1
China,1.355371,Ground Transport,2020/2/1
China,9.649591,Industry,2020/2/1
China,0.094649,International Aviation,2020/2/1
China,8.042809,Power,2020/2/1
China,2.799479,Residential,2020/2/1
China,21.952746,Total,2020/2/1
China,0.103498,Domestic Aviation,2020/2/2
China,1.442361,Ground Transport,2020/2/2
China,9.626592,Industry,2020/2/2
China,0.089635,International Aviation,2020/2/2
China,8.02364,Power,2020/2/2
China,2.890111,Residential,2020/2/2
China,22.086203,Total,2020/2/2
China,0.073752,Domestic Aviation,2020/2/3
China,1.594478,Ground Transport,2020/2/3
China,9.56728,Industry,2020/2/3
China,0.078581,International Aviation,2020/2/3
China,7.974204,Power,2020/2/3
China,2.961002,Residential,2020/2/3
China,22.170716,Total,2020/2/3
China,0.060557,Domestic Aviation,2020/2/4
China,1.454602,Ground Transport,2020/2/4
China,9.569852,Industry,2020/2/4
China,0.071615,International Aviation,2020/2/4
China,7.976348,Power,2020/2/4
China,2.98591,Residential,2020/2/4
China,22.047268,Total,2020/2/4
China,0.062252,Domestic Aviation,2020/2/5
China,1.89925,Ground Transport,2020/2/5
China,9.547913,Industry,2020/2/5
China,0.070581,International Aviation,2020/2/5
China,7.958061,Power,2020/2/5
China,3.043615,Residential,2020/2/5
China,22.511092,Total,2020/2/5
China,0.057257,Domestic Aviation,2020/2/6
China,2.006262,Ground Transport,2020/2/6
China,9.510237,Industry,2020/2/6
China,0.064703,International Aviation,2020/2/6
China,7.92666,Power,2020/2/6
China,3.074536,Residential,2020/2/6
China,22.574952,Total,2020/2/6
China,0.065808,Domestic Aviation,2020/2/7
China,1.736362,Ground Transport,2020/2/7
China,9.488147,Industry,2020/2/7
China,0.067623,International Aviation,2020/2/7
China,7.908247,Power,2020/2/7
China,2.954629,Residential,2020/2/7
China,22.153192,Total,2020/2/7
China,0.069652,Domestic Aviation,2020/2/8
China,1.714747,Ground Transport,2020/2/8
China,9.464392,Industry,2020/2/8
China,0.06353,International Aviation,2020/2/8
China,7.888448,Power,2020/2/8
China,2.904149,Residential,2020/2/8
China,22.041387,Total,2020/2/8
China,0.091676,Domestic Aviation,2020/2/9
China,1.520493,Ground Transport,2020/2/9
China,9.363319,Industry,2020/2/9
China,0.063653,International Aviation,2020/2/9
China,7.804205,Power,2020/2/9
China,2.711494,Residential,2020/2/9
China,21.491186,Total,2020/2/9
China,0.056409,Domestic Aviation,2020/2/10
China,1.782738,Ground Transport,2020/2/10
China,9.371943,Industry,2020/2/10
China,0.053399,International Aviation,2020/2/10
China,7.811393,Power,2020/2/10
China,2.469762,Residential,2020/2/10
China,21.492245,Total,2020/2/10
China,0.041758,Domestic Aviation,2020/2/11
China,1.715522,Ground Transport,2020/2/11
China,9.174336,Industry,2020/2/11
China,0.047643,International Aviation,2020/2/11
China,7.64669,Power,2020/2/11
China,2.313744,Residential,2020/2/11
China,20.892052,Total,2020/2/11
China,0.039045,Domestic Aviation,2020/2/12
China,1.683978,Ground Transport,2020/2/12
China,9.350004,Industry,2020/2/12
China,0.053521,International Aviation,2020/2/12
China,7.793107,Power,2020/2/12
China,2.176166,Residential,2020/2/12
China,21.042299,Total,2020/2/12
China,0.033852,Domestic Aviation,2020/2/13
China,1.774378,Ground Transport,2020/2/13
China,9.335176,Industry,2020/2/13
China,0.046665,International Aviation,2020/2/13
China,7.780748,Power,2020/2/13
China,2.081688,Residential,2020/2/13
China,21.005841,Total,2020/2/13
China,0.038384,Domestic Aviation,2020/2/14
China,2.290158,Ground Transport,2020/2/14
China,9.379811,Industry,2020/2/14
China,0.051165,International Aviation,2020/2/14
China,7.817951,Power,2020/2/14
China,2.506085,Residential,2020/2/14
China,22.032389,Total,2020/2/14
China,0.041533,Domestic Aviation,2020/2/15
China,1.993616,Ground Transport,2020/2/15
China,9.42596,Industry,2020/2/15
China,0.051084,International Aviation,2020/2/15
China,7.856415,Power,2020/2/15
China,3.148129,Residential,2020/2/15
China,22.465654,Total,2020/2/15
China,0.048227,Domestic Aviation,2020/2/16
China,1.641156,Ground Transport,2020/2/16
China,9.240457,Industry,2020/2/16
China,0.051879,International Aviation,2020/2/16
China,7.701801,Power,2020/2/16
China,3.237216,Residential,2020/2/16
China,21.868858,Total,2020/2/16
China,0.036362,Domestic Aviation,2020/2/17
China,2.197494,Ground Transport,2020/2/17
China,9.52325,Industry,2020/2/17
China,0.042955,International Aviation,2020/2/17
China,7.937505,Power,2020/2/17
China,3.013367,Residential,2020/2/17
China,22.707978,Total,2020/2/17
China,0.035946,Domestic Aviation,2020/2/18
China,1.97305,Ground Transport,2020/2/18
China,9.368009,Industry,2020/2/18
China,0.041106,International Aviation,2020/2/18
China,7.808114,Power,2020/2/18
China,2.731946,Residential,2020/2/18
China,21.917065,Total,2020/2/18
China,0.043741,Domestic Aviation,2020/2/19
China,1.881938,Ground Transport,2020/2/19
China,9.433676,Industry,2020/2/19
China,0.044275,International Aviation,2020/2/19
China,7.862847,Power,2020/2/19
China,2.598227,Residential,2020/2/19
China,21.820429,Total,2020/2/19
China,0.041527,Domestic Aviation,2020/2/20
China,1.941002,Ground Transport,2020/2/20
China,9.747184,Industry,2020/2/20
China,0.043212,International Aviation,2020/2/20
China,8.124151,Power,2020/2/20
China,2.431909,Residential,2020/2/20
China,22.285772,Total,2020/2/20
China,0.051259,Domestic Aviation,2020/2/21
China,2.129508,Ground Transport,2020/2/21
China,10.015451,Industry,2020/2/21
China,0.042998,International Aviation,2020/2/21
China,8.347748,Power,2020/2/21
China,2.398184,Residential,2020/2/21
China,22.942149,Total,2020/2/21
China,0.05006,Domestic Aviation,2020/2/22
China,1.663977,Ground Transport,2020/2/22
China,9.874282,Industry,2020/2/22
China,0.044438,International Aviation,2020/2/22
China,8.230086,Power,2020/2/22
China,2.396404,Residential,2020/2/22
China,22.214808,Total,2020/2/22
China,0.062287,Domestic Aviation,2020/2/23
China,1.495471,Ground Transport,2020/2/23
China,9.638243,Industry,2020/2/23
China,0.043436,International Aviation,2020/2/23
China,8.03335,Power,2020/2/23
China,2.076334,Residential,2020/2/23
China,21.305686,Total,2020/2/23
China,0.057877,Domestic Aviation,2020/2/24
China,2.661815,Ground Transport,2020/2/24
China,10.155712,Industry,2020/2/24
China,0.039294,International Aviation,2020/2/24
China,8.464654,Power,2020/2/24
China,1.988202,Residential,2020/2/24
China,23.328261,Total,2020/2/24
China,0.059683,Domestic Aviation,2020/2/25
China,2.401277,Ground Transport,2020/2/25
China,10.518849,Industry,2020/2/25
China,0.036162,International Aviation,2020/2/25
China,8.767324,Power,2020/2/25
China,2.094338,Residential,2020/2/25
China,23.84147,Total,2020/2/25
China,0.068216,Domestic Aviation,2020/2/26
China,2.44771,Ground Transport,2020/2/26
China,10.770018,Industry,2020/2/26
China,0.042775,International Aviation,2020/2/26
China,8.97667,Power,2020/2/26
China,2.266439,Residential,2020/2/26
China,24.529053,Total,2020/2/26
China,0.067221,Domestic Aviation,2020/2/27
China,2.449206,Ground Transport,2020/2/27
China,10.291888,Industry,2020/2/27
China,0.04202,International Aviation,2020/2/27
China,8.578155,Power,2020/2/27
China,2.397997,Residential,2020/2/27
China,23.784468,Total,2020/2/27
China,0.077156,Domestic Aviation,2020/2/28
China,2.704443,Ground Transport,2020/2/28
China,10.155712,Industry,2020/2/28
China,0.048241,International Aviation,2020/2/28
China,8.464654,Power,2020/2/28
China,2.359326,Residential,2020/2/28
China,23.761293,Total,2020/2/28
China,0.077667,Domestic Aviation,2020/2/29
China,1.908047,Ground Transport,2020/2/29
China,10.839619,Industry,2020/2/29
China,0.047066,International Aviation,2020/2/29
China,9.034682,Power,2020/2/29
China,2.301942,Residential,2020/2/29
China,24.161956,Total,2020/2/29
China,0.109391,Domestic Aviation,2020/3/1
China,1.174658,Ground Transport,2020/3/1
China,11.865923,Industry,2020/3/1
China,0.047907,International Aviation,2020/3/1
China,8.678923,Power,2020/3/1
China,2.299946,Residential,2020/3/1
China,24.128841,Total,2020/3/1
China,0.093778,Domestic Aviation,2020/3/2
China,2.24213,Ground Transport,2020/3/2
China,12.198869,Industry,2020/3/2
China,0.040301,International Aviation,2020/3/2
China,8.922445,Power,2020/3/2
China,2.404383,Residential,2020/3/2
China,25.861605,Total,2020/3/2
China,0.078242,Domestic Aviation,2020/3/3
China,2.162832,Ground Transport,2020/3/3
China,12.638221,Industry,2020/3/3
China,0.038304,International Aviation,2020/3/3
China,9.243794,Power,2020/3/3
China,2.45266,Residential,2020/3/3
China,26.575749,Total,2020/3/3
China,0.077375,Domestic Aviation,2020/3/4
China,2.13645,Ground Transport,2020/3/4
China,12.851032,Industry,2020/3/4
China,0.043179,International Aviation,2020/3/4
China,9.399447,Power,2020/3/4
China,2.552107,Residential,2020/3/4
China,27.01641,Total,2020/3/4
China,0.076474,Domestic Aviation,2020/3/5
China,2.101435,Ground Transport,2020/3/5
China,12.573005,Industry,2020/3/5
China,0.041856,International Aviation,2020/3/5
China,9.196094,Power,2020/3/5
China,2.323037,Residential,2020/3/5
China,26.270045,Total,2020/3/5
China,0.082192,Domestic Aviation,2020/3/6
China,2.245343,Ground Transport,2020/3/6
China,13.20114,Industry,2020/3/6
China,0.043251,International Aviation,2020/3/6
China,9.655522,Power,2020/3/6
China,2.083863,Residential,2020/3/6
China,27.26806,Total,2020/3/6
China,0.071898,Domestic Aviation,2020/3/7
China,1.516843,Ground Transport,2020/3/7
China,12.857897,Industry,2020/3/7
China,0.043879,International Aviation,2020/3/7
China,9.404468,Power,2020/3/7
China,1.932182,Residential,2020/3/7
China,25.783288,Total,2020/3/7
China,0.078462,Domestic Aviation,2020/3/8
China,1.413078,Ground Transport,2020/3/8
China,12.600464,Industry,2020/3/8
China,0.04497,International Aviation,2020/3/8
China,9.216178,Power,2020/3/8
China,1.923002,Residential,2020/3/8
China,25.231185,Total,2020/3/8
China,0.074305,Domestic Aviation,2020/3/9
China,2.490224,Ground Transport,2020/3/9
China,13.3556,Industry,2020/3/9
China,0.037704,International Aviation,2020/3/9
China,9.768496,Power,2020/3/9
China,2.183935,Residential,2020/3/9
China,27.872559,Total,2020/3/9
China,0.073314,Domestic Aviation,2020/3/10
China,2.342457,Ground Transport,2020/3/10
China,13.235464,Industry,2020/3/10
China,0.03987,International Aviation,2020/3/10
China,9.680627,Power,2020/3/10
China,2.243506,Residential,2020/3/10
China,27.575368,Total,2020/3/10
China,0.078873,Domestic Aviation,2020/3/11
China,2.318792,Ground Transport,2020/3/11
China,13.135924,Industry,2020/3/11
China,0.043227,International Aviation,2020/3/11
China,9.607822,Power,2020/3/11
China,1.968833,Residential,2020/3/11
China,27.110242,Total,2020/3/11
China,0.074162,Domestic Aviation,2020/3/12
China,2.331703,Ground Transport,2020/3/12
China,12.905951,Industry,2020/3/12
China,0.041968,International Aviation,2020/3/12
China,9.439616,Power,2020/3/12
China,1.987026,Residential,2020/3/12
China,26.738457,Total,2020/3/12
China,0.079277,Domestic Aviation,2020/3/13
China,2.431894,Ground Transport,2020/3/13
China,13.142789,Industry,2020/3/13
China,0.043117,International Aviation,2020/3/13
China,9.612843,Power,2020/3/13
China,2.187015,Residential,2020/3/13
China,27.453818,Total,2020/3/13
China,0.077171,Domestic Aviation,2020/3/14
China,1.771673,Ground Transport,2020/3/14
China,12.82014,Industry,2020/3/14
China,0.04672,International Aviation,2020/3/14
China,9.376852,Power,2020/3/14
China,2.031114,Residential,2020/3/14
China,26.076951,Total,2020/3/14
China,0.09341,Domestic Aviation,2020/3/15
China,1.708079,Ground Transport,2020/3/15
China,13.08787,Industry,2020/3/15
China,0.042472,International Aviation,2020/3/15
China,9.572674,Power,2020/3/15
China,1.914296,Residential,2020/3/15
China,26.37633,Total,2020/3/15
China,0.085747,Domestic Aviation,2020/3/16
China,2.543391,Ground Transport,2020/3/16
China,13.297248,Industry,2020/3/16
China,0.040418,International Aviation,2020/3/16
China,9.725817,Power,2020/3/16
China,1.883082,Residential,2020/3/16
China,27.535285,Total,2020/3/16
China,0.081904,Domestic Aviation,2020/3/17
China,2.461728,Ground Transport,2020/3/17
China,13.345302,Industry,2020/3/17
China,0.042664,International Aviation,2020/3/17
China,9.760964,Power,2020/3/17
China,1.667618,Residential,2020/3/17
China,27.317516,Total,2020/3/17
China,0.086732,Domestic Aviation,2020/3/18
China,2.483627,Ground Transport,2020/3/18
China,12.67941,Industry,2020/3/18
China,0.046269,International Aviation,2020/3/18
China,9.27392,Power,2020/3/18
China,1.497224,Residential,2020/3/18
China,26.020912,Total,2020/3/18
China,0.079906,Domestic Aviation,2020/3/19
China,2.494487,Ground Transport,2020/3/19
China,13.280086,Industry,2020/3/19
China,0.046328,International Aviation,2020/3/19
China,9.713264,Power,2020/3/19
China,1.667203,Residential,2020/3/19
China,27.234945,Total,2020/3/19
China,0.089781,Domestic Aviation,2020/3/20
China,2.494487,Ground Transport,2020/3/20
China,13.743465,Industry,2020/3/20
China,0.046169,International Aviation,2020/3/20
China,10.052186,Power,2020/3/20
China,1.40541,Residential,2020/3/20
China,27.785328,Total,2020/3/20
China,0.081018,Domestic Aviation,2020/3/21
China,1.996776,Ground Transport,2020/3/21
China,13.746897,Industry,2020/3/21
China,0.046335,International Aviation,2020/3/21
China,10.054697,Power,2020/3/21
China,1.495893,Residential,2020/3/21
China,27.37528,Total,2020/3/21
China,0.089637,Domestic Aviation,2020/3/22
China,1.774867,Ground Transport,2020/3/22
China,13.283518,Industry,2020/3/22
China,0.045718,International Aviation,2020/3/22
China,9.715775,Power,2020/3/22
China,1.564816,Residential,2020/3/22
China,26.428613,Total,2020/3/22
China,0.081816,Domestic Aviation,2020/3/23
China,2.618169,Ground Transport,2020/3/23
China,13.764059,Industry,2020/3/23
China,0.041148,International Aviation,2020/3/23
China,10.06725,Power,2020/3/23
China,1.515271,Residential,2020/3/23
China,28.046565,Total,2020/3/23
China,0.076431,Domestic Aviation,2020/3/24
China,2.561066,Ground Transport,2020/3/24
China,13.613032,Industry,2020/3/24
China,0.040809,International Aviation,2020/3/24
China,9.956786,Power,2020/3/24
China,1.407928,Residential,2020/3/24
China,27.615243,Total,2020/3/24
China,0.085958,Domestic Aviation,2020/3/25
China,2.565901,Ground Transport,2020/3/25
China,13.578708,Industry,2020/3/25
China,0.04852,International Aviation,2020/3/25
China,9.931681,Power,2020/3/25
China,1.375013,Residential,2020/3/25
China,27.537261,Total,2020/3/25
China,0.080586,Domestic Aviation,2020/3/26
China,2.437308,Ground Transport,2020/3/26
China,13.389924,Industry,2020/3/26
China,0.042335,International Aviation,2020/3/26
China,9.793601,Power,2020/3/26
China,1.804907,Residential,2020/3/26
China,27.506326,Total,2020/3/26
China,0.086015,Domestic Aviation,2020/3/27
China,2.536046,Ground Transport,2020/3/27
China,13.017882,Industry,2020/3/27
China,0.045525,International Aviation,2020/3/27
China,9.521484,Power,2020/3/27
China,2.157997,Residential,2020/3/27
China,27.319425,Total,2020/3/27
China,0.085645,Domestic Aviation,2020/3/28
China,1.791237,Ground Transport,2020/3/28
China,13.203371,Industry,2020/3/28
China,0.04485,International Aviation,2020/3/28
China,9.657154,Power,2020/3/28
China,2.222125,Residential,2020/3/28
China,26.959531,Total,2020/3/28
China,0.088207,Domestic Aviation,2020/3/29
China,1.630707,Ground Transport,2020/3/29
China,13.510059,Industry,2020/3/29
China,0.039378,International Aviation,2020/3/29
China,9.88147,Power,2020/3/29
China,2.166089,Residential,2020/3/29
China,27.276532,Total,2020/3/29
China,0.076363,Domestic Aviation,2020/3/30
China,2.575349,Ground Transport,2020/3/30
China,13.173681,Industry,2020/3/30
China,0.032336,International Aviation,2020/3/30
China,9.635437,Power,2020/3/30
China,1.969135,Residential,2020/3/30
China,27.429965,Total,2020/3/30
China,0.086876,Domestic Aviation,2020/3/31
China,2.52109,Ground Transport,2020/3/31
China,13.798383,Industry,2020/3/31
China,0.039451,International Aviation,2020/3/31
China,10.092355,Power,2020/3/31
China,1.89725,Residential,2020/3/31
China,28.395955,Total,2020/3/31
China,0.08143,Domestic Aviation,2020/4/1
China,2.224918,Ground Transport,2020/4/1
China,16.150233,Industry,2020/4/1
China,0.044275,International Aviation,2020/4/1
China,10.279297,Power,2020/4/1
China,1.964421,Residential,2020/4/1
China,30.700299,Total,2020/4/1
China,0.080109,Domestic Aviation,2020/4/2
China,2.27702,Ground Transport,2020/4/2
China,16.769758,Industry,2020/4/2
China,0.043931,International Aviation,2020/4/2
China,10.673612,Power,2020/4/2
China,1.945802,Residential,2020/4/2
China,31.746301,Total,2020/4/2
China,0.090243,Domestic Aviation,2020/4/3
China,2.392663,Ground Transport,2020/4/3
China,16.293498,Industry,2020/4/3
China,0.041858,International Aviation,2020/4/3
China,10.370482,Power,2020/4/3
China,1.856658,Residential,2020/4/3
China,31.003544,Total,2020/4/3
China,0.062377,Domestic Aviation,2020/4/4
China,1.434483,Ground Transport,2020/4/4
China,15.383571,Industry,2020/4/4
China,0.044765,International Aviation,2020/4/4
China,9.791332,Power,2020/4/4
China,1.919117,Residential,2020/4/4
China,28.59088,Total,2020/4/4
China,0.069128,Domestic Aviation,2020/4/5
China,1.435047,Ground Transport,2020/4/5
China,15.046705,Industry,2020/4/5
China,0.04673,International Aviation,2020/4/5
China,9.576923,Power,2020/4/5
China,1.868887,Residential,2020/4/5
China,27.996689,Total,2020/4/5
China,0.089968,Domestic Aviation,2020/4/6
China,1.622014,Ground Transport,2020/4/6
China,15.422292,Industry,2020/4/6
China,0.036388,International Aviation,2020/4/6
China,9.815977,Power,2020/4/6
China,1.727772,Residential,2020/4/6
China,28.678023,Total,2020/4/6
China,0.084943,Domestic Aviation,2020/4/7
China,2.31917,Ground Transport,2020/4/7
China,15.914039,Industry,2020/4/7
China,0.04241,International Aviation,2020/4/7
China,10.128964,Power,2020/4/7
China,1.649574,Residential,2020/4/7
China,30.096691,Total,2020/4/7
China,0.090308,Domestic Aviation,2020/4/8
China,2.330444,Ground Transport,2020/4/8
China,16.52582,Industry,2020/4/8
China,0.048855,International Aviation,2020/4/8
China,10.51835,Power,2020/4/8
China,1.591998,Residential,2020/4/8
China,31.05692,Total,2020/4/8
China,0.081958,Domestic Aviation,2020/4/9
China,2.31205,Ground Transport,2020/4/9
China,16.645853,Industry,2020/4/9
China,0.049558,International Aviation,2020/4/9
China,10.594749,Power,2020/4/9
China,1.70355,Residential,2020/4/9
China,31.33816,Total,2020/4/9
China,0.098331,Domestic Aviation,2020/4/10
China,2.377462,Ground Transport,2020/4/10
China,16.161849,Industry,2020/4/10
China,0.047735,International Aviation,2020/4/10
China,10.28669,Power,2020/4/10
China,1.848656,Residential,2020/4/10
China,30.772988,Total,2020/4/10
China,0.084385,Domestic Aviation,2020/4/11
China,1.812158,Ground Transport,2020/4/11
China,16.127001,Industry,2020/4/11
China,0.052311,International Aviation,2020/4/11
China,10.26451,Power,2020/4/11
China,1.883772,Residential,2020/4/11
China,30.171826,Total,2020/4/11
China,0.09761,Domestic Aviation,2020/4/12
China,1.666067,Ground Transport,2020/4/12
China,16.185081,Industry,2020/4/12
China,0.051257,International Aviation,2020/4/12
China,10.301477,Power,2020/4/12
China,1.681461,Residential,2020/4/12
China,29.931696,Total,2020/4/12
China,0.088102,Domestic Aviation,2020/4/13
China,2.394609,Ground Transport,2020/4/13
China,16.243162,Industry,2020/4/13
China,0.039047,International Aviation,2020/4/13
China,10.338444,Power,2020/4/13
China,1.48484,Residential,2020/4/13
China,30.549157,Total,2020/4/13
China,0.085906,Domestic Aviation,2020/4/14
China,2.314822,Ground Transport,2020/4/14
China,16.080537,Industry,2020/4/14
China,0.045057,International Aviation,2020/4/14
China,10.234936,Power,2020/4/14
China,1.354596,Residential,2020/4/14
China,30.070797,Total,2020/4/14
China,0.09475,Domestic Aviation,2020/4/15
China,2.337768,Ground Transport,2020/4/15
China,15.557813,Industry,2020/4/15
China,0.054539,International Aviation,2020/4/15
China,9.902233,Power,2020/4/15
China,1.246658,Residential,2020/4/15
China,29.139222,Total,2020/4/15
China,0.089708,Domestic Aviation,2020/4/16
China,2.326853,Ground Transport,2020/4/16
China,14.690478,Industry,2020/4/16
China,0.04957,International Aviation,2020/4/16
China,9.350192,Power,2020/4/16
China,1.323716,Residential,2020/4/16
China,27.780947,Total,2020/4/16
China,0.099431,Domestic Aviation,2020/4/17
China,2.376552,Ground Transport,2020/4/17
China,15.279027,Industry,2020/4/17
China,0.04569,International Aviation,2020/4/17
China,9.724791,Power,2020/4/17
China,1.370427,Residential,2020/4/17
China,28.850228,Total,2020/4/17
China,0.090574,Domestic Aviation,2020/4/18
China,1.856501,Ground Transport,2020/4/18
China,16.119257,Industry,2020/4/18
China,0.049097,International Aviation,2020/4/18
China,10.259581,Power,2020/4/18
China,1.494683,Residential,2020/4/18
China,29.820596,Total,2020/4/18
China,0.098599,Domestic Aviation,2020/4/19
China,1.597139,Ground Transport,2020/4/19
China,15.503604,Industry,2020/4/19
China,0.049888,International Aviation,2020/4/19
China,9.867731,Power,2020/4/19
China,1.479054,Residential,2020/4/19
China,28.546127,Total,2020/4/19
China,0.09486,Domestic Aviation,2020/4/20
China,2.430206,Ground Transport,2020/4/20
China,14.926672,Industry,2020/4/20
China,0.045553,International Aviation,2020/4/20
China,9.500525,Power,2020/4/20
China,1.657893,Residential,2020/4/20
China,28.610155,Total,2020/4/20
China,0.088995,Domestic Aviation,2020/4/21
China,2.360133,Ground Transport,2020/4/21
China,15.739798,Industry,2020/4/21
China,0.055125,International Aviation,2020/4/21
China,10.018063,Power,2020/4/21
China,1.855497,Residential,2020/4/21
China,30.062486,Total,2020/4/21
China,0.093047,Domestic Aviation,2020/4/22
China,2.365372,Ground Transport,2020/4/22
China,15.770774,Industry,2020/4/22
China,0.062317,International Aviation,2020/4/22
China,10.037779,Power,2020/4/22
China,1.851872,Residential,2020/4/22
China,30.118843,Total,2020/4/22
China,0.088934,Domestic Aviation,2020/4/23
China,2.319188,Ground Transport,2020/4/23
China,15.600405,Industry,2020/4/23
China,0.065926,International Aviation,2020/4/23
China,9.929342,Power,2020/4/23
China,1.796923,Residential,2020/4/23
China,29.734793,Total,2020/4/23
China,0.09759,Domestic Aviation,2020/4/24
China,2.409385,Ground Transport,2020/4/24
China,15.577173,Industry,2020/4/24
China,0.068652,International Aviation,2020/4/24
China,9.914555,Power,2020/4/24
China,1.465651,Residential,2020/4/24
China,29.464355,Total,2020/4/24
China,0.093031,Domestic Aviation,2020/4/25
China,1.919766,Ground Transport,2020/4/25
China,15.650741,Industry,2020/4/25
China,0.072265,International Aviation,2020/4/25
China,9.96138,Power,2020/4/25
China,1.445354,Residential,2020/4/25
China,29.070273,Total,2020/4/25
China,0.097829,Domestic Aviation,2020/4/26
China,2.186894,Ground Transport,2020/4/26
China,15.72431,Industry,2020/4/26
China,0.066243,International Aviation,2020/4/26
China,10.008205,Power,2020/4/26
China,1.402112,Residential,2020/4/26
China,29.41935,Total,2020/4/26
China,0.092712,Domestic Aviation,2020/4/27
China,2.448345,Ground Transport,2020/4/27
China,16.146361,Industry,2020/4/27
China,0.063963,International Aviation,2020/4/27
China,10.276832,Power,2020/4/27
China,1.33971,Residential,2020/4/27
China,30.303959,Total,2020/4/27
China,0.100981,Domestic Aviation,2020/4/28
China,2.430534,Ground Transport,2020/4/28
China,16.142489,Industry,2020/4/28
China,0.069993,International Aviation,2020/4/28
China,10.274368,Power,2020/4/28
China,1.201268,Residential,2020/4/28
China,30.14964,Total,2020/4/28
China,0.109116,Domestic Aviation,2020/4/29
China,2.457164,Ground Transport,2020/4/29
China,16.247034,Industry,2020/4/29
China,0.075823,International Aviation,2020/4/29
China,10.340908,Power,2020/4/29
China,1.160495,Residential,2020/4/29
China,30.314717,Total,2020/4/29
China,0.124258,Domestic Aviation,2020/4/30
China,2.597824,Ground Transport,2020/4/30
China,15.735926,Industry,2020/4/30
China,0.074031,International Aviation,2020/4/30
China,10.015599,Power,2020/4/30
China,1.142486,Residential,2020/4/30
China,29.616092,Total,2020/4/30
China,0.113969,Domestic Aviation,2020/5/1
China,1.975518,Ground Transport,2020/5/1
China,14.820086,Industry,2020/5/1
China,0.076116,International Aviation,2020/5/1
China,9.362868,Power,2020/5/1
China,1.082998,Residential,2020/5/1
China,27.355439,Total,2020/5/1
China,0.090344,Domestic Aviation,2020/5/2
China,1.783544,Ground Transport,2020/5/2
China,14.101158,Industry,2020/5/2
China,0.072937,International Aviation,2020/5/2
China,8.908671,Power,2020/5/2
China,1.094409,Residential,2020/5/2
China,25.978126,Total,2020/5/2
China,0.096129,Domestic Aviation,2020/5/3
China,1.718147,Ground Transport,2020/5/3
China,15.042798,Industry,2020/5/3
China,0.070229,International Aviation,2020/5/3
China,9.50357,Power,2020/5/3
China,1.200971,Residential,2020/5/3
China,27.561615,Total,2020/5/3
China,0.107175,Domestic Aviation,2020/5/4
China,1.844817,Ground Transport,2020/5/4
China,16.65648,Industry,2020/5/4
China,0.062535,International Aviation,2020/5/4
China,10.523044,Power,2020/5/4
China,1.304103,Residential,2020/5/4
China,30.435618,Total,2020/5/4
China,0.14067,Domestic Aviation,2020/5/5
China,1.926643,Ground Transport,2020/5/5
China,16.742438,Industry,2020/5/5
China,0.067358,International Aviation,2020/5/5
China,10.57735,Power,2020/5/5
China,1.18753,Residential,2020/5/5
China,30.574631,Total,2020/5/5
China,0.124665,Domestic Aviation,2020/5/6
China,2.417842,Ground Transport,2020/5/6
China,16.953428,Industry,2020/5/6
China,0.06988,International Aviation,2020/5/6
China,10.710647,Power,2020/5/6
China,1.144204,Residential,2020/5/6
China,31.350787,Total,2020/5/6
China,0.116782,Domestic Aviation,2020/5/7
China,2.437667,Ground Transport,2020/5/7
China,17.266006,Industry,2020/5/7
China,0.074132,International Aviation,2020/5/7
China,10.908124,Power,2020/5/7
China,1.170101,Residential,2020/5/7
China,31.89868,Total,2020/5/7
China,0.125303,Domestic Aviation,2020/5/8
China,2.456067,Ground Transport,2020/5/8
China,17.320707,Industry,2020/5/8
China,0.072125,International Aviation,2020/5/8
China,10.942682,Power,2020/5/8
China,1.298275,Residential,2020/5/8
China,32.143034,Total,2020/5/8
China,0.119287,Domestic Aviation,2020/5/9
China,2.376337,Ground Transport,2020/5/9
China,17.180047,Industry,2020/5/9
China,0.079533,International Aviation,2020/5/9
China,10.853817,Power,2020/5/9
China,1.287916,Residential,2020/5/9
China,31.817405,Total,2020/5/9
China,0.131133,Domestic Aviation,2020/5/10
China,1.918084,Ground Transport,2020/5/10
China,16.699459,Industry,2020/5/10
China,0.077416,International Aviation,2020/5/10
China,10.550197,Power,2020/5/10
China,1.165636,Residential,2020/5/10
China,30.464509,Total,2020/5/10
China,0.126616,Domestic Aviation,2020/5/11
China,2.453552,Ground Transport,2020/5/11
China,16.031324,Industry,2020/5/11
China,0.073828,International Aviation,2020/5/11
China,10.12809,Power,2020/5/11
China,1.196213,Residential,2020/5/11
China,29.935795,Total,2020/5/11
China,0.121142,Domestic Aviation,2020/5/12
China,2.41968,Ground Transport,2020/5/12
China,16.26185,Industry,2020/5/12
China,0.077871,International Aviation,2020/5/12
China,10.273729,Power,2020/5/12
China,1.173504,Residential,2020/5/12
China,30.249906,Total,2020/5/12
China,0.123852,Domestic Aviation,2020/5/13
China,2.393163,Ground Transport,2020/5/13
China,16.152448,Industry,2020/5/13
China,0.0834,International Aviation,2020/5/13
China,10.204613,Power,2020/5/13
China,1.130386,Residential,2020/5/13
China,30.004462,Total,2020/5/13
China,0.119478,Domestic Aviation,2020/5/14
China,2.396847,Ground Transport,2020/5/14
China,16.160263,Industry,2020/5/14
China,0.086811,International Aviation,2020/5/14
China,10.209549,Power,2020/5/14
China,1.096341,Residential,2020/5/14
China,29.982478,Total,2020/5/14
China,0.131753,Domestic Aviation,2020/5/15
China,2.478682,Ground Transport,2020/5/15
China,16.679923,Industry,2020/5/15
China,0.077163,International Aviation,2020/5/15
China,10.537855,Power,2020/5/15
China,1.1119,Residential,2020/5/15
China,30.940113,Total,2020/5/15
China,0.12568,Domestic Aviation,2020/5/16
China,2.084381,Ground Transport,2020/5/16
China,16.972964,Industry,2020/5/16
China,0.086493,International Aviation,2020/5/16
China,10.722989,Power,2020/5/16
China,1.11674,Residential,2020/5/16
China,31.022755,Total,2020/5/16
China,0.138609,Domestic Aviation,2020/5/17
China,1.881592,Ground Transport,2020/5/17
China,16.707273,Industry,2020/5/17
China,0.08405,International Aviation,2020/5/17
China,10.555134,Power,2020/5/17
China,1.152492,Residential,2020/5/17
China,30.4351,Total,2020/5/17
China,0.131692,Domestic Aviation,2020/5/18
China,2.457822,Ground Transport,2020/5/18
China,16.179799,Industry,2020/5/18
China,0.074386,International Aviation,2020/5/18
China,10.221892,Power,2020/5/18
China,1.155732,Residential,2020/5/18
China,30.146938,Total,2020/5/18
China,0.127642,Domestic Aviation,2020/5/19
China,2.413751,Ground Transport,2020/5/19
China,16.441582,Industry,2020/5/19
China,0.078593,International Aviation,2020/5/19
China,10.387279,Power,2020/5/19
China,1.138702,Residential,2020/5/19
China,30.508956,Total,2020/5/19
China,0.135244,Domestic Aviation,2020/5/20
China,2.473362,Ground Transport,2020/5/20
China,16.527541,Industry,2020/5/20
China,0.082131,International Aviation,2020/5/20
China,10.441585,Power,2020/5/20
China,1.114795,Residential,2020/5/20
China,30.692527,Total,2020/5/20
China,0.128765,Domestic Aviation,2020/5/21
China,2.436677,Ground Transport,2020/5/21
China,16.679923,Industry,2020/5/21
China,0.081072,International Aviation,2020/5/21
China,10.537855,Power,2020/5/21
China,1.115454,Residential,2020/5/21
China,30.898673,Total,2020/5/21
China,0.140246,Domestic Aviation,2020/5/22
China,2.481871,Ground Transport,2020/5/22
China,16.449397,Industry,2020/5/22
China,0.076926,International Aviation,2020/5/22
China,10.392215,Power,2020/5/22
China,1.121882,Residential,2020/5/22
China,30.585611,Total,2020/5/22
China,0.127356,Domestic Aviation,2020/5/23
China,2.064997,Ground Transport,2020/5/23
China,16.523634,Industry,2020/5/23
China,0.079855,International Aviation,2020/5/23
China,10.439116,Power,2020/5/23
China,1.145832,Residential,2020/5/23
China,30.300934,Total,2020/5/23
China,0.144081,Domestic Aviation,2020/5/24
China,1.957856,Ground Transport,2020/5/24
China,16.793232,Industry,2020/5/24
China,0.082046,International Aviation,2020/5/24
China,10.60944,Power,2020/5/24
China,1.14632,Residential,2020/5/24
China,30.65093,Total,2020/5/24
China,0.139215,Domestic Aviation,2020/5/25
China,2.547664,Ground Transport,2020/5/25
China,16.465026,Industry,2020/5/25
China,0.069648,International Aviation,2020/5/25
China,10.402089,Power,2020/5/25
China,1.168002,Residential,2020/5/25
China,30.721997,Total,2020/5/25
China,0.133982,Domestic Aviation,2020/5/26
China,2.512606,Ground Transport,2020/5/26
China,16.972964,Industry,2020/5/26
China,0.076082,International Aviation,2020/5/26
China,10.722989,Power,2020/5/26
China,1.165496,Residential,2020/5/26
China,31.508037,Total,2020/5/26
China,0.138548,Domestic Aviation,2020/5/27
China,2.483149,Ground Transport,2020/5/27
China,17.24647,Industry,2020/5/27
China,0.077347,International Aviation,2020/5/27
China,10.895781,Power,2020/5/27
China,1.148115,Residential,2020/5/27
China,31.912064,Total,2020/5/27
China,0.138885,Domestic Aviation,2020/5/28
China,2.496901,Ground Transport,2020/5/28
China,16.293108,Industry,2020/5/28
China,0.076779,International Aviation,2020/5/28
China,10.293477,Power,2020/5/28
China,1.106228,Residential,2020/5/28
China,30.3286,Total,2020/5/28
China,0.150174,Domestic Aviation,2020/5/29
China,2.583577,Ground Transport,2020/5/29
China,16.132912,Industry,2020/5/29
China,0.070415,International Aviation,2020/5/29
China,10.19227,Power,2020/5/29
China,1.078455,Residential,2020/5/29
China,30.137388,Total,2020/5/29
China,0.136108,Domestic Aviation,2020/5/30
China,2.280946,Ground Transport,2020/5/30
China,16.066489,Industry,2020/5/30
China,0.072364,International Aviation,2020/5/30
China,10.150306,Power,2020/5/30
China,1.096112,Residential,2020/5/30
China,29.729961,Total,2020/5/30
China,0.148288,Domestic Aviation,2020/5/31
China,2.126394,Ground Transport,2020/5/31
China,15.605437,Industry,2020/5/31
China,0.072888,International Aviation,2020/5/31
China,9.859028,Power,2020/5/31
China,1.095043,Residential,2020/5/31
China,28.83419,Total,2020/5/31
China,0.14432,Domestic Aviation,2020/6/1
China,2.568054,Ground Transport,2020/6/1
China,14.522321,Industry,2020/6/1
China,0.060359,International Aviation,2020/6/1
China,9.655951,Power,2020/6/1
China,1.15857,Residential,2020/6/1
China,28.049216,Total,2020/6/1
China,0.146964,Domestic Aviation,2020/6/2
China,2.531989,Ground Transport,2020/6/2
China,14.879941,Industry,2020/6/2
China,0.064335,International Aviation,2020/6/2
China,9.893734,Power,2020/6/2
China,1.139338,Residential,2020/6/2
China,28.591966,Total,2020/6/2
China,0.147559,Domestic Aviation,2020/6/3
China,2.544334,Ground Transport,2020/6/3
China,15.451396,Industry,2020/6/3
China,0.067874,International Aviation,2020/6/3
China,10.273696,Power,2020/6/3
China,1.132419,Residential,2020/6/3
China,29.549405,Total,2020/6/3
China,0.147535,Domestic Aviation,2020/6/4
China,2.530239,Ground Transport,2020/6/4
China,15.915933,Industry,2020/6/4
China,0.06394,International Aviation,2020/6/4
China,10.582569,Power,2020/6/4
China,1.133627,Residential,2020/6/4
China,30.309904,Total,2020/6/4
China,0.157316,Domestic Aviation,2020/6/5
China,2.625995,Ground Transport,2020/6/5
China,16.642233,Industry,2020/6/5
China,0.064305,International Aviation,2020/6/5
China,11.065489,Power,2020/6/5
China,1.109197,Residential,2020/6/5
China,31.60023,Total,2020/6/5
China,0.144329,Domestic Aviation,2020/6/6
China,2.321119,Ground Transport,2020/6/6
China,16.815513,Industry,2020/6/6
China,0.065578,International Aviation,2020/6/6
China,11.180704,Power,2020/6/6
China,1.109089,Residential,2020/6/6
China,31.570754,Total,2020/6/6
China,0.156968,Domestic Aviation,2020/6/7
China,2.101273,Ground Transport,2020/6/7
China,16.730717,Industry,2020/6/7
China,0.064609,International Aviation,2020/6/7
China,11.124322,Power,2020/6/7
China,1.11526,Residential,2020/6/7
China,31.228539,Total,2020/6/7
China,0.157325,Domestic Aviation,2020/6/8
China,2.564113,Ground Transport,2020/6/8
China,16.373097,Industry,2020/6/8
China,0.060943,International Aviation,2020/6/8
China,10.886539,Power,2020/6/8
China,1.137644,Residential,2020/6/8
China,31.118718,Total,2020/6/8
China,0.154925,Domestic Aviation,2020/6/9
China,2.550494,Ground Transport,2020/6/9
China,16.92243,Industry,2020/6/9
China,0.055466,International Aviation,2020/6/9
China,11.251794,Power,2020/6/9
China,1.105489,Residential,2020/6/9
China,31.985133,Total,2020/6/9
China,0.157014,Domestic Aviation,2020/6/10
China,2.566079,Ground Transport,2020/6/10
China,17.195254,Industry,2020/6/10
China,0.067016,International Aviation,2020/6/10
China,11.433195,Power,2020/6/10
China,1.104584,Residential,2020/6/10
China,32.456126,Total,2020/6/10
China,0.154128,Domestic Aviation,2020/6/11
China,2.530239,Ground Transport,2020/6/11
China,17.36116,Industry,2020/6/11
China,0.067551,International Aviation,2020/6/11
China,11.543507,Power,2020/6/11
China,1.115643,Residential,2020/6/11
China,32.704676,Total,2020/6/11
China,0.172221,Domestic Aviation,2020/6/12
China,2.625995,Ground Transport,2020/6/12
China,17.206314,Industry,2020/6/12
China,0.058992,International Aviation,2020/6/12
China,11.440549,Power,2020/6/12
China,1.100948,Residential,2020/6/12
China,32.546027,Total,2020/6/12
China,0.160056,Domestic Aviation,2020/6/13
China,2.290853,Ground Transport,2020/6/13
China,17.357473,Industry,2020/6/13
China,0.063363,International Aviation,2020/6/13
China,11.541055,Power,2020/6/13
China,1.111915,Residential,2020/6/13
China,32.461352,Total,2020/6/13
China,0.165371,Domestic Aviation,2020/6/14
China,1.96166,Ground Transport,2020/6/14
China,17.191567,Industry,2020/6/14
China,0.064413,International Aviation,2020/6/14
China,11.430744,Power,2020/6/14
China,1.112553,Residential,2020/6/14
China,31.861894,Total,2020/6/14
China,0.153028,Domestic Aviation,2020/6/15
China,2.580225,Ground Transport,2020/6/15
China,17.427522,Industry,2020/6/15
China,0.057333,International Aviation,2020/6/15
China,11.587631,Power,2020/6/15
China,1.116353,Residential,2020/6/15
China,32.86476,Total,2020/6/15
China,0.147311,Domestic Aviation,2020/6/16
China,2.532171,Ground Transport,2020/6/16
China,17.276364,Industry,2020/6/16
China,0.057594,International Aviation,2020/6/16
China,11.487125,Power,2020/6/16
China,1.121327,Residential,2020/6/16
China,32.564297,Total,2020/6/16
China,0.15034,Domestic Aviation,2020/6/17
China,2.491066,Ground Transport,2020/6/17
China,17.235809,Industry,2020/6/17
China,0.064936,International Aviation,2020/6/17
China,11.46016,Power,2020/6/17
China,1.119025,Residential,2020/6/17
China,32.4564,Total,2020/6/17
China,0.14345,Domestic Aviation,2020/6/18
China,2.531337,Ground Transport,2020/6/18
China,17.066216,Industry,2020/6/18
China,0.06187,International Aviation,2020/6/18
China,11.347397,Power,2020/6/18
China,1.105755,Residential,2020/6/18
China,32.194155,Total,2020/6/18
China,0.15116,Domestic Aviation,2020/6/19
China,2.510961,Ground Transport,2020/6/19
China,16.800766,Industry,2020/6/19
China,0.060399,International Aviation,2020/6/19
China,11.170898,Power,2020/6/19
China,1.098413,Residential,2020/6/19
China,31.732198,Total,2020/6/19
China,0.141658,Domestic Aviation,2020/6/20
China,2.134046,Ground Transport,2020/6/20
China,16.258806,Industry,2020/6/20
China,0.05913,International Aviation,2020/6/20
China,10.810547,Power,2020/6/20
China,1.096673,Residential,2020/6/20
China,30.441729,Total,2020/6/20
China,0.148549,Domestic Aviation,2020/6/21
China,1.977324,Ground Transport,2020/6/21
China,16.450519,Industry,2020/6/21
China,0.061705,International Aviation,2020/6/21
China,10.938018,Power,2020/6/21
China,1.106984,Residential,2020/6/21
China,30.621394,Total,2020/6/21
China,0.14084,Domestic Aviation,2020/6/22
China,2.485183,Ground Transport,2020/6/22
China,16.221938,Industry,2020/6/22
China,0.054485,International Aviation,2020/6/22
China,10.786033,Power,2020/6/22
China,1.110722,Residential,2020/6/22
China,30.744716,Total,2020/6/22
China,0.14274,Domestic Aviation,2020/6/23
China,2.522585,Ground Transport,2020/6/23
China,16.402591,Industry,2020/6/23
China,0.056003,International Aviation,2020/6/23
China,10.90615,Power,2020/6/23
China,1.108552,Residential,2020/6/23
China,31.082618,Total,2020/6/23
China,0.156751,Domestic Aviation,2020/6/24
China,2.616452,Ground Transport,2020/6/24
China,16.02285,Industry,2020/6/24
China,0.060681,International Aviation,2020/6/24
China,10.653659,Power,2020/6/24
China,1.104647,Residential,2020/6/24
China,30.554359,Total,2020/6/24
China,0.131022,Domestic Aviation,2020/6/25
China,2.056314,Ground Transport,2020/6/25
China,15.989669,Industry,2020/6/25
China,0.059429,International Aviation,2020/6/25
China,10.631597,Power,2020/6/25
China,1.101394,Residential,2020/6/25
China,29.909995,Total,2020/6/25
China,0.123543,Domestic Aviation,2020/6/26
China,1.945308,Ground Transport,2020/6/26
China,15.724219,Industry,2020/6/26
China,0.055981,International Aviation,2020/6/26
China,10.455098,Power,2020/6/26
China,1.107281,Residential,2020/6/26
China,29.355449,Total,2020/6/26
China,0.149962,Domestic Aviation,2020/6/27
China,1.984844,Ground Transport,2020/6/27
China,16.653294,Industry,2020/6/27
China,0.054028,International Aviation,2020/6/27
China,11.072843,Power,2020/6/27
China,1.098402,Residential,2020/6/27
China,30.959345,Total,2020/6/27
China,0.150454,Domestic Aviation,2020/6/28
China,2.493418,Ground Transport,2020/6/28
China,16.907683,Industry,2020/6/28
China,0.050712,International Aviation,2020/6/28
China,11.241988,Power,2020/6/28
China,1.099048,Residential,2020/6/28
China,31.892592,Total,2020/6/28
China,0.147866,Domestic Aviation,2020/6/29
China,2.505524,Ground Transport,2020/6/29
China,16.623799,Industry,2020/6/29
China,0.049797,International Aviation,2020/6/29
China,11.053233,Power,2020/6/29
China,1.104761,Residential,2020/6/29
China,31.435183,Total,2020/6/29
China,0.167821,Domestic Aviation,2020/6/30
China,2.500318,Ground Transport,2020/6/30
China,17.217375,Industry,2020/6/30
China,0.051597,International Aviation,2020/6/30
China,11.447903,Power,2020/6/30
China,1.09991,Residential,2020/6/30
China,32.433327,Total,2020/6/30
China,0.160549,Domestic Aviation,2020/7/1
China,2.53321,Ground Transport,2020/7/1
China,15.924319,Industry,2020/7/1
China,0.052548,International Aviation,2020/7/1
China,11.533748,Power,2020/7/1
China,1.071349,Residential,2020/7/1
China,31.223175,Total,2020/7/1
China,0.159414,Domestic Aviation,2020/7/2
China,2.58437,Ground Transport,2020/7/2
China,15.689888,Industry,2020/7/2
China,0.050053,International Aviation,2020/7/2
China,11.363953,Power,2020/7/2
China,1.069877,Residential,2020/7/2
China,30.867502,Total,2020/7/2
China,0.172674,Domestic Aviation,2020/7/3
China,2.604237,Ground Transport,2020/7/3
China,15.560781,Industry,2020/7/3
China,0.05339,International Aviation,2020/7/3
China,11.270443,Power,2020/7/3
China,1.073672,Residential,2020/7/3
China,30.681806,Total,2020/7/3
China,0.16399,Domestic Aviation,2020/7/4
China,2.198763,Ground Transport,2020/7/4
China,15.085124,Industry,2020/7/4
China,0.050947,International Aviation,2020/7/4
China,10.925931,Power,2020/7/4
China,1.067194,Residential,2020/7/4
China,29.441002,Total,2020/7/4
China,0.17997,Domestic Aviation,2020/7/5
China,2.080488,Ground Transport,2020/7/5
China,14.939029,Industry,2020/7/5
China,0.055072,International Aviation,2020/7/5
China,10.820117,Power,2020/7/5
China,1.066057,Residential,2020/7/5
China,29.085661,Total,2020/7/5
China,0.170109,Domestic Aviation,2020/7/6
China,2.636337,Ground Transport,2020/7/6
China,15.221026,Industry,2020/7/6
China,0.04268,International Aviation,2020/7/6
China,11.024363,Power,2020/7/6
China,1.062979,Residential,2020/7/6
China,30.114814,Total,2020/7/6
China,0.164284,Domestic Aviation,2020/7/7
China,2.546199,Ground Transport,2020/7/7
China,16.070414,Industry,2020/7/7
China,0.048526,International Aviation,2020/7/7
China,11.639562,Power,2020/7/7
China,1.060459,Residential,2020/7/7
China,31.480917,Total,2020/7/7
China,0.173647,Domestic Aviation,2020/7/8
China,2.563633,Ground Transport,2020/7/8
China,16.026245,Industry,2020/7/8
China,0.050449,International Aviation,2020/7/8
China,11.607572,Power,2020/7/8
China,1.059633,Residential,2020/7/8
China,31.43073,Total,2020/7/8
China,0.175576,Domestic Aviation,2020/7/9
China,2.59707,Ground Transport,2020/7/9
China,16.080606,Industry,2020/7/9
China,0.052312,International Aviation,2020/7/9
China,11.646944,Power,2020/7/9
China,1.067731,Residential,2020/7/9
China,31.567928,Total,2020/7/9
China,0.193062,Domestic Aviation,2020/7/10
China,2.650498,Ground Transport,2020/7/10
China,15.83938,Industry,2020/7/10
China,0.049646,International Aviation,2020/7/10
China,11.472228,Power,2020/7/10
China,1.066692,Residential,2020/7/10
China,31.22186,Total,2020/7/10
China,0.177775,Domestic Aviation,2020/7/11
China,2.365629,Ground Transport,2020/7/11
China,15.863163,Industry,2020/7/11
China,0.049704,International Aviation,2020/7/11
China,11.489453,Power,2020/7/11
China,1.081682,Residential,2020/7/11
China,30.977703,Total,2020/7/11
China,0.187968,Domestic Aviation,2020/7/12
China,2.155285,Ground Transport,2020/7/12
China,15.421482,Industry,2020/7/12
China,0.052612,International Aviation,2020/7/12
China,11.16955,Power,2020/7/12
China,1.068985,Residential,2020/7/12
China,30.003269,Total,2020/7/12
China,0.183768,Domestic Aviation,2020/7/13
China,2.6106,Ground Transport,2020/7/13
China,15.604949,Industry,2020/7/13
China,0.042809,International Aviation,2020/7/13
China,11.302433,Power,2020/7/13
China,1.064824,Residential,2020/7/13
China,30.766574,Total,2020/7/13
China,0.181755,Domestic Aviation,2020/7/14
China,2.569114,Ground Transport,2020/7/14
China,16.111184,Industry,2020/7/14
China,0.046255,International Aviation,2020/7/14
China,11.669092,Power,2020/7/14
China,1.065117,Residential,2020/7/14
China,31.596262,Total,2020/7/14
China,0.200968,Domestic Aviation,2020/7/15
China,2.638328,Ground Transport,2020/7/15
China,16.141762,Industry,2020/7/15
China,0.050902,International Aviation,2020/7/15
China,11.691239,Power,2020/7/15
China,1.059163,Residential,2020/7/15
China,31.731461,Total,2020/7/15
China,0.203877,Domestic Aviation,2020/7/16
China,2.585765,Ground Transport,2020/7/16
China,15.679695,Industry,2020/7/16
China,0.050798,International Aviation,2020/7/16
China,11.356571,Power,2020/7/16
China,1.064261,Residential,2020/7/16
China,30.890168,Total,2020/7/16
China,0.201803,Domestic Aviation,2020/7/17
China,2.646121,Ground Transport,2020/7/17
China,15.397699,Industry,2020/7/17
China,0.048982,International Aviation,2020/7/17
China,11.152324,Power,2020/7/17
China,1.068265,Residential,2020/7/17
China,30.466211,Total,2020/7/17
China,0.198495,Domestic Aviation,2020/7/18
China,2.386285,Ground Transport,2020/7/18
China,15.051149,Industry,2020/7/18
China,0.052544,International Aviation,2020/7/18
China,10.901323,Power,2020/7/18
China,1.08265,Residential,2020/7/18
China,29.619902,Total,2020/7/18
China,0.209113,Domestic Aviation,2020/7/19
China,2.237785,Ground Transport,2020/7/19
China,15.261797,Industry,2020/7/19
China,0.051297,International Aviation,2020/7/19
China,11.053893,Power,2020/7/19
China,1.068697,Residential,2020/7/19
China,29.831285,Total,2020/7/19
China,0.204253,Domestic Aviation,2020/7/20
China,2.605509,Ground Transport,2020/7/20
China,14.99339,Industry,2020/7/20
China,0.043004,International Aviation,2020/7/20
China,10.85949,Power,2020/7/20
China,1.071147,Residential,2020/7/20
China,29.733789,Total,2020/7/20
China,0.200755,Domestic Aviation,2020/7/21
China,2.582388,Ground Transport,2020/7/21
China,15.458855,Industry,2020/7/21
China,0.04598,International Aviation,2020/7/21
China,11.196619,Power,2020/7/21
China,1.066782,Residential,2020/7/21
China,30.505399,Total,2020/7/21
China,0.205974,Domestic Aviation,2020/7/22
China,2.587162,Ground Transport,2020/7/22
China,15.768032,Industry,2020/7/22
China,0.049244,International Aviation,2020/7/22
China,11.420551,Power,2020/7/22
China,1.060817,Residential,2020/7/22
China,31.042535,Total,2020/7/22
China,0.207716,Domestic Aviation,2020/7/23
China,2.578748,Ground Transport,2020/7/23
China,15.842778,Industry,2020/7/23
China,0.054117,International Aviation,2020/7/23
China,11.474689,Power,2020/7/23
China,1.065048,Residential,2020/7/23
China,31.168979,Total,2020/7/23
China,0.214592,Domestic Aviation,2020/7/24
China,2.641544,Ground Transport,2020/7/24
China,15.822392,Industry,2020/7/24
China,0.04797,International Aviation,2020/7/24
China,11.459924,Power,2020/7/24
China,1.064909,Residential,2020/7/24
China,31.203362,Total,2020/7/24
China,0.206538,Domestic Aviation,2020/7/25
China,2.428555,Ground Transport,2020/7/25
China,15.82579,Industry,2020/7/25
China,0.052699,International Aviation,2020/7/25
China,11.462385,Power,2020/7/25
China,1.069992,Residential,2020/7/25
China,30.993259,Total,2020/7/25
China,0.21328,Domestic Aviation,2020/7/26
China,2.313879,Ground Transport,2020/7/26
China,15.31276,Industry,2020/7/26
China,0.051044,International Aviation,2020/7/26
China,11.090805,Power,2020/7/26
China,1.066529,Residential,2020/7/26
China,29.997252,Total,2020/7/26
China,0.208164,Domestic Aviation,2020/7/27
China,2.597239,Ground Transport,2020/7/27
China,15.499625,Industry,2020/7/27
China,0.044765,International Aviation,2020/7/27
China,11.226148,Power,2020/7/27
China,1.061475,Residential,2020/7/27
China,30.592651,Total,2020/7/27
China,0.205731,Domestic Aviation,2020/7/28
China,2.587595,Ground Transport,2020/7/28
China,15.937909,Industry,2020/7/28
China,0.047753,International Aviation,2020/7/28
China,11.543591,Power,2020/7/28
China,1.062617,Residential,2020/7/28
China,31.337443,Total,2020/7/28
China,0.195502,Domestic Aviation,2020/7/29
China,2.583358,Ground Transport,2020/7/29
China,16.641202,Industry,2020/7/29
China,0.052486,International Aviation,2020/7/29
China,12.052976,Power,2020/7/29
China,1.064845,Residential,2020/7/29
China,32.537882,Total,2020/7/29
China,0.204022,Domestic Aviation,2020/7/30
China,2.570913,Ground Transport,2020/7/30
China,16.719346,Industry,2020/7/30
China,0.049539,International Aviation,2020/7/30
China,12.109574,Power,2020/7/30
China,1.065592,Residential,2020/7/30
China,32.669447,Total,2020/7/30
China,0.217146,Domestic Aviation,2020/7/31
China,2.643947,Ground Transport,2020/7/31
China,16.950379,Industry,2020/7/31
China,0.046343,International Aviation,2020/7/31
China,12.276908,Power,2020/7/31
China,1.064521,Residential,2020/7/31
China,33.152901,Total,2020/7/31
China,0.211224,Domestic Aviation,2020/8/1
China,2.448145,Ground Transport,2020/8/1
China,16.123498,Industry,2020/8/1
China,0.049008,International Aviation,2020/8/1
China,12.602039,Power,2020/8/1
China,1.062198,Residential,2020/8/1
China,32.447104,Total,2020/8/1
China,0.221289,Domestic Aviation,2020/8/2
China,2.219015,Ground Transport,2020/8/2
China,16.068557,Industry,2020/8/2
China,0.047136,International Aviation,2020/8/2
China,12.559097,Power,2020/8/2
China,1.058164,Residential,2020/8/2
China,32.126122,Total,2020/8/2
China,0.213327,Domestic Aviation,2020/8/3
China,2.584381,Ground Transport,2020/8/3
China,16.614733,Industry,2020/8/3
China,0.038204,International Aviation,2020/8/3
China,12.985986,Power,2020/8/3
China,1.059905,Residential,2020/8/3
China,33.458331,Total,2020/8/3
China,0.203644,Domestic Aviation,2020/8/4
China,2.562861,Ground Transport,2020/8/4
China,17.193227,Industry,2020/8/4
China,0.042079,International Aviation,2020/8/4
China,13.438133,Power,2020/8/4
China,1.058679,Residential,2020/8/4
China,34.456544,Total,2020/8/4
China,0.212982,Domestic Aviation,2020/8/5
China,2.586419,Ground Transport,2020/8/5
China,16.924986,Industry,2020/8/5
China,0.046742,International Aviation,2020/8/5
China,13.228478,Power,2020/8/5
China,1.056442,Residential,2020/8/5
China,34.009307,Total,2020/8/5
China,0.215183,Domestic Aviation,2020/8/6
China,2.553665,Ground Transport,2020/8/6
China,16.928218,Industry,2020/8/6
China,0.045621,International Aviation,2020/8/6
China,13.231004,Power,2020/8/6
China,1.057241,Residential,2020/8/6
China,33.985312,Total,2020/8/6
China,0.223964,Domestic Aviation,2020/8/7
China,2.626424,Ground Transport,2020/8/7
China,16.718151,Industry,2020/8/7
China,0.044754,International Aviation,2020/8/7
China,13.066816,Power,2020/8/7
China,1.06113,Residential,2020/8/7
China,33.696486,Total,2020/8/7
China,0.21954,Domestic Aviation,2020/8/8
China,2.419939,Ground Transport,2020/8/8
China,16.659978,Industry,2020/8/8
China,0.046603,International Aviation,2020/8/8
China,13.021349,Power,2020/8/8
China,1.059988,Residential,2020/8/8
China,33.380795,Total,2020/8/8
China,0.225715,Domestic Aviation,2020/8/9
China,2.315318,Ground Transport,2020/8/9
China,16.563024,Industry,2020/8/9
China,0.047911,International Aviation,2020/8/9
China,12.94557,Power,2020/8/9
China,1.060697,Residential,2020/8/9
China,33.110324,Total,2020/8/9
China,0.21985,Domestic Aviation,2020/8/10
China,2.589805,Ground Transport,2020/8/10
China,16.643819,Industry,2020/8/10
China,0.041865,International Aviation,2020/8/10
China,13.008719,Power,2020/8/10
China,1.062447,Residential,2020/8/10
China,33.52464,Total,2020/8/10
China,0.210482,Domestic Aviation,2020/8/11
China,2.580257,Ground Transport,2020/8/11
China,16.815105,Industry,2020/8/11
China,0.044106,International Aviation,2020/8/11
China,13.142595,Power,2020/8/11
China,1.063891,Residential,2020/8/11
China,33.812331,Total,2020/8/11
China,0.211607,Domestic Aviation,2020/8/12
China,2.530918,Ground Transport,2020/8/12
China,17.105968,Industry,2020/8/12
China,0.045684,International Aviation,2020/8/12
China,13.369932,Power,2020/8/12
China,1.073938,Residential,2020/8/12
China,34.292362,Total,2020/8/12
China,0.211285,Domestic Aviation,2020/8/13
China,2.577389,Ground Transport,2020/8/13
China,16.853887,Industry,2020/8/13
China,0.044923,International Aviation,2020/8/13
China,13.172907,Power,2020/8/13
China,1.063365,Residential,2020/8/13
China,33.878834,Total,2020/8/13
China,0.223146,Domestic Aviation,2020/8/14
China,2.639054,Ground Transport,2020/8/14
China,17.025172,Industry,2020/8/14
China,0.045045,International Aviation,2020/8/14
China,13.306783,Power,2020/8/14
China,1.076399,Residential,2020/8/14
China,34.270554,Total,2020/8/14
China,0.216137,Domestic Aviation,2020/8/15
China,2.451967,Ground Transport,2020/8/15
China,16.889436,Industry,2020/8/15
China,0.047139,International Aviation,2020/8/15
China,13.200693,Power,2020/8/15
China,1.069388,Residential,2020/8/15
China,33.827621,Total,2020/8/15
China,0.214072,Domestic Aviation,2020/8/16
China,2.29895,Ground Transport,2020/8/16
China,16.918523,Industry,2020/8/16
China,0.047582,International Aviation,2020/8/16
China,13.223426,Power,2020/8/16
China,1.078615,Residential,2020/8/16
China,33.733586,Total,2020/8/16
China,0.220982,Domestic Aviation,2020/8/17
China,2.591683,Ground Transport,2020/8/17
China,16.436983,Industry,2020/8/17
China,0.040358,International Aviation,2020/8/17
China,12.847057,Power,2020/8/17
China,1.110553,Residential,2020/8/17
China,33.207259,Total,2020/8/17
China,0.215581,Domestic Aviation,2020/8/18
China,2.602574,Ground Transport,2020/8/18
China,16.653514,Industry,2020/8/18
China,0.0396,International Aviation,2020/8/18
China,13.016297,Power,2020/8/18
China,1.116466,Residential,2020/8/18
China,33.604433,Total,2020/8/18
China,0.20995,Domestic Aviation,2020/8/19
China,2.566784,Ground Transport,2020/8/19
China,16.598574,Industry,2020/8/19
China,0.046679,International Aviation,2020/8/19
China,12.973356,Power,2020/8/19
China,1.104894,Residential,2020/8/19
China,33.453558,Total,2020/8/19
China,0.226793,Domestic Aviation,2020/8/20
China,2.583133,Ground Transport,2020/8/20
China,16.48546,Industry,2020/8/20
China,0.046769,International Aviation,2020/8/20
China,12.884947,Power,2020/8/20
China,1.08638,Residential,2020/8/20
China,33.266714,Total,2020/8/20
China,0.233114,Domestic Aviation,2020/8/21
China,2.621627,Ground Transport,2020/8/21
China,15.767999,Industry,2020/8/21
China,0.046007,International Aviation,2020/8/21
China,12.324183,Power,2020/8/21
China,1.070301,Residential,2020/8/21
China,32.017224,Total,2020/8/21
China,0.230037,Domestic Aviation,2020/8/22
China,2.442592,Ground Transport,2020/8/22
China,15.622567,Industry,2020/8/22
China,0.046485,International Aviation,2020/8/22
China,12.210514,Power,2020/8/22
China,1.066181,Residential,2020/8/22
China,31.571892,Total,2020/8/22
China,0.23363,Domestic Aviation,2020/8/23
China,2.28128,Ground Transport,2020/8/23
China,15.797085,Industry,2020/8/23
China,0.04805,International Aviation,2020/8/23
China,12.346916,Power,2020/8/23
China,1.094971,Residential,2020/8/23
China,31.753883,Total,2020/8/23
China,0.231024,Domestic Aviation,2020/8/24
China,2.609737,Ground Transport,2020/8/24
China,15.674276,Industry,2020/8/24
China,0.040118,International Aviation,2020/8/24
China,12.25093,Power,2020/8/24
China,1.071302,Residential,2020/8/24
China,31.837268,Total,2020/8/24
China,0.225594,Domestic Aviation,2020/8/25
China,2.647215,Ground Transport,2020/8/25
China,15.868185,Industry,2020/8/25
China,0.041178,International Aviation,2020/8/25
China,12.402488,Power,2020/8/25
China,1.065427,Residential,2020/8/25
China,32.208909,Total,2020/8/25
China,0.222787,Domestic Aviation,2020/8/26
China,2.60274,Ground Transport,2020/8/26
China,16.230147,Industry,2020/8/26
China,0.046508,International Aviation,2020/8/26
China,12.685396,Power,2020/8/26
China,1.064623,Residential,2020/8/26
China,32.805692,Total,2020/8/26
China,0.220614,Domestic Aviation,2020/8/27
China,2.569397,Ground Transport,2020/8/27
China,15.732449,Industry,2020/8/27
China,0.046586,International Aviation,2020/8/27
China,12.296397,Power,2020/8/27
China,1.067571,Residential,2020/8/27
China,31.886428,Total,2020/8/27
China,0.227725,Domestic Aviation,2020/8/28
China,2.66087,Ground Transport,2020/8/28
China,15.205664,Industry,2020/8/28
China,0.048394,International Aviation,2020/8/28
China,11.884665,Power,2020/8/28
China,1.07852,Residential,2020/8/28
China,31.057444,Total,2020/8/28
China,0.223726,Domestic Aviation,2020/8/29
China,2.459278,Ground Transport,2020/8/29
China,15.312313,Industry,2020/8/29
China,0.046407,International Aviation,2020/8/29
China,11.968022,Power,2020/8/29
China,1.112994,Residential,2020/8/29
China,31.076333,Total,2020/8/29
China,0.218275,Domestic Aviation,2020/8/30
China,2.244223,Ground Transport,2020/8/30
China,15.322009,Industry,2020/8/30
China,0.050003,International Aviation,2020/8/30
China,11.9756,Power,2020/8/30
China,1.135882,Residential,2020/8/30
China,30.895989,Total,2020/8/30
China,0.216442,Domestic Aviation,2020/8/31
China,2.614087,Ground Transport,2020/8/31
China,15.144259,Industry,2020/8/31
China,0.042549,International Aviation,2020/8/31
China,11.836671,Power,2020/8/31
China,1.096782,Residential,2020/8/31
China,30.908242,Total,2020/8/31
China,0.20729,Domestic Aviation,2020/9/1
China,2.967762,Ground Transport,2020/9/1
China,19.667381,Industry,2020/9/1
China,0.040225,International Aviation,2020/9/1
China,12.369438,Power,2020/9/1
China,1.10925,Residential,2020/9/1
China,36.321121,Total,2020/9/1
China,0.207424,Domestic Aviation,2020/9/2
China,2.957235,Ground Transport,2020/9/2
China,19.667381,Industry,2020/9/2
China,0.050246,International Aviation,2020/9/2
China,12.369438,Power,2020/9/2
China,1.113421,Residential,2020/9/2
China,36.314899,Total,2020/9/2
China,0.212825,Domestic Aviation,2020/9/3
China,2.979028,Ground Transport,2020/9/3
China,19.244294,Industry,2020/9/3
China,0.046912,International Aviation,2020/9/3
China,12.103345,Power,2020/9/3
China,1.12096,Residential,2020/9/3
China,35.660453,Total,2020/9/3
China,0.225525,Domestic Aviation,2020/9/4
China,3.048636,Ground Transport,2020/9/4
China,18.24203,Industry,2020/9/4
China,0.050123,International Aviation,2020/9/4
China,11.472989,Power,2020/9/4
China,1.104341,Residential,2020/9/4
China,34.093521,Total,2020/9/4
China,0.216242,Domestic Aviation,2020/9/5
China,2.808,Ground Transport,2020/9/5
China,17.995571,Industry,2020/9/5
China,0.045899,International Aviation,2020/9/5
China,11.317984,Power,2020/9/5
China,1.106432,Residential,2020/9/5
China,33.444229,Total,2020/9/5
China,0.223642,Domestic Aviation,2020/9/6
China,2.658567,Ground Transport,2020/9/6
China,18.053078,Industry,2020/9/6
China,0.050657,International Aviation,2020/9/6
China,11.354152,Power,2020/9/6
China,1.102877,Residential,2020/9/6
China,33.392315,Total,2020/9/6
China,0.212305,Domestic Aviation,2020/9/7
China,3.007713,Ground Transport,2020/9/7
China,17.73679,Industry,2020/9/7
China,0.041144,International Aviation,2020/9/7
China,11.155228,Power,2020/9/7
China,1.103533,Residential,2020/9/7
China,33.21557,Total,2020/9/7
China,0.207743,Domestic Aviation,2020/9/8
China,2.969938,Ground Transport,2020/9/8
China,18.270783,Industry,2020/9/8
China,0.040577,International Aviation,2020/9/8
China,11.491073,Power,2020/9/8
China,1.110349,Residential,2020/9/8
China,34.049887,Total,2020/9/8
China,0.227403,Domestic Aviation,2020/9/9
China,2.990391,Ground Transport,2020/9/9
China,18.098262,Industry,2020/9/9
China,0.052018,International Aviation,2020/9/9
China,11.382569,Power,2020/9/9
China,1.124723,Residential,2020/9/9
China,33.823348,Total,2020/9/9
China,0.228178,Domestic Aviation,2020/9/10
China,3.010035,Ground Transport,2020/9/10
China,18.344721,Industry,2020/9/10
China,0.049397,International Aviation,2020/9/10
China,11.537575,Power,2020/9/10
China,1.133588,Residential,2020/9/10
China,34.254096,Total,2020/9/10
China,0.233568,Domestic Aviation,2020/9/11
China,3.047183,Ground Transport,2020/9/11
China,17.465686,Industry,2020/9/11
China,0.050034,International Aviation,2020/9/11
China,10.984722,Power,2020/9/11
China,1.132512,Residential,2020/9/11
China,32.863671,Total,2020/9/11
China,0.231095,Domestic Aviation,2020/9/12
China,2.82568,Ground Transport,2020/9/12
China,17.165828,Industry,2020/9/12
China,0.047583,International Aviation,2020/9/12
China,10.796132,Power,2020/9/12
China,1.130673,Residential,2020/9/12
China,32.149408,Total,2020/9/12
China,0.234807,Domestic Aviation,2020/9/13
China,2.670332,Ground Transport,2020/9/13
China,16.902939,Industry,2020/9/13
China,0.051243,International Aviation,2020/9/13
China,10.630793,Power,2020/9/13
China,1.153116,Residential,2020/9/13
China,31.591987,Total,2020/9/13
China,0.229756,Domestic Aviation,2020/9/14
China,3.042952,Ground Transport,2020/9/14
China,16.816679,Industry,2020/9/14
China,0.042464,International Aviation,2020/9/14
China,10.576541,Power,2020/9/14
China,1.149521,Residential,2020/9/14
China,31.815449,Total,2020/9/14
China,0.227617,Domestic Aviation,2020/9/15
China,3.050871,Ground Transport,2020/9/15
China,17.223335,Industry,2020/9/15
China,0.041456,International Aviation,2020/9/15
China,10.8323,Power,2020/9/15
China,1.153785,Residential,2020/9/15
China,32.487908,Total,2020/9/15
China,0.235572,Domestic Aviation,2020/9/16
China,3.018238,Ground Transport,2020/9/16
China,16.611297,Industry,2020/9/16
China,0.053145,International Aviation,2020/9/16
China,10.44737,Power,2020/9/16
China,1.173112,Residential,2020/9/16
China,31.485588,Total,2020/9/16
China,0.233571,Domestic Aviation,2020/9/17
China,3.049181,Ground Transport,2020/9/17
China,16.672911,Industry,2020/9/17
China,0.050721,International Aviation,2020/9/17
China,10.486121,Power,2020/9/17
China,1.197875,Residential,2020/9/17
China,31.639659,Total,2020/9/17
China,0.237104,Domestic Aviation,2020/9/18
China,3.07862,Ground Transport,2020/9/18
China,15.982828,Industry,2020/9/18
China,0.052005,International Aviation,2020/9/18
China,10.052106,Power,2020/9/18
China,1.185258,Residential,2020/9/18
China,30.535915,Total,2020/9/18
China,0.234405,Domestic Aviation,2020/9/19
China,2.850709,Ground Transport,2020/9/19
China,15.551526,Industry,2020/9/19
China,0.051929,International Aviation,2020/9/19
China,9.780846,Power,2020/9/19
China,1.182903,Residential,2020/9/19
China,29.600389,Total,2020/9/19
China,0.238458,Domestic Aviation,2020/9/20
China,2.736104,Ground Transport,2020/9/20
China,15.481696,Industry,2020/9/20
China,0.05361,International Aviation,2020/9/20
China,9.736928,Power,2020/9/20
China,1.206329,Residential,2020/9/20
China,29.399515,Total,2020/9/20
China,0.234202,Domestic Aviation,2020/9/21
China,3.01731,Ground Transport,2020/9/21
China,15.379005,Industry,2020/9/21
China,0.045209,International Aviation,2020/9/21
China,9.672342,Power,2020/9/21
China,1.218228,Residential,2020/9/21
China,29.521087,Total,2020/9/21
China,0.23479,Domestic Aviation,2020/9/22
China,3.002109,Ground Transport,2020/9/22
China,15.691185,Industry,2020/9/22
China,0.045052,International Aviation,2020/9/22
China,9.868683,Power,2020/9/22
China,1.22521,Residential,2020/9/22
China,30.021976,Total,2020/9/22
China,0.236272,Domestic Aviation,2020/9/23
China,3.036271,Ground Transport,2020/9/23
China,16.138918,Industry,2020/9/23
China,0.0504,International Aviation,2020/9/23
China,10.150276,Power,2020/9/23
China,1.21653,Residential,2020/9/23
China,30.778267,Total,2020/9/23
China,0.23805,Domestic Aviation,2020/9/24
China,3.013221,Ground Transport,2020/9/24
China,15.90889,Industry,2020/9/24
China,0.052261,International Aviation,2020/9/24
China,10.005604,Power,2020/9/24
China,1.181863,Residential,2020/9/24
China,30.347628,Total,2020/9/24
China,0.244988,Domestic Aviation,2020/9/25
China,3.070047,Ground Transport,2020/9/25
China,15.773338,Industry,2020/9/25
China,0.05288,International Aviation,2020/9/25
China,9.920351,Power,2020/9/25
China,1.186933,Residential,2020/9/25
China,30.195657,Total,2020/9/25
China,0.244194,Domestic Aviation,2020/9/26
China,2.879058,Ground Transport,2020/9/26
China,15.654217,Industry,2020/9/26
China,0.05266,International Aviation,2020/9/26
China,9.845432,Power,2020/9/26
China,1.181301,Residential,2020/9/26
China,29.804201,Total,2020/9/26
China,0.24746,Domestic Aviation,2020/9/27
China,2.990945,Ground Transport,2020/9/27
China,15.567956,Industry,2020/9/27
China,0.052375,International Aviation,2020/9/27
China,9.79118,Power,2020/9/27
China,1.170839,Residential,2020/9/27
China,29.76838,Total,2020/9/27
China,0.241083,Domestic Aviation,2020/9/28
China,3.017984,Ground Transport,2020/9/28
China,15.255775,Industry,2020/9/28
China,0.049072,International Aviation,2020/9/28
China,9.59484,Power,2020/9/28
China,1.215527,Residential,2020/9/28
China,29.325209,Total,2020/9/28
China,0.155192,Domestic Aviation,2020/9/29
China,3.076459,Ground Transport,2020/9/29
China,15.469373,Industry,2020/9/29
China,0.039178,International Aviation,2020/9/29
China,9.729178,Power,2020/9/29
China,1.30905,Residential,2020/9/29
China,29.739251,Total,2020/9/29
China,0.248873,Domestic Aviation,2020/9/30
China,3.130081,Ground Transport,2020/9/30
China,15.7528,Industry,2020/9/30
China,0.05365,International Aviation,2020/9/30
China,9.907434,Power,2020/9/30
China,1.280113,Residential,2020/9/30
China,30.3193,Total,2020/9/30
China,0.247834,Domestic Aviation,2020/10/1
China,2.041739,Ground Transport,2020/10/1
China,15.21105,Industry,2020/10/1
China,0.051645,International Aviation,2020/10/1
China,8.95071,Power,2020/10/1
China,1.237179,Residential,2020/10/1
China,27.688512,Total,2020/10/1
China,0.243836,Domestic Aviation,2020/10/2
China,1.946305,Ground Transport,2020/10/2
China,14.311812,Industry,2020/10/2
China,0.048708,International Aviation,2020/10/2
China,8.421567,Power,2020/10/2
China,1.326414,Residential,2020/10/2
China,26.249933,Total,2020/10/2
China,0.240939,Domestic Aviation,2020/10/3
China,1.878711,Ground Transport,2020/10/3
China,14.278038,Industry,2020/10/3
China,0.045013,International Aviation,2020/10/3
China,8.401693,Power,2020/10/3
China,1.347562,Residential,2020/10/3
China,26.146944,Total,2020/10/3
China,0.24098,Domestic Aviation,2020/10/4
China,1.822156,Ground Transport,2020/10/4
China,14.991518,Industry,2020/10/4
China,0.040559,International Aviation,2020/10/4
China,8.821529,Power,2020/10/4
China,1.558253,Residential,2020/10/4
China,27.434436,Total,2020/10/4
China,0.241493,Domestic Aviation,2020/10/5
China,1.985858,Ground Transport,2020/10/5
China,14.9493,Industry,2020/10/5
China,0.034232,International Aviation,2020/10/5
China,8.796687,Power,2020/10/5
China,1.643501,Residential,2020/10/5
China,27.616839,Total,2020/10/5
China,0.244841,Domestic Aviation,2020/10/6
China,2.021171,Ground Transport,2020/10/6
China,15.265933,Industry,2020/10/6
China,0.032215,International Aviation,2020/10/6
China,8.983005,Power,2020/10/6
China,1.565701,Residential,2020/10/6
China,28.080651,Total,2020/10/6
China,0.252546,Domestic Aviation,2020/10/7
China,2.078721,Ground Transport,2020/10/7
China,15.645893,Industry,2020/10/7
China,0.03736,International Aviation,2020/10/7
China,9.206586,Power,2020/10/7
China,1.446849,Residential,2020/10/7
China,28.630594,Total,2020/10/7
China,0.250549,Domestic Aviation,2020/10/8
China,2.065374,Ground Transport,2020/10/8
China,15.667001,Industry,2020/10/8
China,0.034035,International Aviation,2020/10/8
China,9.219007,Power,2020/10/8
China,1.339546,Residential,2020/10/8
China,28.541478,Total,2020/10/8
China,0.243778,Domestic Aviation,2020/10/9
China,2.363269,Ground Transport,2020/10/9
China,15.244824,Industry,2020/10/9
China,0.038049,International Aviation,2020/10/9
China,8.970584,Power,2020/10/9
China,1.291155,Residential,2020/10/9
China,28.11361,Total,2020/10/9
China,0.239834,Domestic Aviation,2020/10/10
China,2.421996,Ground Transport,2020/10/10
China,15.793655,Industry,2020/10/10
China,0.040247,International Aviation,2020/10/10
China,9.293535,Power,2020/10/10
China,1.23834,Residential,2020/10/10
China,28.987359,Total,2020/10/10
China,0.23809,Domestic Aviation,2020/10/11
China,2.100753,Ground Transport,2020/10/11
China,16.156727,Industry,2020/10/11
China,0.042291,International Aviation,2020/10/11
China,9.507179,Power,2020/10/11
China,1.367939,Residential,2020/10/11
China,29.370687,Total,2020/10/11
China,0.231437,Domestic Aviation,2020/10/12
China,2.402729,Ground Transport,2020/10/12
China,15.823207,Industry,2020/10/12
China,0.043572,International Aviation,2020/10/12
China,9.310924,Power,2020/10/12
China,1.465821,Residential,2020/10/12
China,29.234118,Total,2020/10/12
China,0.221067,Domestic Aviation,2020/10/13
China,2.368205,Ground Transport,2020/10/13
China,16.152505,Industry,2020/10/13
China,0.04553,International Aviation,2020/10/13
China,9.504695,Power,2020/10/13
China,1.470729,Residential,2020/10/13
China,29.717201,Total,2020/10/13
China,0.231329,Domestic Aviation,2020/10/14
China,2.367765,Ground Transport,2020/10/14
China,16.684449,Industry,2020/10/14
China,0.053944,International Aviation,2020/10/14
China,9.817709,Power,2020/10/14
China,1.63352,Residential,2020/10/14
China,30.734773,Total,2020/10/14
China,0.230953,Domestic Aviation,2020/10/15
China,2.392286,Ground Transport,2020/10/15
China,16.536687,Industry,2020/10/15
China,0.053268,International Aviation,2020/10/15
China,9.73076,Power,2020/10/15
China,1.602442,Residential,2020/10/15
China,30.493128,Total,2020/10/15
China,0.230589,Domestic Aviation,2020/10/16
China,2.462568,Ground Transport,2020/10/16
China,17.44859,Industry,2020/10/16
China,0.05547,International Aviation,2020/10/16
China,10.267356,Power,2020/10/16
China,1.69132,Residential,2020/10/16
China,32.100423,Total,2020/10/16
China,0.227971,Domestic Aviation,2020/10/17
China,2.28187,Ground Transport,2020/10/17
China,17.148844,Industry,2020/10/17
China,0.052737,International Aviation,2020/10/17
China,10.090975,Power,2020/10/17
China,1.614628,Residential,2020/10/17
China,31.364289,Total,2020/10/17
China,0.229639,Domestic Aviation,2020/10/18
China,2.174398,Ground Transport,2020/10/18
China,16.811102,Industry,2020/10/18
China,0.055813,International Aviation,2020/10/18
China,9.892236,Power,2020/10/18
China,1.624663,Residential,2020/10/18
China,30.732039,Total,2020/10/18
China,0.22717,Domestic Aviation,2020/10/19
China,2.391124,Ground Transport,2020/10/19
China,16.963086,Industry,2020/10/19
China,0.049967,International Aviation,2020/10/19
China,9.981668,Power,2020/10/19
China,1.535459,Residential,2020/10/19
China,31.098507,Total,2020/10/19
China,0.225737,Domestic Aviation,2020/10/20
China,2.366858,Ground Transport,2020/10/20
China,17.005304,Industry,2020/10/20
China,0.050545,International Aviation,2020/10/20
China,10.006511,Power,2020/10/20
China,1.436293,Residential,2020/10/20
China,31.040703,Total,2020/10/20
China,0.223513,Domestic Aviation,2020/10/21
China,2.370125,Ground Transport,2020/10/21
China,17.165731,Industry,2020/10/21
China,0.057064,International Aviation,2020/10/21
China,10.100912,Power,2020/10/21
China,1.636571,Residential,2020/10/21
China,31.496852,Total,2020/10/21
China,0.224336,Domestic Aviation,2020/10/22
China,2.37644,Ground Transport,2020/10/22
China,17.283941,Industry,2020/10/22
China,0.05894,International Aviation,2020/10/22
China,10.170471,Power,2020/10/22
China,1.719834,Residential,2020/10/22
China,31.775021,Total,2020/10/22
China,0.229387,Domestic Aviation,2020/10/23
China,2.431204,Ground Transport,2020/10/23
China,17.267054,Industry,2020/10/23
China,0.057672,International Aviation,2020/10/23
China,10.160534,Power,2020/10/23
China,1.777379,Residential,2020/10/23
China,31.865558,Total,2020/10/23
China,0.211486,Domestic Aviation,2020/10/24
China,2.302902,Ground Transport,2020/10/24
China,17.123513,Industry,2020/10/24
China,0.057062,International Aviation,2020/10/24
China,10.076069,Power,2020/10/24
China,1.620109,Residential,2020/10/24
China,31.334081,Total,2020/10/24
China,0.228788,Domestic Aviation,2020/10/25
China,2.219969,Ground Transport,2020/10/25
China,17.511916,Industry,2020/10/25
China,0.056179,International Aviation,2020/10/25
China,10.304619,Power,2020/10/25
China,1.491549,Residential,2020/10/25
China,31.756843,Total,2020/10/25
China,0.23055,Domestic Aviation,2020/10/26
China,2.387177,Ground Transport,2020/10/26
China,17.59213,Industry,2020/10/26
China,0.049526,International Aviation,2020/10/26
China,10.35182,Power,2020/10/26
China,1.414661,Residential,2020/10/26
China,31.976337,Total,2020/10/26
China,0.22675,Domestic Aviation,2020/10/27
China,2.386564,Ground Transport,2020/10/27
China,17.444368,Industry,2020/10/27
China,0.053082,International Aviation,2020/10/27
China,10.264872,Power,2020/10/27
China,1.594751,Residential,2020/10/27
China,31.917304,Total,2020/10/27
China,0.22653,Domestic Aviation,2020/10/28
China,2.393136,Ground Transport,2020/10/28
China,18.090299,Industry,2020/10/28
China,0.058402,International Aviation,2020/10/28
China,10.64496,Power,2020/10/28
China,1.678478,Residential,2020/10/28
China,33.033403,Total,2020/10/28
China,0.229093,Domestic Aviation,2020/10/29
China,2.387401,Ground Transport,2020/10/29
China,18.394267,Industry,2020/10/29
China,0.061737,International Aviation,2020/10/29
China,10.823825,Power,2020/10/29
China,1.69645,Residential,2020/10/29
China,33.531035,Total,2020/10/29
China,0.233912,Domestic Aviation,2020/10/30
China,2.44819,Ground Transport,2020/10/30
China,19.057086,Industry,2020/10/30
China,0.059569,International Aviation,2020/10/30
China,11.213851,Power,2020/10/30
China,1.583177,Residential,2020/10/30
China,34.536216,Total,2020/10/30
China,0.22728,Domestic Aviation,2020/10/31
China,2.317284,Ground Transport,2020/10/31
China,18.368936,Industry,2020/10/31
China,0.056012,International Aviation,2020/10/31
China,10.80892,Power,2020/10/31
China,1.52322,Residential,2020/10/31
China,33.24564,Total,2020/10/31
China,0.233716,Domestic Aviation,2020/11/1
China,2.258456,Ground Transport,2020/11/1
China,15.34897,Industry,2020/11/1
China,0.061604,International Aviation,2020/11/1
China,10.696992,Power,2020/11/1
China,1.687325,Residential,2020/11/1
China,30.225459,Total,2020/11/1
China,0.22884,Domestic Aviation,2020/11/2
China,2.396196,Ground Transport,2020/11/2
China,15.578863,Industry,2020/11/2
China,0.052243,International Aviation,2020/11/2
China,10.857209,Power,2020/11/2
China,1.879069,Residential,2020/11/2
China,30.940177,Total,2020/11/2
China,0.226829,Domestic Aviation,2020/11/3
China,2.385491,Ground Transport,2020/11/3
China,15.52139,Industry,2020/11/3
China,0.055202,International Aviation,2020/11/3
China,10.817155,Power,2020/11/3
China,2.004997,Residential,2020/11/3
China,30.955861,Total,2020/11/3
China,0.228248,Domestic Aviation,2020/11/4
China,2.391886,Ground Transport,2020/11/4
China,15.438772,Industry,2020/11/4
China,0.060111,International Aviation,2020/11/4
China,10.759577,Power,2020/11/4
China,1.810721,Residential,2020/11/4
China,30.629204,Total,2020/11/4
China,0.228756,Domestic Aviation,2020/11/5
China,2.401814,Ground Transport,2020/11/5
China,15.905743,Industry,2020/11/5
China,0.064161,International Aviation,2020/11/5
China,11.085018,Power,2020/11/5
China,1.653306,Residential,2020/11/5
China,31.274637,Total,2020/11/5
China,0.235761,Domestic Aviation,2020/11/6
China,2.44718,Ground Transport,2020/11/6
China,15.898559,Industry,2020/11/6
China,0.05847,International Aviation,2020/11/6
China,11.080011,Power,2020/11/6
China,1.648184,Residential,2020/11/6
China,31.309694,Total,2020/11/6
China,0.22967,Domestic Aviation,2020/11/7
China,2.306336,Ground Transport,2020/11/7
China,15.877006,Industry,2020/11/7
China,0.060903,International Aviation,2020/11/7
China,11.064991,Power,2020/11/7
China,1.713249,Residential,2020/11/7
China,31.191252,Total,2020/11/7
China,0.236233,Domestic Aviation,2020/11/8
China,2.292278,Ground Transport,2020/11/8
China,15.851862,Industry,2020/11/8
China,0.060499,International Aviation,2020/11/8
China,11.047467,Power,2020/11/8
China,1.909887,Residential,2020/11/8
China,31.337727,Total,2020/11/8
China,0.232345,Domestic Aviation,2020/11/9
China,2.421322,Ground Transport,2020/11/9
China,15.733323,Industry,2020/11/9
China,0.05471,International Aviation,2020/11/9
China,10.964855,Power,2020/11/9
China,1.97414,Residential,2020/11/9
China,31.325986,Total,2020/11/9
China,0.229045,Domestic Aviation,2020/11/10
China,2.396215,Ground Transport,2020/11/10
China,16.1069,Industry,2020/11/10
China,0.05626,International Aviation,2020/11/10
China,11.225208,Power,2020/11/10
China,1.865815,Residential,2020/11/10
China,31.823183,Total,2020/11/10
China,0.224288,Domestic Aviation,2020/11/11
China,2.400099,Ground Transport,2020/11/11
China,16.31524,Industry,2020/11/11
China,0.063522,International Aviation,2020/11/11
China,11.370404,Power,2020/11/11
China,1.708749,Residential,2020/11/11
China,32.018781,Total,2020/11/11
China,0.222156,Domestic Aviation,2020/11/12
China,2.413919,Ground Transport,2020/11/12
China,16.29728,Industry,2020/11/12
China,0.063528,International Aviation,2020/11/12
China,11.357887,Power,2020/11/12
China,1.714552,Residential,2020/11/12
China,32.005795,Total,2020/11/12
China,0.226451,Domestic Aviation,2020/11/13
China,2.425896,Ground Transport,2020/11/13
China,16.88279,Industry,2020/11/13
China,0.064466,International Aviation,2020/11/13
China,11.76594,Power,2020/11/13
China,1.769032,Residential,2020/11/13
China,33.070109,Total,2020/11/13
China,0.223908,Domestic Aviation,2020/11/14
China,2.293863,Ground Transport,2020/11/14
China,16.879197,Industry,2020/11/14
China,0.061367,International Aviation,2020/11/14
China,11.763437,Power,2020/11/14
China,1.758124,Residential,2020/11/14
China,32.91853,Total,2020/11/14
China,0.23372,Domestic Aviation,2020/11/15
China,2.270676,Ground Transport,2020/11/15
China,16.810948,Industry,2020/11/15
China,0.067356,International Aviation,2020/11/15
China,11.715872,Power,2020/11/15
China,1.684071,Residential,2020/11/15
China,32.715286,Total,2020/11/15
China,0.230256,Domestic Aviation,2020/11/16
China,2.39266,Ground Transport,2020/11/16
China,16.631344,Industry,2020/11/16
China,0.056218,International Aviation,2020/11/16
China,11.590703,Power,2020/11/16
China,1.619012,Residential,2020/11/16
China,32.463975,Total,2020/11/16
China,0.235108,Domestic Aviation,2020/11/17
China,2.389626,Ground Transport,2020/11/17
China,16.721146,Industry,2020/11/17
China,0.062064,International Aviation,2020/11/17
China,11.653288,Power,2020/11/17
China,1.61379,Residential,2020/11/17
China,32.612958,Total,2020/11/17
China,0.234693,Domestic Aviation,2020/11/18
China,2.410131,Ground Transport,2020/11/18
China,17.087538,Industry,2020/11/18
China,0.066479,International Aviation,2020/11/18
China,11.908634,Power,2020/11/18
China,1.785041,Residential,2020/11/18
China,33.426037,Total,2020/11/18
China,0.218319,Domestic Aviation,2020/11/19
China,2.386158,Ground Transport,2020/11/19
China,16.997736,Industry,2020/11/19
China,0.06483,International Aviation,2020/11/19
China,11.846049,Power,2020/11/19
China,2.063983,Residential,2020/11/19
China,33.512245,Total,2020/11/19
China,0.237464,Domestic Aviation,2020/11/20
China,2.428808,Ground Transport,2020/11/20
China,17.59043,Industry,2020/11/20
China,0.065101,International Aviation,2020/11/20
China,12.259108,Power,2020/11/20
China,2.241511,Residential,2020/11/20
China,34.757321,Total,2020/11/20
China,0.223757,Domestic Aviation,2020/11/21
China,2.29389,Ground Transport,2020/11/21
China,18.03944,Industry,2020/11/21
China,0.063848,International Aviation,2020/11/21
China,12.572032,Power,2020/11/21
China,2.447555,Residential,2020/11/21
China,35.576675,Total,2020/11/21
China,0.240084,Domestic Aviation,2020/11/22
China,2.27995,Ground Transport,2020/11/22
China,18.387872,Industry,2020/11/22
China,0.068445,International Aviation,2020/11/22
China,12.814861,Power,2020/11/22
China,2.710353,Residential,2020/11/22
China,36.433121,Total,2020/11/22
China,0.238744,Domestic Aviation,2020/11/23
China,2.423669,Ground Transport,2020/11/23
China,18.086137,Industry,2020/11/23
China,0.054134,International Aviation,2020/11/23
China,12.604576,Power,2020/11/23
China,2.741311,Residential,2020/11/23
China,36.094438,Total,2020/11/23
China,0.230013,Domestic Aviation,2020/11/24
China,2.433913,Ground Transport,2020/11/24
China,18.847659,Industry,2020/11/24
China,0.058553,International Aviation,2020/11/24
China,13.135295,Power,2020/11/24
China,2.639068,Residential,2020/11/24
China,37.285948,Total,2020/11/24
China,0.230871,Domestic Aviation,2020/11/25
China,2.438767,Ground Transport,2020/11/25
China,19.48705,Industry,2020/11/25
China,0.064037,International Aviation,2020/11/25
China,13.580899,Power,2020/11/25
China,2.514202,Residential,2020/11/25
China,38.251789,Total,2020/11/25
China,0.228784,Domestic Aviation,2020/11/26
China,2.430248,Ground Transport,2020/11/26
China,19.742087,Industry,2020/11/26
China,0.066621,International Aviation,2020/11/26
China,13.75864,Power,2020/11/26
China,2.580998,Residential,2020/11/26
China,38.740758,Total,2020/11/26
China,0.238203,Domestic Aviation,2020/11/27
China,2.454535,Ground Transport,2020/11/27
China,19.95402,Industry,2020/11/27
China,0.063652,International Aviation,2020/11/27
China,13.90634,Power,2020/11/27
China,2.691889,Residential,2020/11/27
China,39.244988,Total,2020/11/27
China,0.229573,Domestic Aviation,2020/11/28
China,2.280137,Ground Transport,2020/11/28
China,19.903731,Industry,2020/11/28
China,0.065087,International Aviation,2020/11/28
China,13.871293,Power,2020/11/28
China,2.864992,Residential,2020/11/28
China,39.149726,Total,2020/11/28
China,0.235038,Domestic Aviation,2020/11/29
China,2.286332,Ground Transport,2020/11/29
China,20.237795,Industry,2020/11/29
China,0.066563,International Aviation,2020/11/29
China,14.104108,Power,2020/11/29
China,2.834129,Residential,2020/11/29
China,39.697401,Total,2020/11/29
China,0.233552,Domestic Aviation,2020/11/30
China,2.414188,Ground Transport,2020/11/30
China,19.9181,Industry,2020/11/30
China,0.055535,International Aviation,2020/11/30
China,13.881306,Power,2020/11/30
China,2.802172,Residential,2020/11/30
China,39.249318,Total,2020/11/30
China,0.229281,Domestic Aviation,2020/12/1
China,2.369684,Ground Transport,2020/12/1
China,15.34829,Industry,2020/12/1
China,0.061303,International Aviation,2020/12/1
China,15.251516,Power,2020/12/1
China,2.72329,Residential,2020/12/1
China,35.922062,Total,2020/12/1
China,0.231414,Domestic Aviation,2020/12/2
China,2.36086,Ground Transport,2020/12/2
China,15.496318,Industry,2020/12/2
China,0.06814,International Aviation,2020/12/2
China,15.398611,Power,2020/12/2
China,2.822824,Residential,2020/12/2
China,36.310026,Total,2020/12/2
China,0.229538,Domestic Aviation,2020/12/3
China,2.388855,Ground Transport,2020/12/3
China,15.734807,Industry,2020/12/3
China,0.071104,International Aviation,2020/12/3
China,15.635596,Power,2020/12/3
China,2.987629,Residential,2020/12/3
China,36.976425,Total,2020/12/3
China,0.237874,Domestic Aviation,2020/12/4
China,2.418523,Ground Transport,2020/12/4
China,15.767702,Industry,2020/12/4
China,0.065771,International Aviation,2020/12/4
China,15.668284,Power,2020/12/4
China,3.027895,Residential,2020/12/4
China,37.120278,Total,2020/12/4
China,0.231087,Domestic Aviation,2020/12/5
China,2.283096,Ground Transport,2020/12/5
China,15.956849,Industry,2020/12/5
China,0.063511,International Aviation,2020/12/5
China,15.856238,Power,2020/12/5
China,2.891438,Residential,2020/12/5
China,37.218707,Total,2020/12/5
China,0.238644,Domestic Aviation,2020/12/6
China,2.265102,Ground Transport,2020/12/6
China,15.847199,Industry,2020/12/6
China,0.073072,International Aviation,2020/12/6
China,15.747279,Power,2020/12/6
China,2.706937,Residential,2020/12/6
China,36.80516,Total,2020/12/6
China,0.233783,Domestic Aviation,2020/12/7
China,2.360774,Ground Transport,2020/12/7
China,16.225492,Industry,2020/12/7
China,0.056016,International Aviation,2020/12/7
China,16.123187,Power,2020/12/7
China,2.868451,Residential,2020/12/7
China,37.811686,Total,2020/12/7
China,0.227302,Domestic Aviation,2020/12/8
China,2.338863,Ground Transport,2020/12/8
China,16.041828,Industry,2020/12/8
China,0.063636,International Aviation,2020/12/8
China,15.940681,Power,2020/12/8
China,2.809715,Residential,2020/12/8
China,37.358389,Total,2020/12/8
China,0.228438,Domestic Aviation,2020/12/9
China,2.329011,Ground Transport,2020/12/9
China,16.239198,Industry,2020/12/9
China,0.067003,International Aviation,2020/12/9
China,16.136807,Power,2020/12/9
China,2.650745,Residential,2020/12/9
China,37.584199,Total,2020/12/9
China,0.225033,Domestic Aviation,2020/12/10
China,2.317558,Ground Transport,2020/12/10
China,15.860905,Industry,2020/12/10
China,0.066805,International Aviation,2020/12/10
China,15.760899,Power,2020/12/10
China,2.640666,Residential,2020/12/10
China,36.80506,Total,2020/12/10
China,0.229491,Domestic Aviation,2020/12/11
China,2.375028,Ground Transport,2020/12/11
China,16.354331,Industry,2020/12/11
China,0.069802,International Aviation,2020/12/11
China,16.251214,Power,2020/12/11
China,2.715641,Residential,2020/12/11
China,37.925704,Total,2020/12/11
China,0.218421,Domestic Aviation,2020/12/12
China,2.213001,Ground Transport,2020/12/12
China,16.348848,Industry,2020/12/12
China,0.066301,International Aviation,2020/12/12
China,16.245766,Power,2020/12/12
China,2.721181,Residential,2020/12/12
China,37.747217,Total,2020/12/12
China,0.228531,Domestic Aviation,2020/12/13
China,2.176993,Ground Transport,2020/12/13
China,16.209044,Industry,2020/12/13
China,0.070149,International Aviation,2020/12/13
China,16.106843,Power,2020/12/13
China,3.115734,Residential,2020/12/13
China,37.837146,Total,2020/12/13
China,0.221869,Domestic Aviation,2020/12/14
China,2.372144,Ground Transport,2020/12/14
China,16.543478,Industry,2020/12/14
China,0.058482,International Aviation,2020/12/14
China,16.439168,Power,2020/12/14
China,3.483488,Residential,2020/12/14
China,39.060146,Total,2020/12/14
China,0.217145,Domestic Aviation,2020/12/15
China,2.359925,Ground Transport,2020/12/15
China,16.908065,Industry,2020/12/15
China,0.064905,International Aviation,2020/12/15
China,16.801456,Power,2020/12/15
China,3.448213,Residential,2020/12/15
China,39.734803,Total,2020/12/15
China,0.22355,Domestic Aviation,2020/12/16
China,2.362557,Ground Transport,2020/12/16
China,16.603785,Industry,2020/12/16
China,0.066402,International Aviation,2020/12/16
China,16.499095,Power,2020/12/16
China,3.339028,Residential,2020/12/16
China,39.028015,Total,2020/12/16
China,0.219443,Domestic Aviation,2020/12/17
China,2.347406,Ground Transport,2020/12/17
China,16.609268,Industry,2020/12/17
China,0.063214,International Aviation,2020/12/17
China,16.504543,Power,2020/12/17
China,3.169299,Residential,2020/12/17
China,38.849959,Total,2020/12/17
China,0.231451,Domestic Aviation,2020/12/18
China,2.409417,Ground Transport,2020/12/18
China,16.496876,Industry,2020/12/18
China,0.065509,International Aviation,2020/12/18
China,16.39286,Power,2020/12/18
China,3.232983,Residential,2020/12/18
China,38.763587,Total,2020/12/18
China,0.220495,Domestic Aviation,2020/12/19
China,2.234959,Ground Transport,2020/12/19
China,16.496876,Industry,2020/12/19
China,0.063073,International Aviation,2020/12/19
China,16.39286,Power,2020/12/19
China,3.26861,Residential,2020/12/19
China,38.6138,Total,2020/12/19
China,0.231703,Domestic Aviation,2020/12/20
China,2.200839,Ground Transport,2020/12/20
China,16.554443,Industry,2020/12/20
China,0.065652,International Aviation,2020/12/20
China,16.450064,Power,2020/12/20
China,3.198035,Residential,2020/12/20
China,38.635083,Total,2020/12/20
China,0.223106,Domestic Aviation,2020/12/21
China,2.362902,Ground Transport,2020/12/21
China,16.688764,Industry,2020/12/21
China,0.052135,International Aviation,2020/12/21
China,16.583538,Power,2020/12/21
China,3.066977,Residential,2020/12/21
China,38.925288,Total,2020/12/21
China,0.219789,Domestic Aviation,2020/12/22
China,2.349109,Ground Transport,2020/12/22
China,16.729883,Industry,2020/12/22
China,0.052522,International Aviation,2020/12/22
China,16.624398,Power,2020/12/22
China,2.792519,Residential,2020/12/22
China,38.715698,Total,2020/12/22
China,0.22365,Domestic Aviation,2020/12/23
China,2.31712,Ground Transport,2020/12/23
China,16.601044,Industry,2020/12/23
China,0.057059,International Aviation,2020/12/23
China,16.496371,Power,2020/12/23
China,2.77323,Residential,2020/12/23
China,38.411414,Total,2020/12/23
China,0.222902,Domestic Aviation,2020/12/24
China,2.355391,Ground Transport,2020/12/24
China,16.590079,Industry,2020/12/24
China,0.053363,International Aviation,2020/12/24
China,16.485475,Power,2020/12/24
China,2.903108,Residential,2020/12/24
China,38.556955,Total,2020/12/24
China,0.23318,Domestic Aviation,2020/12/25
China,2.387652,Ground Transport,2020/12/25
China,16.48317,Industry,2020/12/25
China,0.047353,International Aviation,2020/12/25
China,16.37924,Power,2020/12/25
China,2.811967,Residential,2020/12/25
China,38.29521,Total,2020/12/25
China,0.22212,Domestic Aviation,2020/12/26
China,2.116826,Ground Transport,2020/12/26
China,16.409156,Industry,2020/12/26
China,0.048418,International Aviation,2020/12/26
China,16.305693,Power,2020/12/26
China,2.711518,Residential,2020/12/26
China,37.765313,Total,2020/12/26
China,0.226196,Domestic Aviation,2020/12/27
China,2.069996,Ground Transport,2020/12/27
China,16.524289,Industry,2020/12/27
China,0.052947,International Aviation,2020/12/27
China,16.4201,Power,2020/12/27
China,2.70083,Residential,2020/12/27
China,37.94141,Total,2020/12/27
China,0.217372,Domestic Aviation,2020/12/28
China,2.338309,Ground Transport,2020/12/28
China,16.853239,Industry,2020/12/28
China,0.044672,International Aviation,2020/12/28
China,16.746976,Power,2020/12/28
China,2.746361,Residential,2020/12/28
China,38.902258,Total,2020/12/28
China,0.207473,Domestic Aviation,2020/12/29
China,2.385174,Ground Transport,2020/12/29
China,16.738107,Industry,2020/12/29
China,0.047182,International Aviation,2020/12/29
China,16.63257,Power,2020/12/29
China,3.47806,Residential,2020/12/29
China,39.441385,Total,2020/12/29
China,0.221443,Domestic Aviation,2020/12/30
China,2.355257,Ground Transport,2020/12/30
China,16.8971,Industry,2020/12/30
China,0.053566,International Aviation,2020/12/30
China,16.79056,Power,2020/12/30
China,3.833013,Residential,2020/12/30
China,40.097372,Total,2020/12/30
China,0.228877,Domestic Aviation,2020/12/31
China,2.423465,Ground Transport,2020/12/31
China,16.644904,Industry,2020/12/31
China,0.051589,International Aviation,2020/12/31
China,16.539955,Power,2020/12/31
China,3.714569,Residential,2020/12/31
China,39.55177,Total,2020/12/31
China,0.196983,Domestic Aviation,2021/1/1
China,2.211175,Ground Transport,2021/1/1
China,15.221125,Industry,2021/1/1
China,0.05132,International Aviation,2021/1/1
China,14.602378,Power,2021/1/1
China,3.309654,Residential,2021/1/1
China,35.541315,Total,2021/1/1
China,0.179534,Domestic Aviation,2021/1/2
China,2.223169,Ground Transport,2021/1/2
China,14.714433,Industry,2021/1/2
China,0.04673,International Aviation,2021/1/2
China,14.116283,Power,2021/1/2
China,3.095627,Residential,2021/1/2
China,34.329046,Total,2021/1/2
China,0.2131,Domestic Aviation,2021/1/3
China,2.226702,Ground Transport,2021/1/3
China,15.193117,Industry,2021/1/3
China,0.053356,International Aviation,2021/1/3
China,14.575508,Power,2021/1/3
China,3.009773,Residential,2021/1/3
China,35.218201,Total,2021/1/3
China,0.199291,Domestic Aviation,2021/1/4
China,2.239422,Ground Transport,2021/1/4
China,15.519029,Industry,2021/1/4
China,0.044139,International Aviation,2021/1/4
China,14.888172,Power,2021/1/4
China,2.925395,Residential,2021/1/4
China,35.771309,Total,2021/1/4
China,0.187087,Domestic Aviation,2021/1/5
China,2.232934,Ground Transport,2021/1/5
China,15.575045,Industry,2021/1/5
China,0.048462,International Aviation,2021/1/5
China,14.941911,Power,2021/1/5
China,3.116307,Residential,2021/1/5
China,36.053284,Total,2021/1/5
China,0.186502,Domestic Aviation,2021/1/6
China,2.250142,Ground Transport,2021/1/6
China,15.801656,Industry,2021/1/6
China,0.052924,International Aviation,2021/1/6
China,15.15931,Power,2021/1/6
China,3.461005,Residential,2021/1/6
China,36.858616,Total,2021/1/6
China,0.182209,Domestic Aviation,2021/1/7
China,2.211944,Ground Transport,2021/1/7
China,16.229416,Industry,2021/1/7
China,0.057715,International Aviation,2021/1/7
China,15.569681,Power,2021/1/7
China,3.85878,Residential,2021/1/7
China,38.05203,Total,2021/1/7
China,0.196026,Domestic Aviation,2021/1/8
China,2.158041,Ground Transport,2021/1/8
China,16.293071,Industry,2021/1/8
China,0.056303,International Aviation,2021/1/8
China,15.630748,Power,2021/1/8
China,3.701928,Residential,2021/1/8
China,37.979815,Total,2021/1/8
China,0.184609,Domestic Aviation,2021/1/9
China,2.137565,Ground Transport,2021/1/9
China,16.109745,Industry,2021/1/9
China,0.052527,International Aviation,2021/1/9
China,15.454875,Power,2021/1/9
China,3.413494,Residential,2021/1/9
China,37.300288,Total,2021/1/9
China,0.197536,Domestic Aviation,2021/1/10
China,2.165876,Ground Transport,2021/1/10
China,16.158123,Industry,2021/1/10
China,0.057244,International Aviation,2021/1/10
China,15.501286,Power,2021/1/10
China,3.247662,Residential,2021/1/10
China,37.270482,Total,2021/1/10
China,0.186133,Domestic Aviation,2021/1/11
China,2.146927,Ground Transport,2021/1/11
China,16.158123,Industry,2021/1/11
China,0.049634,International Aviation,2021/1/11
China,15.501286,Power,2021/1/11
China,3.264206,Residential,2021/1/11
China,37.256675,Total,2021/1/11
China,0.183485,Domestic Aviation,2021/1/12
China,2.183758,Ground Transport,2021/1/12
China,15.984982,Industry,2021/1/12
China,0.05089,International Aviation,2021/1/12
China,15.335183,Power,2021/1/12
China,2.893322,Residential,2021/1/12
China,36.580729,Total,2021/1/12
China,0.188872,Domestic Aviation,2021/1/13
China,2.214407,Ground Transport,2021/1/13
China,16.069006,Industry,2021/1/13
China,0.057447,International Aviation,2021/1/13
China,15.415792,Power,2021/1/13
China,2.733933,Residential,2021/1/13
China,36.622011,Total,2021/1/13
China,0.185253,Domestic Aviation,2021/1/14
China,2.219006,Ground Transport,2021/1/14
China,15.788925,Industry,2021/1/14
China,0.06053,International Aviation,2021/1/14
China,15.147097,Power,2021/1/14
China,2.567696,Residential,2021/1/14
China,35.907977,Total,2021/1/14
China,0.196918,Domestic Aviation,2021/1/15
China,2.22659,Ground Transport,2021/1/15
China,15.42482,Industry,2021/1/15
China,0.05776,International Aviation,2021/1/15
China,14.797793,Power,2021/1/15
China,2.72297,Residential,2021/1/15
China,35.369091,Total,2021/1/15
China,0.187773,Domestic Aviation,2021/1/16
China,2.217717,Ground Transport,2021/1/16
China,15.251679,Industry,2021/1/16
China,0.055908,International Aviation,2021/1/16
China,14.63169,Power,2021/1/16
China,3.00942,Residential,2021/1/16
China,35.29828,Total,2021/1/16
China,0.184429,Domestic Aviation,2021/1/17
China,2.219974,Ground Transport,2021/1/17
China,15.096362,Industry,2021/1/17
China,0.058091,International Aviation,2021/1/17
China,14.482686,Power,2021/1/17
China,3.090806,Residential,2021/1/17
China,35.074257,Total,2021/1/17
China,0.175607,Domestic Aviation,2021/1/18
China,2.199873,Ground Transport,2021/1/18
China,14.877389,Industry,2021/1/18
China,0.05074,International Aviation,2021/1/18
China,14.272615,Power,2021/1/18
China,2.983423,Residential,2021/1/18
China,34.508907,Total,2021/1/18
China,0.167924,Domestic Aviation,2021/1/19
China,2.22884,Ground Transport,2021/1/19
China,14.930859,Industry,2021/1/19
China,0.051916,International Aviation,2021/1/19
China,14.323911,Power,2021/1/19
China,2.769044,Residential,2021/1/19
China,34.420578,Total,2021/1/19
China,0.17216,Domestic Aviation,2021/1/20
China,2.2229,Ground Transport,2021/1/20
China,14.885028,Industry,2021/1/20
China,0.060624,International Aviation,2021/1/20
China,14.279943,Power,2021/1/20
China,2.507086,Residential,2021/1/20
China,34.067117,Total,2021/1/20
China,0.158861,Domestic Aviation,2021/1/21
China,2.208511,Ground Transport,2021/1/21
China,14.961413,Industry,2021/1/21
China,0.061207,International Aviation,2021/1/21
China,14.353224,Power,2021/1/21
China,2.464602,Residential,2021/1/21
China,34.146611,Total,2021/1/21
China,0.16132,Domestic Aviation,2021/1/22
China,2.222108,Ground Transport,2021/1/22
China,14.704248,Industry,2021/1/22
China,0.057172,International Aviation,2021/1/22
China,14.106512,Power,2021/1/22
China,2.566838,Residential,2021/1/22
China,33.761027,Total,2021/1/22
China,0.144719,Domestic Aviation,2021/1/23
China,2.204975,Ground Transport,2021/1/23
China,14.704248,Industry,2021/1/23
China,0.059325,International Aviation,2021/1/23
China,14.106512,Power,2021/1/23
China,2.559043,Residential,2021/1/23
China,33.719498,Total,2021/1/23
China,0.145417,Domestic Aviation,2021/1/24
China,2.209093,Ground Transport,2021/1/24
China,14.612585,Industry,2021/1/24
China,0.063123,International Aviation,2021/1/24
China,14.018576,Power,2021/1/24
China,2.488068,Residential,2021/1/24
China,33.47374,Total,2021/1/24
China,0.140807,Domestic Aviation,2021/1/25
China,2.198483,Ground Transport,2021/1/25
China,14.564208,Industry,2021/1/25
China,0.051885,International Aviation,2021/1/25
China,13.972165,Power,2021/1/25
China,2.544919,Residential,2021/1/25
China,33.42058,Total,2021/1/25
China,0.137493,Domestic Aviation,2021/1/26
China,2.192535,Ground Transport,2021/1/26
China,14.490368,Industry,2021/1/26
China,0.060013,International Aviation,2021/1/26
China,13.901327,Power,2021/1/26
China,2.599256,Residential,2021/1/26
China,33.320979,Total,2021/1/26
China,0.151806,Domestic Aviation,2021/1/27
China,2.217023,Ground Transport,2021/1/27
China,14.495461,Industry,2021/1/27
China,0.062486,International Aviation,2021/1/27
China,13.906212,Power,2021/1/27
China,2.608982,Residential,2021/1/27
China,33.379484,Total,2021/1/27
China,0.120722,Domestic Aviation,2021/1/28
China,2.206301,Ground Transport,2021/1/28
China,14.439444,Industry,2021/1/28
China,0.065053,International Aviation,2021/1/28
China,13.852473,Power,2021/1/28
China,2.898882,Residential,2021/1/28
China,33.517821,Total,2021/1/28
China,0.116269,Domestic Aviation,2021/1/29
China,2.191843,Ground Transport,2021/1/29
China,14.253573,Industry,2021/1/29
China,0.062358,International Aviation,2021/1/29
China,13.674157,Power,2021/1/29
China,2.740381,Residential,2021/1/29
China,32.976222,Total,2021/1/29
China,0.115249,Domestic Aviation,2021/1/30
China,2.121417,Ground Transport,2021/1/30
China,14.060062,Industry,2021/1/30
China,0.060826,International Aviation,2021/1/30
China,13.488513,Power,2021/1/30
China,2.565503,Residential,2021/1/30
China,32.350744,Total,2021/1/30
China,0.120894,Domestic Aviation,2021/1/31
China,2.129209,Ground Transport,2021/1/31
China,14.032054,Industry,2021/1/31
China,0.065607,International Aviation,2021/1/31
China,13.461643,Power,2021/1/31
China,2.423582,Residential,2021/1/31
China,32.167383,Total,2021/1/31
China,0.114551,Domestic Aviation,2021/2/1
China,2.546596,Ground Transport,2021/2/1
China,12.705321,Industry,2021/2/1
China,0.051158,International Aviation,2021/2/1
China,12.174292,Power,2021/2/1
China,2.703089,Residential,2021/2/1
China,30.243849,Total,2021/2/1
China,0.105093,Domestic Aviation,2021/2/2
China,2.549315,Ground Transport,2021/2/2
China,12.549755,Industry,2021/2/2
China,0.061261,International Aviation,2021/2/2
China,12.025228,Power,2021/2/2
China,2.821509,Residential,2021/2/2
China,30.0509,Total,2021/2/2
China,0.120479,Domestic Aviation,2021/2/3
China,2.527237,Ground Transport,2021/2/3
China,12.538146,Industry,2021/2/3
China,0.060806,International Aviation,2021/2/3
China,12.014104,Power,2021/2/3
China,2.611623,Residential,2021/2/3
China,29.811589,Total,2021/2/3
China,0.119461,Domestic Aviation,2021/2/4
China,2.516519,Ground Transport,2021/2/4
China,12.305958,Industry,2021/2/4
China,0.069149,International Aviation,2021/2/4
China,11.79162,Power,2021/2/4
China,2.468451,Residential,2021/2/4
China,29.202009,Total,2021/2/4
China,0.141116,Domestic Aviation,2021/2/5
China,2.45638,Ground Transport,2021/2/5
China,11.939101,Industry,2021/2/5
China,0.065337,International Aviation,2021/2/5
China,11.440097,Power,2021/2/5
China,2.328362,Residential,2021/2/5
China,28.305055,Total,2021/2/5
China,0.143256,Domestic Aviation,2021/2/6
China,2.376963,Ground Transport,2021/2/6
China,11.713879,Industry,2021/2/6
China,0.06684,International Aviation,2021/2/6
China,11.224288,Power,2021/2/6
China,2.260612,Residential,2021/2/6
China,27.718998,Total,2021/2/6
China,0.1316,Domestic Aviation,2021/2/7
China,2.382461,Ground Transport,2021/2/7
China,11.43061,Industry,2021/2/7
China,0.064652,International Aviation,2021/2/7
China,10.952858,Power,2021/2/7
China,2.478279,Residential,2021/2/7
China,27.375808,Total,2021/2/7
China,0.1353,Domestic Aviation,2021/2/8
China,2.293911,Ground Transport,2021/2/8
China,11.189134,Industry,2021/2/8
China,0.059205,International Aviation,2021/2/8
China,10.721475,Power,2021/2/8
China,2.658041,Residential,2021/2/8
China,26.997862,Total,2021/2/8
China,0.135437,Domestic Aviation,2021/2/9
China,2.443357,Ground Transport,2021/2/9
China,11.038212,Industry,2021/2/9
China,0.06161,International Aviation,2021/2/9
China,10.576861,Power,2021/2/9
China,2.530975,Residential,2021/2/9
China,26.724843,Total,2021/2/9
China,0.128776,Domestic Aviation,2021/2/10
China,2.467102,Ground Transport,2021/2/10
China,10.724759,Industry,2021/2/10
China,0.067188,International Aviation,2021/2/10
China,10.276508,Power,2021/2/10
China,2.361951,Residential,2021/2/10
China,25.959096,Total,2021/2/10
China,0.057033,Domestic Aviation,2021/2/11
China,2.363743,Ground Transport,2021/2/11
China,10.506502,Industry,2021/2/11
China,0.060436,International Aviation,2021/2/11
China,10.067374,Power,2021/2/11
China,2.181508,Residential,2021/2/11
China,25.17616,Total,2021/2/11
China,0.041818,Domestic Aviation,2021/2/12
China,2.318203,Ground Transport,2021/2/12
China,9.77511,Industry,2021/2/12
China,0.051094,International Aviation,2021/2/12
China,9.366551,Power,2021/2/12
China,2.082178,Residential,2021/2/12
China,23.58386,Total,2021/2/12
China,0.067813,Domestic Aviation,2021/2/13
China,2.261033,Ground Transport,2021/2/13
China,9.665982,Industry,2021/2/13
China,0.045776,International Aviation,2021/2/13
China,9.261984,Power,2021/2/13
China,2.102139,Residential,2021/2/13
China,23.358951,Total,2021/2/13
China,0.087751,Domestic Aviation,2021/2/14
China,2.295837,Ground Transport,2021/2/14
China,9.617222,Industry,2021/2/14
China,0.042207,International Aviation,2021/2/14
China,9.215263,Power,2021/2/14
China,2.240089,Residential,2021/2/14
China,23.456162,Total,2021/2/14
China,0.114353,Domestic Aviation,2021/2/15
China,2.241405,Ground Transport,2021/2/15
China,9.480231,Industry,2021/2/15
China,0.033331,International Aviation,2021/2/15
China,9.083997,Power,2021/2/15
China,2.507531,Residential,2021/2/15
China,23.427518,Total,2021/2/15
China,0.150988,Domestic Aviation,2021/2/16
China,2.140926,Ground Transport,2021/2/16
China,9.375747,Industry,2021/2/16
China,0.033027,International Aviation,2021/2/16
China,8.98388,Power,2021/2/16
China,2.603324,Residential,2021/2/16
China,23.254864,Total,2021/2/16
China,0.189984,Domestic Aviation,2021/2/17
China,1.739725,Ground Transport,2021/2/17
China,9.457013,Industry,2021/2/17
China,0.036112,International Aviation,2021/2/17
China,9.061749,Power,2021/2/17
China,2.681251,Residential,2021/2/17
China,23.129722,Total,2021/2/17
China,0.173971,Domestic Aviation,2021/2/18
China,1.775582,Ground Transport,2021/2/18
China,9.475588,Industry,2021/2/18
China,0.033483,International Aviation,2021/2/18
China,9.079548,Power,2021/2/18
China,2.44824,Residential,2021/2/18
China,22.952929,Total,2021/2/18
China,0.176635,Domestic Aviation,2021/2/19
China,2.2641,Ground Transport,2021/2/19
China,9.819226,Industry,2021/2/19
China,0.032606,International Aviation,2021/2/19
China,9.408823,Power,2021/2/19
China,2.012431,Residential,2021/2/19
China,23.681215,Total,2021/2/19
China,0.176443,Domestic Aviation,2021/2/20
China,2.343492,Ground Transport,2021/2/20
China,10.023551,Industry,2021/2/20
China,0.032463,International Aviation,2021/2/20
China,9.604609,Power,2021/2/20
China,1.7692,Residential,2021/2/20
China,23.917294,Total,2021/2/20
China,0.185066,Domestic Aviation,2021/2/21
China,2.355363,Ground Transport,2021/2/21
China,10.086242,Industry,2021/2/21
China,0.038038,International Aviation,2021/2/21
China,9.664679,Power,2021/2/21
China,1.672974,Residential,2021/2/21
China,23.964324,Total,2021/2/21
China,0.17804,Domestic Aviation,2021/2/22
China,2.447397,Ground Transport,2021/2/22
China,10.225555,Industry,2021/2/22
China,0.029609,International Aviation,2021/2/22
China,9.798169,Power,2021/2/22
China,1.991963,Residential,2021/2/22
China,24.641124,Total,2021/2/22
China,0.175365,Domestic Aviation,2021/2/23
China,2.485341,Ground Transport,2021/2/23
China,10.585446,Industry,2021/2/23
China,0.038777,International Aviation,2021/2/23
China,10.143018,Power,2021/2/23
China,2.216502,Residential,2021/2/23
China,25.605671,Total,2021/2/23
China,0.179931,Domestic Aviation,2021/2/24
China,2.498804,Ground Transport,2021/2/24
China,10.710827,Industry,2021/2/24
China,0.044863,International Aviation,2021/2/24
China,10.263159,Power,2021/2/24
China,2.263431,Residential,2021/2/24
China,25.916153,Total,2021/2/24
China,0.180048,Domestic Aviation,2021/2/25
China,2.535802,Ground Transport,2021/2/25
China,11.042856,Industry,2021/2/25
China,0.04939,International Aviation,2021/2/25
China,10.581311,Power,2021/2/25
China,2.43671,Residential,2021/2/25
China,26.776727,Total,2021/2/25
China,0.190118,Domestic Aviation,2021/2/26
China,2.469674,Ground Transport,2021/2/26
China,11.156628,Industry,2021/2/26
China,0.049154,International Aviation,2021/2/26
China,10.690328,Power,2021/2/26
China,2.476163,Residential,2021/2/26
China,26.982912,Total,2021/2/26
China,0.215175,Domestic Aviation,2021/2/27
China,2.571359,Ground Transport,2021/2/27
China,11.35631,Industry,2021/2/27
China,0.046903,International Aviation,2021/2/27
China,10.881663,Power,2021/2/27
China,2.281782,Residential,2021/2/27
China,27.306289,Total,2021/2/27
China,0.218478,Domestic Aviation,2021/2/28
China,2.578564,Ground Transport,2021/2/28
China,11.460794,Industry,2021/2/28
China,0.051296,International Aviation,2021/2/28
China,10.981781,Power,2021/2/28
China,2.34993,Residential,2021/2/28
China,27.589547,Total,2021/2/28
China,0.22264,Domestic Aviation,2021/3/1
China,2.132016,Ground Transport,2021/3/1
China,15.238301,Industry,2021/3/1
China,0.041652,International Aviation,2021/3/1
China,12.23706,Power,2021/3/1
China,2.535653,Residential,2021/3/1
China,32.365671,Total,2021/3/1
China,0.219216,Domestic Aviation,2021/3/2
China,2.211818,Ground Transport,2021/3/2
China,15.769242,Industry,2021/3/2
China,0.047249,International Aviation,2021/3/2
China,12.66343,Power,2021/3/2
China,2.364811,Residential,2021/3/2
China,33.228517,Total,2021/3/2
China,0.217938,Domestic Aviation,2021/3/3
China,2.183365,Ground Transport,2021/3/3
China,15.748244,Industry,2021/3/3
China,0.056871,International Aviation,2021/3/3
China,12.646568,Power,2021/3/3
China,2.157303,Residential,2021/3/3
China,32.953419,Total,2021/3/3
China,0.215737,Domestic Aviation,2021/3/4
China,2.196323,Ground Transport,2021/3/4
China,16.036212,Industry,2021/3/4
China,0.053787,International Aviation,2021/3/4
China,12.87782,Power,2021/3/4
China,1.936848,Residential,2021/3/4
China,33.262941,Total,2021/3/4
China,0.22497,Domestic Aviation,2021/3/5
China,2.18404,Ground Transport,2021/3/5
China,16.366176,Industry,2021/3/5
China,0.055948,International Aviation,2021/3/5
China,13.142796,Power,2021/3/5
China,2.130016,Residential,2021/3/5
China,34.047997,Total,2021/3/5
China,0.214395,Domestic Aviation,2021/3/6
China,2.187376,Ground Transport,2021/3/6
China,16.723136,Industry,2021/3/6
China,0.052307,International Aviation,2021/3/6
China,13.429451,Power,2021/3/6
China,2.44018,Residential,2021/3/6
China,34.994538,Total,2021/3/6
China,0.221776,Domestic Aviation,2021/3/7
China,2.168931,Ground Transport,2021/3/7
China,16.564154,Industry,2021/3/7
China,0.056097,International Aviation,2021/3/7
China,13.301781,Power,2021/3/7
China,2.334656,Residential,2021/3/7
China,34.591297,Total,2021/3/7
China,0.219072,Domestic Aviation,2021/3/8
China,2.159701,Ground Transport,2021/3/8
China,16.666142,Industry,2021/3/8
China,0.044451,International Aviation,2021/3/8
China,13.383683,Power,2021/3/8
China,2.121516,Residential,2021/3/8
China,34.550113,Total,2021/3/8
China,0.219436,Domestic Aviation,2021/3/9
China,2.146988,Ground Transport,2021/3/9
China,16.744133,Industry,2021/3/9
China,0.050111,International Aviation,2021/3/9
China,13.446313,Power,2021/3/9
China,1.993303,Residential,2021/3/9
China,34.550174,Total,2021/3/9
China,0.221916,Domestic Aviation,2021/3/10
China,2.147191,Ground Transport,2021/3/10
China,16.672142,Industry,2021/3/10
China,0.055124,International Aviation,2021/3/10
China,13.3885,Power,2021/3/10
China,1.88031,Residential,2021/3/10
China,34.310059,Total,2021/3/10
China,0.222461,Domestic Aviation,2021/3/11
China,2.147769,Ground Transport,2021/3/11
China,16.732135,Industry,2021/3/11
China,0.055116,International Aviation,2021/3/11
China,13.436678,Power,2021/3/11
China,1.873984,Residential,2021/3/11
China,34.413027,Total,2021/3/11
China,0.228532,Domestic Aviation,2021/3/12
China,2.15962,Ground Transport,2021/3/12
China,16.468164,Industry,2021/3/12
China,0.054242,International Aviation,2021/3/12
China,13.224697,Power,2021/3/12
China,1.811941,Residential,2021/3/12
China,33.892954,Total,2021/3/12
China,0.220536,Domestic Aviation,2021/3/13
China,2.204826,Ground Transport,2021/3/13
China,15.844234,Industry,2021/3/13
China,0.053251,International Aviation,2021/3/13
China,12.723652,Power,2021/3/13
China,1.715366,Residential,2021/3/13
China,32.708614,Total,2021/3/13
China,0.228221,Domestic Aviation,2021/3/14
China,2.215791,Ground Transport,2021/3/14
China,15.736246,Industry,2021/3/14
China,0.05689,International Aviation,2021/3/14
China,12.636933,Power,2021/3/14
China,1.522671,Residential,2021/3/14
China,32.339861,Total,2021/3/14
China,0.220161,Domestic Aviation,2021/3/15
China,2.211436,Ground Transport,2021/3/15
China,15.682252,Industry,2021/3/15
China,0.047985,International Aviation,2021/3/15
China,12.593573,Power,2021/3/15
China,1.551268,Residential,2021/3/15
China,32.25869,Total,2021/3/15
China,0.227438,Domestic Aviation,2021/3/16
China,2.202919,Ground Transport,2021/3/16
China,15.628258,Industry,2021/3/16
China,0.049238,International Aviation,2021/3/16
China,12.550214,Power,2021/3/16
China,1.767282,Residential,2021/3/16
China,32.37611,Total,2021/3/16
China,0.231238,Domestic Aviation,2021/3/17
China,2.203983,Ground Transport,2021/3/17
China,15.466276,Industry,2021/3/17
China,0.057478,International Aviation,2021/3/17
China,12.420135,Power,2021/3/17
China,1.78202,Residential,2021/3/17
China,32.103651,Total,2021/3/17
China,0.228685,Domestic Aviation,2021/3/18
China,2.195075,Ground Transport,2021/3/18
China,15.814237,Industry,2021/3/18
China,0.057498,International Aviation,2021/3/18
China,12.699563,Power,2021/3/18
China,1.898633,Residential,2021/3/18
China,32.836193,Total,2021/3/18
China,0.235421,Domestic Aviation,2021/3/19
China,2.198953,Ground Transport,2021/3/19
China,15.553266,Industry,2021/3/19
China,0.057747,International Aviation,2021/3/19
China,12.489992,Power,2021/3/19
China,1.977443,Residential,2021/3/19
China,32.455075,Total,2021/3/19
China,0.23233,Domestic Aviation,2021/3/20
China,2.210546,Ground Transport,2021/3/20
China,15.499272,Industry,2021/3/20
China,0.053483,International Aviation,2021/3/20
China,12.446632,Power,2021/3/20
China,2.048058,Residential,2021/3/20
China,32.436839,Total,2021/3/20
China,0.235484,Domestic Aviation,2021/3/21
China,2.221215,Ground Transport,2021/3/21
China,15.448278,Industry,2021/3/21
China,0.059166,International Aviation,2021/3/21
China,12.405681,Power,2021/3/21
China,2.198492,Residential,2021/3/21
China,32.50915,Total,2021/3/21
China,0.235801,Domestic Aviation,2021/3/22
China,2.263908,Ground Transport,2021/3/22
China,15.2473,Industry,2021/3/22
China,0.049343,International Aviation,2021/3/22
China,12.244287,Power,2021/3/22
China,1.928882,Residential,2021/3/22
China,31.920178,Total,2021/3/22
China,0.232857,Domestic Aviation,2021/3/23
China,2.267786,Ground Transport,2021/3/23
China,15.364287,Industry,2021/3/23
China,0.051109,International Aviation,2021/3/23
China,12.338233,Power,2021/3/23
China,1.663888,Residential,2021/3/23
China,31.867051,Total,2021/3/23
China,0.235347,Domestic Aviation,2021/3/24
China,2.260771,Ground Transport,2021/3/24
China,15.574264,Industry,2021/3/24
China,0.058559,International Aviation,2021/3/24
China,12.506854,Power,2021/3/24
China,1.515542,Residential,2021/3/24
China,32.092777,Total,2021/3/24
China,0.232959,Domestic Aviation,2021/3/25
China,2.261635,Ground Transport,2021/3/25
China,15.583263,Industry,2021/3/25
China,0.056916,International Aviation,2021/3/25
China,12.51408,Power,2021/3/25
China,1.365559,Residential,2021/3/25
China,31.957496,Total,2021/3/25
China,0.236849,Domestic Aviation,2021/3/26
China,2.274139,Ground Transport,2021/3/26
China,15.190307,Industry,2021/3/26
China,0.058009,International Aviation,2021/3/26
China,12.198518,Power,2021/3/26
China,1.450974,Residential,2021/3/26
China,31.350788,Total,2021/3/26
China,0.229791,Domestic Aviation,2021/3/27
China,2.249575,Ground Transport,2021/3/27
China,15.130313,Industry,2021/3/27
China,0.051565,International Aviation,2021/3/27
China,12.150341,Power,2021/3/27
China,1.415526,Residential,2021/3/27
China,31.175546,Total,2021/3/27
China,0.242735,Domestic Aviation,2021/3/28
China,2.260249,Ground Transport,2021/3/28
China,15.223303,Industry,2021/3/28
China,0.053919,International Aviation,2021/3/28
China,12.225016,Power,2021/3/28
China,1.307373,Residential,2021/3/28
China,31.258676,Total,2021/3/28
China,0.24252,Domestic Aviation,2021/3/29
China,2.219049,Ground Transport,2021/3/29
China,15.025325,Industry,2021/3/29
China,0.043595,International Aviation,2021/3/29
China,12.066031,Power,2021/3/29
China,1.395836,Residential,2021/3/29
China,30.94876,Total,2021/3/29
China,0.239885,Domestic Aviation,2021/3/30
China,2.210474,Ground Transport,2021/3/30
China,15.199306,Industry,2021/3/30
China,0.05109,International Aviation,2021/3/30
China,12.205745,Power,2021/3/30
China,1.387922,Residential,2021/3/30
China,31.243332,Total,2021/3/30
China,0.237449,Domestic Aviation,2021/3/31
China,2.222382,Ground Transport,2021/3/31
China,15.292295,Industry,2021/3/31
China,0.054676,International Aviation,2021/3/31
China,12.28042,Power,2021/3/31
China,1.456078,Residential,2021/3/31
China,31.488624,Total,2021/3/31
China,0.235407,Domestic Aviation,2021/4/1
China,2.138516,Ground Transport,2021/4/1
China,18.463203,Industry,2021/4/1
China,0.052714,International Aviation,2021/4/1
China,12.585779,Power,2021/4/1
China,1.564066,Residential,2021/4/1
China,34.98697,Total,2021/4/1
China,0.249664,Domestic Aviation,2021/4/2
China,2.1726,Ground Transport,2021/4/2
China,18.344178,Industry,2021/4/2
China,0.057002,International Aviation,2021/4/2
China,12.504644,Power,2021/4/2
China,1.66669,Residential,2021/4/2
China,34.937775,Total,2021/4/2
China,0.240589,Domestic Aviation,2021/4/3
China,2.139712,Ground Transport,2021/4/3
China,18.131377,Industry,2021/4/3
China,0.052532,International Aviation,2021/4/3
China,12.359584,Power,2021/4/3
China,1.838063,Residential,2021/4/3
China,34.709325,Total,2021/4/3
China,0.216274,Domestic Aviation,2021/4/4
China,2.162061,Ground Transport,2021/4/4
China,18.113343,Industry,2021/4/4
China,0.054736,International Aviation,2021/4/4
China,12.347291,Power,2021/4/4
China,1.769627,Residential,2021/4/4
China,34.608596,Total,2021/4/4
China,0.251081,Domestic Aviation,2021/4/5
China,2.178784,Ground Transport,2021/4/5
China,17.951037,Industry,2021/4/5
China,0.047759,International Aviation,2021/4/5
China,12.236652,Power,2021/4/5
China,1.676716,Residential,2021/4/5
China,34.29427,Total,2021/4/5
China,0.247412,Domestic Aviation,2021/4/6
China,2.18318,Ground Transport,2021/4/6
China,18.210727,Industry,2021/4/6
China,0.049341,International Aviation,2021/4/6
China,12.413674,Power,2021/4/6
China,1.579768,Residential,2021/4/6
China,34.634761,Total,2021/4/6
China,0.246295,Domestic Aviation,2021/4/7
China,2.150512,Ground Transport,2021/4/7
China,18.264829,Industry,2021/4/7
China,0.054261,International Aviation,2021/4/7
China,12.450554,Power,2021/4/7
China,1.664603,Residential,2021/4/7
China,34.776793,Total,2021/4/7
China,0.241329,Domestic Aviation,2021/4/8
China,2.164106,Ground Transport,2021/4/8
China,18.048421,Industry,2021/4/8
China,0.055937,International Aviation,2021/4/8
China,12.303035,Power,2021/4/8
China,1.624484,Residential,2021/4/8
China,34.381375,Total,2021/4/8
China,0.247725,Domestic Aviation,2021/4/9
China,2.17336,Ground Transport,2021/4/9
China,17.30542,Industry,2021/4/9
China,0.055253,International Aviation,2021/4/9
China,11.796555,Power,2021/4/9
China,1.537292,Residential,2021/4/9
China,33.060353,Total,2021/4/9
China,0.241663,Domestic Aviation,2021/4/10
China,2.15779,Ground Transport,2021/4/10
China,17.370343,Industry,2021/4/10
China,0.052602,International Aviation,2021/4/10
China,11.840811,Power,2021/4/10
China,1.422759,Residential,2021/4/10
China,33.033366,Total,2021/4/10
China,0.246412,Domestic Aviation,2021/4/11
China,2.153686,Ground Transport,2021/4/11
China,17.11426,Industry,2021/4/11
China,0.056016,International Aviation,2021/4/11
China,11.666247,Power,2021/4/11
China,1.466596,Residential,2021/4/11
China,32.647201,Total,2021/4/11
China,0.245277,Domestic Aviation,2021/4/12
China,2.148042,Ground Transport,2021/4/12
China,17.40641,Industry,2021/4/12
China,0.048194,International Aviation,2021/4/12
China,11.865397,Power,2021/4/12
China,1.494217,Residential,2021/4/12
China,33.159343,Total,2021/4/12
China,0.244967,Domestic Aviation,2021/4/13
China,2.136579,Ground Transport,2021/4/13
China,17.143114,Industry,2021/4/13
China,0.051913,International Aviation,2021/4/13
China,11.685917,Power,2021/4/13
China,1.676624,Residential,2021/4/13
China,32.887201,Total,2021/4/13
China,0.246632,Domestic Aviation,2021/4/14
China,2.147514,Ground Transport,2021/4/14
China,17.175575,Industry,2021/4/14
China,0.057526,International Aviation,2021/4/14
China,11.708044,Power,2021/4/14
China,1.568904,Residential,2021/4/14
China,32.84667,Total,2021/4/14
China,0.241978,Domestic Aviation,2021/4/15
China,2.122203,Ground Transport,2021/4/15
China,17.161148,Industry,2021/4/15
China,0.056334,International Aviation,2021/4/15
China,11.69821,Power,2021/4/15
China,1.410178,Residential,2021/4/15
China,32.633717,Total,2021/4/15
China,0.247321,Domestic Aviation,2021/4/16
China,2.167093,Ground Transport,2021/4/16
China,16.721119,Industry,2021/4/16
China,0.056053,International Aviation,2021/4/16
China,11.398256,Power,2021/4/16
China,1.429527,Residential,2021/4/16
China,31.963315,Total,2021/4/16
China,0.243866,Domestic Aviation,2021/4/17
China,2.140391,Ground Transport,2021/4/17
China,16.858177,Industry,2021/4/17
China,0.051068,International Aviation,2021/4/17
China,11.491684,Power,2021/4/17
China,1.526362,Residential,2021/4/17
China,32.26048,Total,2021/4/17
China,0.24744,Domestic Aviation,2021/4/18
China,2.111827,Ground Transport,2021/4/18
China,16.659803,Industry,2021/4/18
China,0.05765,International Aviation,2021/4/18
China,11.356459,Power,2021/4/18
China,1.369987,Residential,2021/4/18
China,31.745516,Total,2021/4/18
China,0.246962,Domestic Aviation,2021/4/19
China,2.116527,Ground Transport,2021/4/19
China,16.659803,Industry,2021/4/19
China,0.047887,International Aviation,2021/4/19
China,11.356459,Power,2021/4/19
China,1.231629,Residential,2021/4/19
China,31.61138,Total,2021/4/19
China,0.245114,Domestic Aviation,2021/4/20
China,2.155193,Ground Transport,2021/4/20
China,16.703085,Industry,2021/4/20
China,0.054277,International Aviation,2021/4/20
China,11.385962,Power,2021/4/20
China,1.258751,Residential,2021/4/20
China,31.748106,Total,2021/4/20
China,0.247377,Domestic Aviation,2021/4/21
China,2.160975,Ground Transport,2021/4/21
China,16.529958,Industry,2021/4/21
China,0.057084,International Aviation,2021/4/21
China,11.267948,Power,2021/4/21
China,1.256366,Residential,2021/4/21
China,31.462624,Total,2021/4/21
China,0.245833,Domestic Aviation,2021/4/22
China,2.183644,Ground Transport,2021/4/22
China,16.681444,Industry,2021/4/22
China,0.058506,International Aviation,2021/4/22
China,11.371211,Power,2021/4/22
China,1.256345,Residential,2021/4/22
China,31.738477,Total,2021/4/22
China,0.250804,Domestic Aviation,2021/4/23
China,2.174531,Ground Transport,2021/4/23
China,16.641769,Industry,2021/4/23
China,0.055621,International Aviation,2021/4/23
China,11.344166,Power,2021/4/23
China,1.304201,Residential,2021/4/23
China,31.71547,Total,2021/4/23
China,0.246605,Domestic Aviation,2021/4/24
China,2.144927,Ground Transport,2021/4/24
China,16.627342,Industry,2021/4/24
China,0.054531,International Aviation,2021/4/24
China,11.334331,Power,2021/4/24
China,1.403914,Residential,2021/4/24
China,31.757119,Total,2021/4/24
China,0.250087,Domestic Aviation,2021/4/25
China,2.165234,Ground Transport,2021/4/25
China,16.728332,Industry,2021/4/25
China,0.056255,International Aviation,2021/4/25
China,11.403173,Power,2021/4/25
China,1.430775,Residential,2021/4/25
China,31.977602,Total,2021/4/25
China,0.250454,Domestic Aviation,2021/4/26
China,2.153517,Ground Transport,2021/4/26
China,16.533565,Industry,2021/4/26
China,0.052294,International Aviation,2021/4/26
China,11.270406,Power,2021/4/26
China,1.324905,Residential,2021/4/26
China,31.532848,Total,2021/4/26
China,0.248681,Domestic Aviation,2021/4/27
China,2.145215,Ground Transport,2021/4/27
China,16.486677,Industry,2021/4/27
China,0.055533,International Aviation,2021/4/27
China,11.238444,Power,2021/4/27
China,1.276423,Residential,2021/4/27
China,31.395439,Total,2021/4/27
China,0.256462,Domestic Aviation,2021/4/28
China,2.155059,Ground Transport,2021/4/28
China,16.609308,Industry,2021/4/28
China,0.059693,International Aviation,2021/4/28
China,11.322038,Power,2021/4/28
China,1.266967,Residential,2021/4/28
China,31.609833,Total,2021/4/28
China,0.257241,Domestic Aviation,2021/4/29
China,2.173543,Ground Transport,2021/4/29
China,16.638162,Industry,2021/4/29
China,0.058545,International Aviation,2021/4/29
China,11.341707,Power,2021/4/29
China,1.237327,Residential,2021/4/29
China,31.64798,Total,2021/4/29
China,0.263672,Domestic Aviation,2021/4/30
China,2.262816,Ground Transport,2021/4/30
China,16.439788,Industry,2021/4/30
China,0.056516,International Aviation,2021/4/30
China,11.206482,Power,2021/4/30
China,1.310514,Residential,2021/4/30
China,31.483271,Total,2021/4/30
China,0.266878,Domestic Aviation,2021/5/1
China,2.346652,Ground Transport,2021/5/1
China,15.720179,Industry,2021/5/1
China,0.05476,International Aviation,2021/5/1
China,10.556864,Power,2021/5/1
China,1.241999,Residential,2021/5/1
China,30.132572,Total,2021/5/1
China,0.240545,Domestic Aviation,2021/5/2
China,2.324522,Ground Transport,2021/5/2
China,15.154017,Industry,2021/5/2
China,0.054364,International Aviation,2021/5/2
China,10.176659,Power,2021/5/2
China,1.207495,Residential,2021/5/2
China,29.103238,Total,2021/5/2
China,0.23136,Domestic Aviation,2021/5/3
China,2.311113,Ground Transport,2021/5/3
China,15.312101,Industry,2021/5/3
China,0.04753,International Aviation,2021/5/3
China,10.28282,Power,2021/5/3
China,1.214556,Residential,2021/5/3
China,29.35195,Total,2021/5/3
China,0.251945,Domestic Aviation,2021/5/4
China,2.308487,Ground Transport,2021/5/4
China,16.036347,Industry,2021/5/4
China,0.046867,International Aviation,2021/5/4
China,10.769186,Power,2021/5/4
China,1.23807,Residential,2021/5/4
China,30.604036,Total,2021/5/4
China,0.267915,Domestic Aviation,2021/5/5
China,2.298966,Ground Transport,2021/5/5
China,15.91135,Industry,2021/5/5
China,0.056931,International Aviation,2021/5/5
China,10.685245,Power,2021/5/5
China,1.136056,Residential,2021/5/5
China,30.299532,Total,2021/5/5
China,0.25713,Domestic Aviation,2021/5/6
China,2.305206,Ground Transport,2021/5/6
China,15.779001,Industry,2021/5/6
China,0.050249,International Aviation,2021/5/6
China,10.596366,Power,2021/5/6
China,1.113534,Residential,2021/5/6
China,30.051236,Total,2021/5/6
China,0.254594,Domestic Aviation,2021/5/7
China,2.303003,Ground Transport,2021/5/7
China,16.532657,Industry,2021/5/7
China,0.053585,International Aviation,2021/5/7
China,11.102483,Power,2021/5/7
China,1.136358,Residential,2021/5/7
China,31.329095,Total,2021/5/7
China,0.249405,Domestic Aviation,2021/5/8
China,2.304538,Ground Transport,2021/5/8
China,16.731182,Industry,2021/5/8
China,0.055075,International Aviation,2021/5/8
China,11.235802,Power,2021/5/8
China,1.134357,Residential,2021/5/8
China,31.655283,Total,2021/5/8
China,0.252739,Domestic Aviation,2021/5/9
China,2.278034,Ground Transport,2021/5/9
China,16.859855,Industry,2021/5/9
China,0.060219,International Aviation,2021/5/9
China,11.322212,Power,2021/5/9
China,1.099692,Residential,2021/5/9
China,31.812532,Total,2021/5/9
China,0.239992,Domestic Aviation,2021/5/10
China,2.297083,Ground Transport,2021/5/10
China,17.176023,Industry,2021/5/10
China,0.048886,International Aviation,2021/5/10
China,11.534534,Power,2021/5/10
China,1.124471,Residential,2021/5/10
China,32.372103,Total,2021/5/10
China,0.239494,Domestic Aviation,2021/5/11
China,2.313839,Ground Transport,2021/5/11
China,17.3819,Industry,2021/5/11
China,0.055826,International Aviation,2021/5/11
China,11.672791,Power,2021/5/11
China,1.067243,Residential,2021/5/11
China,32.675267,Total,2021/5/11
China,0.244752,Domestic Aviation,2021/5/12
China,2.322426,Ground Transport,2021/5/12
China,17.374547,Industry,2021/5/12
China,0.058911,International Aviation,2021/5/12
China,11.667853,Power,2021/5/12
China,1.06427,Residential,2021/5/12
China,32.673848,Total,2021/5/12
China,0.23832,Domestic Aviation,2021/5/13
China,2.337321,Ground Transport,2021/5/13
China,17.16867,Industry,2021/5/13
China,0.058653,International Aviation,2021/5/13
China,11.529596,Power,2021/5/13
China,1.039657,Residential,2021/5/13
China,32.313565,Total,2021/5/13
China,0.233894,Domestic Aviation,2021/5/14
China,2.347687,Ground Transport,2021/5/14
China,17.062055,Industry,2021/5/14
China,0.056342,International Aviation,2021/5/14
China,11.457999,Power,2021/5/14
China,1.068165,Residential,2021/5/14
China,32.169801,Total,2021/5/14
China,0.216045,Domestic Aviation,2021/5/15
China,2.330389,Ground Transport,2021/5/15
China,17.04735,Industry,2021/5/15
China,0.05337,International Aviation,2021/5/15
China,11.448124,Power,2021/5/15
China,1.201278,Residential,2021/5/15
China,32.243186,Total,2021/5/15
China,0.229079,Domestic Aviation,2021/5/16
China,2.303238,Ground Transport,2021/5/16
China,16.878237,Industry,2021/5/16
China,0.058745,International Aviation,2021/5/16
China,11.334556,Power,2021/5/16
China,1.220547,Residential,2021/5/16
China,31.965658,Total,2021/5/16
China,0.238413,Domestic Aviation,2021/5/17
China,2.323219,Ground Transport,2021/5/17
China,17.231169,Industry,2021/5/17
China,0.052014,International Aviation,2021/5/17
China,11.571567,Power,2021/5/17
China,1.0695,Residential,2021/5/17
China,32.433868,Total,2021/5/17
China,0.225834,Domestic Aviation,2021/5/18
China,2.328224,Ground Transport,2021/5/18
China,17.12823,Industry,2021/5/18
China,0.05499,International Aviation,2021/5/18
China,11.502439,Power,2021/5/18
China,1.040071,Residential,2021/5/18
China,32.224798,Total,2021/5/18
China,0.215051,Domestic Aviation,2021/5/19
China,2.334143,Ground Transport,2021/5/19
China,17.34146,Industry,2021/5/19
China,0.059539,International Aviation,2021/5/19
China,11.645633,Power,2021/5/19
China,1.051607,Residential,2021/5/19
China,32.587893,Total,2021/5/19
China,0.235803,Domestic Aviation,2021/5/20
China,2.329047,Ground Transport,2021/5/20
China,17.242198,Industry,2021/5/20
China,0.056992,International Aviation,2021/5/20
China,11.578974,Power,2021/5/20
China,1.044779,Residential,2021/5/20
China,32.4308,Total,2021/5/20
China,0.230321,Domestic Aviation,2021/5/21
China,2.345477,Ground Transport,2021/5/21
China,17.017939,Industry,2021/5/21
China,0.056762,International Aviation,2021/5/21
China,11.428373,Power,2021/5/21
China,1.022886,Residential,2021/5/21
China,32.044996,Total,2021/5/21
China,0.223457,Domestic Aviation,2021/5/22
China,2.311715,Ground Transport,2021/5/22
China,16.933382,Industry,2021/5/22
China,0.055232,International Aviation,2021/5/22
China,11.371589,Power,2021/5/22
China,1.061089,Residential,2021/5/22
China,31.901233,Total,2021/5/22
China,0.229646,Domestic Aviation,2021/5/23
China,2.307079,Ground Transport,2021/5/23
China,16.863531,Industry,2021/5/23
China,0.060315,International Aviation,2021/5/23
China,11.324681,Power,2021/5/23
China,1.124073,Residential,2021/5/23
China,31.84901,Total,2021/5/23
China,0.230703,Domestic Aviation,2021/5/24
China,2.308507,Ground Transport,2021/5/24
China,17.095143,Industry,2021/5/24
China,0.052197,International Aviation,2021/5/24
China,11.480219,Power,2021/5/24
China,1.11619,Residential,2021/5/24
China,32.230762,Total,2021/5/24
China,0.228071,Domestic Aviation,2021/5/25
China,2.318051,Ground Transport,2021/5/25
China,16.87456,Industry,2021/5/25
China,0.0556,International Aviation,2021/5/25
China,11.332087,Power,2021/5/25
China,1.067463,Residential,2021/5/25
China,31.820233,Total,2021/5/25
China,0.210184,Domestic Aviation,2021/5/26
China,2.312415,Ground Transport,2021/5/26
China,16.955441,Industry,2021/5/26
China,0.056537,International Aviation,2021/5/26
China,11.386402,Power,2021/5/26
China,1.089186,Residential,2021/5/26
China,31.953627,Total,2021/5/26
China,0.222292,Domestic Aviation,2021/5/27
China,2.331737,Ground Transport,2021/5/27
China,16.981175,Industry,2021/5/27
China,0.056153,International Aviation,2021/5/27
China,11.403684,Power,2021/5/27
China,1.048519,Residential,2021/5/27
China,31.987407,Total,2021/5/27
China,0.234722,Domestic Aviation,2021/5/28
China,2.354573,Ground Transport,2021/5/28
China,17.201758,Industry,2021/5/28
China,0.055812,International Aviation,2021/5/28
China,11.551816,Power,2021/5/28
China,1.055295,Residential,2021/5/28
China,32.398164,Total,2021/5/28
China,0.223431,Domestic Aviation,2021/5/29
China,2.34069,Ground Transport,2021/5/29
China,17.521602,Industry,2021/5/29
China,0.054604,International Aviation,2021/5/29
China,11.766607,Power,2021/5/29
China,1.030606,Residential,2021/5/29
China,32.882937,Total,2021/5/29
China,0.225681,Domestic Aviation,2021/5/30
China,2.328821,Ground Transport,2021/5/30
China,17.587777,Industry,2021/5/30
China,0.055988,International Aviation,2021/5/30
China,11.811047,Power,2021/5/30
China,1.020322,Residential,2021/5/30
China,32.973649,Total,2021/5/30
China,0.210141,Domestic Aviation,2021/5/31
China,2.337239,Ground Transport,2021/5/31
China,17.823065,Industry,2021/5/31
China,0.049881,International Aviation,2021/5/31
China,11.969054,Power,2021/5/31
China,1.031837,Residential,2021/5/31
China,33.371336,Total,2021/5/31
China,0.199615,Domestic Aviation,2021/6/1
China,2.497243,Ground Transport,2021/6/1
China,15.535233,Industry,2021/6/1
China,0.052,International Aviation,2021/6/1
China,11.93921,Power,2021/6/1
China,1.089888,Residential,2021/6/1
China,31.261189,Total,2021/6/1
China,0.203388,Domestic Aviation,2021/6/2
China,2.49508,Ground Transport,2021/6/2
China,15.123978,Industry,2021/6/2
China,0.057138,International Aviation,2021/6/2
China,11.623151,Power,2021/6/2
China,1.117012,Residential,2021/6/2
China,30.562609,Total,2021/6/2
China,0.19802,Domestic Aviation,2021/6/3
China,2.381577,Ground Transport,2021/6/3
China,15.321635,Industry,2021/6/3
China,0.055965,International Aviation,2021/6/3
China,11.775056,Power,2021/6/3
China,1.132791,Residential,2021/6/3
China,30.809078,Total,2021/6/3
China,0.210349,Domestic Aviation,2021/6/4
China,2.421494,Ground Transport,2021/6/4
China,15.538421,Industry,2021/6/4
China,0.057164,International Aviation,2021/6/4
China,11.941661,Power,2021/6/4
China,1.107747,Residential,2021/6/4
China,31.219672,Total,2021/6/4
China,0.20427,Domestic Aviation,2021/6/5
China,2.377124,Ground Transport,2021/6/5
China,15.653189,Industry,2021/6/5
China,0.053861,International Aviation,2021/6/5
China,12.029863,Power,2021/6/5
China,1.081982,Residential,2021/6/5
China,31.346429,Total,2021/6/5
China,0.207382,Domestic Aviation,2021/6/6
China,2.346722,Ground Transport,2021/6/6
China,15.857223,Industry,2021/6/6
China,0.057723,International Aviation,2021/6/6
China,12.186668,Power,2021/6/6
China,1.062066,Residential,2021/6/6
China,31.660061,Total,2021/6/6
China,0.19941,Domestic Aviation,2021/6/7
China,2.374177,Ground Transport,2021/6/7
China,15.940111,Industry,2021/6/7
China,0.047606,International Aviation,2021/6/7
China,12.25037,Power,2021/6/7
China,1.04958,Residential,2021/6/7
China,31.813649,Total,2021/6/7
China,0.192601,Domestic Aviation,2021/6/8
China,2.376663,Ground Transport,2021/6/8
China,16.026188,Industry,2021/6/8
China,0.05409,International Aviation,2021/6/8
China,12.316522,Power,2021/6/8
China,1.053859,Residential,2021/6/8
China,31.965834,Total,2021/6/8
China,0.195805,Domestic Aviation,2021/6/9
China,2.343513,Ground Transport,2021/6/9
China,16.246162,Industry,2021/6/9
China,0.056611,International Aviation,2021/6/9
China,12.485577,Power,2021/6/9
China,1.072374,Residential,2021/6/9
China,32.343431,Total,2021/6/9
China,0.194682,Domestic Aviation,2021/6/10
China,2.461476,Ground Transport,2021/6/10
China,16.593656,Industry,2021/6/10
China,0.056217,International Aviation,2021/6/10
China,12.752635,Power,2021/6/10
China,1.048117,Residential,2021/6/10
China,33.050566,Total,2021/6/10
China,0.219468,Domestic Aviation,2021/6/11
China,2.473155,Ground Transport,2021/6/11
China,16.670169,Industry,2021/6/11
China,0.053876,International Aviation,2021/6/11
China,12.811437,Power,2021/6/11
China,1.040914,Residential,2021/6/11
China,33.215142,Total,2021/6/11
China,0.206596,Domestic Aviation,2021/6/12
China,2.43192,Ground Transport,2021/6/12
China,16.584092,Industry,2021/6/12
China,0.056592,International Aviation,2021/6/12
China,12.745285,Power,2021/6/12
China,1.035308,Residential,2021/6/12
China,33.003201,Total,2021/6/12
China,0.182702,Domestic Aviation,2021/6/13
China,2.413284,Ground Transport,2021/6/13
China,16.166461,Industry,2021/6/13
China,0.055729,International Aviation,2021/6/13
China,12.424325,Power,2021/6/13
China,1.038061,Residential,2021/6/13
China,32.224833,Total,2021/6/13
China,0.204958,Domestic Aviation,2021/6/14
China,2.387322,Ground Transport,2021/6/14
China,16.163273,Industry,2021/6/14
China,0.051507,International Aviation,2021/6/14
China,12.421875,Power,2021/6/14
China,1.040246,Residential,2021/6/14
China,32.217674,Total,2021/6/14
China,0.212807,Domestic Aviation,2021/6/15
China,2.424507,Ground Transport,2021/6/15
China,16.807254,Industry,2021/6/15
China,0.052103,International Aviation,2021/6/15
China,12.91679,Power,2021/6/15
China,1.048487,Residential,2021/6/15
China,33.409844,Total,2021/6/15
China,0.206884,Domestic Aviation,2021/6/16
China,2.439791,Ground Transport,2021/6/16
China,17.014475,Industry,2021/6/16
China,0.058949,International Aviation,2021/6/16
China,13.076045,Power,2021/6/16
China,1.079303,Residential,2021/6/16
China,33.816498,Total,2021/6/16
China,0.198968,Domestic Aviation,2021/6/17
China,2.457915,Ground Transport,2021/6/17
China,17.036791,Industry,2021/6/17
China,0.056634,International Aviation,2021/6/17
China,13.093195,Power,2021/6/17
China,1.070942,Residential,2021/6/17
China,33.857812,Total,2021/6/17
China,0.212065,Domestic Aviation,2021/6/18
China,2.469618,Ground Transport,2021/6/18
China,17.180252,Industry,2021/6/18
China,0.057411,International Aviation,2021/6/18
China,13.203449,Power,2021/6/18
China,1.053928,Residential,2021/6/18
China,34.119312,Total,2021/6/18
China,0.201355,Domestic Aviation,2021/6/19
China,2.449055,Ground Transport,2021/6/19
China,17.071859,Industry,2021/6/19
China,0.052718,International Aviation,2021/6/19
China,13.120146,Power,2021/6/19
China,1.045932,Residential,2021/6/19
China,33.888347,Total,2021/6/19
China,0.207117,Domestic Aviation,2021/6/20
China,2.442833,Ground Transport,2021/6/20
China,17.071859,Industry,2021/6/20
China,0.060095,International Aviation,2021/6/20
China,13.120146,Power,2021/6/20
China,1.04813,Residential,2021/6/20
China,33.890086,Total,2021/6/20
China,0.204821,Domestic Aviation,2021/6/21
China,2.478218,Ground Transport,2021/6/21
China,17.240825,Industry,2021/6/21
China,0.049582,International Aviation,2021/6/21
China,13.25,Power,2021/6/21
China,1.042136,Residential,2021/6/21
China,34.215999,Total,2021/6/21
China,0.19352,Domestic Aviation,2021/6/22
China,2.479359,Ground Transport,2021/6/22
China,17.039979,Industry,2021/6/22
China,0.052841,International Aviation,2021/6/22
China,13.095645,Power,2021/6/22
China,1.037817,Residential,2021/6/22
China,33.846321,Total,2021/6/22
China,0.200601,Domestic Aviation,2021/6/23
China,2.476889,Ground Transport,2021/6/23
China,16.753057,Industry,2021/6/23
China,0.056415,International Aviation,2021/6/23
China,12.875139,Power,2021/6/23
China,1.036284,Residential,2021/6/23
China,33.34197,Total,2021/6/23
China,0.19866,Domestic Aviation,2021/6/24
China,2.494419,Ground Transport,2021/6/24
China,16.84551,Industry,2021/6/24
China,0.054404,International Aviation,2021/6/24
China,12.946191,Power,2021/6/24
China,1.044253,Residential,2021/6/24
China,33.529032,Total,2021/6/24
China,0.208364,Domestic Aviation,2021/6/25
China,2.46911,Ground Transport,2021/6/25
China,16.816818,Industry,2021/6/25
China,0.054915,International Aviation,2021/6/25
China,12.92414,Power,2021/6/25
China,1.036565,Residential,2021/6/25
China,33.454997,Total,2021/6/25
China,0.196179,Domestic Aviation,2021/6/26
China,2.440097,Ground Transport,2021/6/26
China,16.871014,Industry,2021/6/26
China,0.054639,International Aviation,2021/6/26
China,12.965791,Power,2021/6/26
China,1.034425,Residential,2021/6/26
China,33.507505,Total,2021/6/26
China,0.200207,Domestic Aviation,2021/6/27
China,2.398808,Ground Transport,2021/6/27
China,16.842322,Industry,2021/6/27
China,0.055188,International Aviation,2021/6/27
China,12.943741,Power,2021/6/27
China,1.032133,Residential,2021/6/27
China,33.417211,Total,2021/6/27
China,0.200032,Domestic Aviation,2021/6/28
China,2.43441,Ground Transport,2021/6/28
China,17.173876,Industry,2021/6/28
China,0.048878,International Aviation,2021/6/28
China,13.198548,Power,2021/6/28
China,1.033865,Residential,2021/6/28
China,34.040731,Total,2021/6/28
China,0.195979,Domestic Aviation,2021/6/29
China,2.435314,Ground Transport,2021/6/29
China,16.820006,Industry,2021/6/29
China,0.053683,International Aviation,2021/6/29
China,12.92659,Power,2021/6/29
China,1.033903,Residential,2021/6/29
China,33.411792,Total,2021/6/29
China,0.20275,Domestic Aviation,2021/6/30
China,2.413471,Ground Transport,2021/6/30
China,17.10374,Industry,2021/6/30
China,0.056831,International Aviation,2021/6/30
China,13.144647,Power,2021/6/30
China,1.037383,Residential,2021/6/30
China,33.90199,Total,2021/6/30
China,0.188724,Domestic Aviation,2021/7/1
China,2.629444,Ground Transport,2021/7/1
China,13.914253,Industry,2021/7/1
China,0.054156,International Aviation,2021/7/1
China,12.412824,Power,2021/7/1
China,1.01661,Residential,2021/7/1
China,30.161856,Total,2021/7/1
China,0.214851,Domestic Aviation,2021/7/2
China,2.595379,Ground Transport,2021/7/2
China,13.961941,Industry,2021/7/2
China,0.052411,International Aviation,2021/7/2
China,12.455366,Power,2021/7/2
China,1.024874,Residential,2021/7/2
China,30.252411,Total,2021/7/2
China,0.219367,Domestic Aviation,2021/7/3
China,2.584042,Ground Transport,2021/7/3
China,14.04407,Industry,2021/7/3
China,0.053271,International Aviation,2021/7/3
China,12.528633,Power,2021/7/3
China,1.011361,Residential,2021/7/3
China,30.387473,Total,2021/7/3
China,0.225622,Domestic Aviation,2021/7/4
China,2.533798,Ground Transport,2021/7/4
China,14.250717,Industry,2021/7/4
China,0.055097,International Aviation,2021/7/4
China,12.712982,Power,2021/7/4
China,1.005425,Residential,2021/7/4
China,30.728544,Total,2021/7/4
China,0.216357,Domestic Aviation,2021/7/5
China,2.532228,Ground Transport,2021/7/5
China,14.523598,Industry,2021/7/5
China,0.050079,International Aviation,2021/7/5
China,12.956417,Power,2021/7/5
China,1.007196,Residential,2021/7/5
China,31.235795,Total,2021/7/5
China,0.22411,Domestic Aviation,2021/7/6
China,2.556632,Ground Transport,2021/7/6
China,14.727596,Industry,2021/7/6
China,0.051664,International Aviation,2021/7/6
China,13.138402,Power,2021/7/6
China,1.00684,Residential,2021/7/6
China,31.653579,Total,2021/7/6
China,0.227937,Domestic Aviation,2021/7/7
China,2.595687,Ground Transport,2021/7/7
China,15.048164,Industry,2021/7/7
China,0.05578,International Aviation,2021/7/7
China,13.42438,Power,2021/7/7
China,1.003794,Residential,2021/7/7
China,32.299962,Total,2021/7/7
China,0.220171,Domestic Aviation,2021/7/8
China,2.612553,Ground Transport,2021/7/8
China,15.334291,Industry,2021/7/8
China,0.053472,International Aviation,2021/7/8
China,13.679632,Power,2021/7/8
China,1.002616,Residential,2021/7/8
China,32.849262,Total,2021/7/8
China,0.242326,Domestic Aviation,2021/7/9
China,2.641015,Ground Transport,2021/7/9
China,15.564782,Industry,2021/7/9
China,0.053273,International Aviation,2021/7/9
China,13.885252,Power,2021/7/9
China,1.006321,Residential,2021/7/9
China,33.339697,Total,2021/7/9
China,0.237386,Domestic Aviation,2021/7/10
China,2.653832,Ground Transport,2021/7/10
China,15.607171,Industry,2021/7/10
China,0.053963,International Aviation,2021/7/10
China,13.923067,Power,2021/7/10
China,1.008878,Residential,2021/7/10
China,33.430334,Total,2021/7/10
China,0.239447,Domestic Aviation,2021/7/11
China,2.609896,Ground Transport,2021/7/11
China,15.654859,Industry,2021/7/11
China,0.052855,International Aviation,2021/7/11
China,13.965609,Power,2021/7/11
China,1.007735,Residential,2021/7/11
China,33.477546,Total,2021/7/11
China,0.239452,Domestic Aviation,2021/7/12
China,2.625017,Ground Transport,2021/7/12
China,15.792624,Industry,2021/7/12
China,0.051426,International Aviation,2021/7/12
China,14.088508,Power,2021/7/12
China,1.005472,Residential,2021/7/12
China,33.751073,Total,2021/7/12
China,0.246941,Domestic Aviation,2021/7/13
China,2.62374,Ground Transport,2021/7/13
China,15.935688,Industry,2021/7/13
China,0.052374,International Aviation,2021/7/13
China,14.216134,Power,2021/7/13
China,1.00118,Residential,2021/7/13
China,34.023684,Total,2021/7/13
China,0.247613,Domestic Aviation,2021/7/14
China,2.622496,Ground Transport,2021/7/14
China,15.948934,Industry,2021/7/14
China,0.056397,International Aviation,2021/7/14
China,14.227952,Power,2021/7/14
China,1.006085,Residential,2021/7/14
China,34.05308,Total,2021/7/14
China,0.241446,Domestic Aviation,2021/7/15
China,2.642774,Ground Transport,2021/7/15
China,16.107894,Industry,2021/7/15
China,0.055844,International Aviation,2021/7/15
China,14.369758,Power,2021/7/15
China,1.00377,Residential,2021/7/15
China,34.365641,Total,2021/7/15
China,0.245021,Domestic Aviation,2021/7/16
China,2.640578,Ground Transport,2021/7/16
China,15.715794,Industry,2021/7/16
China,0.055367,International Aviation,2021/7/16
China,14.019968,Power,2021/7/16
China,1.003388,Residential,2021/7/16
China,33.624749,Total,2021/7/16
China,0.242961,Domestic Aviation,2021/7/17
China,2.631314,Ground Transport,2021/7/17
China,15.029619,Industry,2021/7/17
China,0.056228,International Aviation,2021/7/17
China,13.407835,Power,2021/7/17
China,1.004595,Residential,2021/7/17
China,32.316324,Total,2021/7/17
China,0.249293,Domestic Aviation,2021/7/18
China,2.629693,Ground Transport,2021/7/18
China,14.626921,Industry,2021/7/18
China,0.054889,International Aviation,2021/7/18
China,13.048591,Power,2021/7/18
China,1.00566,Residential,2021/7/18
China,31.560158,Total,2021/7/18
China,0.246844,Domestic Aviation,2021/7/19
China,2.603301,Ground Transport,2021/7/19
China,14.82827,Industry,2021/7/19
China,0.050185,International Aviation,2021/7/19
China,13.228213,Power,2021/7/19
China,1.001789,Residential,2021/7/19
China,31.908418,Total,2021/7/19
China,0.234832,Domestic Aviation,2021/7/20
China,2.668819,Ground Transport,2021/7/20
China,14.47326,Industry,2021/7/20
China,0.053521,International Aviation,2021/7/20
China,12.911511,Power,2021/7/20
China,1.000101,Residential,2021/7/20
China,31.288524,Total,2021/7/20
China,0.228656,Domestic Aviation,2021/7/21
China,2.565606,Ground Transport,2021/7/21
China,14.250717,Industry,2021/7/21
China,0.056363,International Aviation,2021/7/21
China,12.712982,Power,2021/7/21
China,1.000528,Residential,2021/7/21
China,30.758489,Total,2021/7/21
China,0.241811,Domestic Aviation,2021/7/22
China,2.608923,Ground Transport,2021/7/22
China,14.086459,Industry,2021/7/22
China,0.057165,International Aviation,2021/7/22
China,12.566448,Power,2021/7/22
China,0.999687,Residential,2021/7/22
China,30.503329,Total,2021/7/22
China,0.253579,Domestic Aviation,2021/7/23
China,2.51386,Ground Transport,2021/7/23
China,14.354041,Industry,2021/7/23
China,0.052959,International Aviation,2021/7/23
China,12.805156,Power,2021/7/23
China,0.996705,Residential,2021/7/23
China,30.923341,Total,2021/7/23
China,0.220291,Domestic Aviation,2021/7/24
China,2.459238,Ground Transport,2021/7/24
China,14.518299,Industry,2021/7/24
China,0.048619,International Aviation,2021/7/24
China,12.95169,Power,2021/7/24
China,0.997515,Residential,2021/7/24
China,31.147033,Total,2021/7/24
China,0.181046,Domestic Aviation,2021/7/25
China,2.447242,Ground Transport,2021/7/25
China,14.489156,Industry,2021/7/25
China,0.040186,International Aviation,2021/7/25
China,12.925692,Power,2021/7/25
China,1.003112,Residential,2021/7/25
China,31.04625,Total,2021/7/25
China,0.211876,Domestic Aviation,2021/7/26
China,2.506261,Ground Transport,2021/7/26
China,14.910399,Industry,2021/7/26
China,0.036447,International Aviation,2021/7/26
China,13.30148,Power,2021/7/26
China,1.014022,Residential,2021/7/26
China,31.944039,Total,2021/7/26
China,0.240822,Domestic Aviation,2021/7/27
China,2.488773,Ground Transport,2021/7/27
China,15.159436,Industry,2021/7/27
China,0.049732,International Aviation,2021/7/27
China,13.523644,Power,2021/7/27
China,1.01313,Residential,2021/7/27
China,32.425805,Total,2021/7/27
China,0.241357,Domestic Aviation,2021/7/28
China,2.546076,Ground Transport,2021/7/28
China,15.307798,Industry,2021/7/28
China,0.057545,International Aviation,2021/7/28
China,13.655997,Power,2021/7/28
China,1.009244,Residential,2021/7/28
China,32.760473,Total,2021/7/28
China,0.235273,Domestic Aviation,2021/7/29
China,2.573141,Ground Transport,2021/7/29
China,15.305148,Industry,2021/7/29
China,0.054997,International Aviation,2021/7/29
China,13.653634,Power,2021/7/29
China,1.004982,Residential,2021/7/29
China,32.772178,Total,2021/7/29
China,0.235598,Domestic Aviation,2021/7/30
China,2.586055,Ground Transport,2021/7/30
China,14.981931,Industry,2021/7/30
China,0.056715,International Aviation,2021/7/30
China,13.365293,Power,2021/7/30
China,1.006585,Residential,2021/7/30
China,32.175462,Total,2021/7/30
China,0.225154,Domestic Aviation,2021/7/31
China,2.638962,Ground Transport,2021/7/31
China,14.918347,Industry,2021/7/31
China,0.051669,International Aviation,2021/7/31
China,13.308571,Power,2021/7/31
China,1.011945,Residential,2021/7/31
China,32.102978,Total,2021/7/31
China,0.215866,Domestic Aviation,2021/8/1
China,2.520572,Ground Transport,2021/8/1
China,15.493662,Industry,2021/8/1
China,0.054377,International Aviation,2021/8/1
China,13.601599,Power,2021/8/1
China,1.006107,Residential,2021/8/1
China,32.837806,Total,2021/8/1
China,0.197119,Domestic Aviation,2021/8/2
China,2.636157,Ground Transport,2021/8/2
China,15.704239,Industry,2021/8/2
China,0.046785,International Aviation,2021/8/2
China,13.786461,Power,2021/8/2
China,1.000765,Residential,2021/8/2
China,33.324742,Total,2021/8/2
China,0.172991,Domestic Aviation,2021/8/3
China,2.64676,Ground Transport,2021/8/3
China,16.066001,Industry,2021/8/3
China,0.051817,International Aviation,2021/8/3
China,14.104045,Power,2021/8/3
China,1.016613,Residential,2021/8/3
China,34.00641,Total,2021/8/3
China,0.161212,Domestic Aviation,2021/8/4
China,2.592945,Ground Transport,2021/8/4
China,16.533052,Industry,2021/8/4
China,0.052243,International Aviation,2021/8/4
China,14.51406,Power,2021/8/4
China,1.005907,Residential,2021/8/4
China,34.807176,Total,2021/8/4
China,0.144083,Domestic Aviation,2021/8/5
China,2.662416,Ground Transport,2021/8/5
China,16.260381,Industry,2021/8/5
China,0.053605,International Aviation,2021/8/5
China,14.274687,Power,2021/8/5
China,1.003819,Residential,2021/8/5
China,34.345386,Total,2021/8/5
China,0.1393,Domestic Aviation,2021/8/6
China,2.661655,Ground Transport,2021/8/6
China,16.349471,Industry,2021/8/6
China,0.055098,International Aviation,2021/8/6
China,14.352898,Power,2021/8/6
China,1.006608,Residential,2021/8/6
China,34.509932,Total,2021/8/6
China,0.126877,Domestic Aviation,2021/8/7
China,2.553209,Ground Transport,2021/8/7
China,16.414264,Industry,2021/8/7
China,0.052328,International Aviation,2021/8/7
China,14.409779,Power,2021/8/7
China,1.00063,Residential,2021/8/7
China,34.504759,Total,2021/8/7
China,0.123272,Domestic Aviation,2021/8/8
China,2.520572,Ground Transport,2021/8/8
China,16.17129,Industry,2021/8/8
China,0.054511,International Aviation,2021/8/8
China,14.196476,Power,2021/8/8
China,1.007429,Residential,2021/8/8
China,34.019039,Total,2021/8/8
China,0.106751,Domestic Aviation,2021/8/9
China,2.651412,Ground Transport,2021/8/9
China,16.373769,Industry,2021/8/9
China,0.046318,International Aviation,2021/8/9
China,14.374228,Power,2021/8/9
China,1.009055,Residential,2021/8/9
China,34.515215,Total,2021/8/9
China,0.106995,Domestic Aviation,2021/8/10
China,2.556903,Ground Transport,2021/8/10
China,16.443961,Industry,2021/8/10
China,0.055836,International Aviation,2021/8/10
China,14.435849,Power,2021/8/10
China,1.012024,Residential,2021/8/10
China,34.555732,Total,2021/8/10
China,0.108225,Domestic Aviation,2021/8/11
China,2.549082,Ground Transport,2021/8/11
China,16.111896,Industry,2021/8/11
China,0.055407,International Aviation,2021/8/11
China,14.144335,Power,2021/8/11
China,1.01186,Residential,2021/8/11
China,33.925398,Total,2021/8/11
China,0.101132,Domestic Aviation,2021/8/12
China,2.554683,Ground Transport,2021/8/12
China,15.782531,Industry,2021/8/12
China,0.052439,International Aviation,2021/8/12
China,13.855192,Power,2021/8/12
China,1.015852,Residential,2021/8/12
China,33.309389,Total,2021/8/12
China,0.113453,Domestic Aviation,2021/8/13
China,2.585951,Ground Transport,2021/8/13
China,15.769033,Industry,2021/8/13
China,0.055042,International Aviation,2021/8/13
China,13.843342,Power,2021/8/13
China,1.010819,Residential,2021/8/13
China,33.322597,Total,2021/8/13
China,0.106463,Domestic Aviation,2021/8/14
China,2.676305,Ground Transport,2021/8/14
China,14.94562,Industry,2021/8/14
China,0.050524,International Aviation,2021/8/14
China,13.120483,Power,2021/8/14
China,1.011414,Residential,2021/8/14
China,31.860284,Total,2021/8/14
China,0.122249,Domestic Aviation,2021/8/15
China,2.632818,Ground Transport,2021/8/15
China,14.359782,Industry,2021/8/15
China,0.052918,International Aviation,2021/8/15
China,12.606186,Power,2021/8/15
China,1.006757,Residential,2021/8/15
China,30.727793,Total,2021/8/15
China,0.114588,Domestic Aviation,2021/8/16
China,2.67486,Ground Transport,2021/8/16
China,14.548762,Industry,2021/8/16
China,0.049663,International Aviation,2021/8/16
China,12.772088,Power,2021/8/16
China,1.005516,Residential,2021/8/16
China,31.115814,Total,2021/8/16
China,0.108437,Domestic Aviation,2021/8/17
China,2.697176,Ground Transport,2021/8/17
China,14.791736,Industry,2021/8/17
China,0.051725,International Aviation,2021/8/17
China,12.985391,Power,2021/8/17
China,1.007982,Residential,2021/8/17
China,31.590722,Total,2021/8/17
China,0.112302,Domestic Aviation,2021/8/18
China,2.697216,Ground Transport,2021/8/18
China,14.84843,Industry,2021/8/18
China,0.053876,International Aviation,2021/8/18
China,13.035162,Power,2021/8/18
China,1.009486,Residential,2021/8/18
China,31.702595,Total,2021/8/18
China,0.109355,Domestic Aviation,2021/8/19
China,2.752298,Ground Transport,2021/8/19
China,14.672948,Industry,2021/8/19
China,0.055699,International Aviation,2021/8/19
China,12.88111,Power,2021/8/19
China,1.011707,Residential,2021/8/19
China,31.427418,Total,2021/8/19
China,0.127186,Domestic Aviation,2021/8/20
China,2.735733,Ground Transport,2021/8/20
China,14.462598,Industry,2021/8/20
China,0.056641,International Aviation,2021/8/20
China,12.696447,Power,2021/8/20
China,1.00451,Residential,2021/8/20
China,31.026475,Total,2021/8/20
China,0.108923,Domestic Aviation,2021/8/21
China,2.720109,Ground Transport,2021/8/21
China,14.333183,Industry,2021/8/21
China,0.049782,International Aviation,2021/8/21
China,12.582836,Power,2021/8/21
China,1.008343,Residential,2021/8/21
China,30.753394,Total,2021/8/21
China,0.117526,Domestic Aviation,2021/8/22
China,2.702276,Ground Transport,2021/8/22
China,14.308444,Industry,2021/8/22
China,0.052975,International Aviation,2021/8/22
China,12.561118,Power,2021/8/22
China,1.010627,Residential,2021/8/22
China,30.699991,Total,2021/8/22
China,0.12335,Domestic Aviation,2021/8/23
China,2.727016,Ground Transport,2021/8/23
China,14.28403,Industry,2021/8/23
China,0.044119,International Aviation,2021/8/23
China,12.539685,Power,2021/8/23
China,1.033549,Residential,2021/8/23
China,30.70763,Total,2021/8/23
China,0.117719,Domestic Aviation,2021/8/24
China,2.687427,Ground Transport,2021/8/24
China,14.339025,Industry,2021/8/24
China,0.048414,International Aviation,2021/8/24
China,12.587964,Power,2021/8/24
China,1.04471,Residential,2021/8/24
China,30.776844,Total,2021/8/24
China,0.131216,Domestic Aviation,2021/8/25
China,2.686304,Ground Transport,2021/8/25
China,14.230195,Industry,2021/8/25
China,0.056662,International Aviation,2021/8/25
China,12.492425,Power,2021/8/25
China,1.063062,Residential,2021/8/25
China,30.603203,Total,2021/8/25
China,0.139526,Domestic Aviation,2021/8/26
China,2.708813,Ground Transport,2021/8/26
China,13.746946,Industry,2021/8/26
China,0.050538,International Aviation,2021/8/26
China,12.06819,Power,2021/8/26
China,1.066237,Residential,2021/8/26
China,29.729712,Total,2021/8/26
China,0.155974,Domestic Aviation,2021/8/27
China,2.692971,Ground Transport,2021/8/27
China,13.760445,Industry,2021/8/27
China,0.05674,International Aviation,2021/8/27
China,12.08004,Power,2021/8/27
China,1.040426,Residential,2021/8/27
China,29.729855,Total,2021/8/27
China,0.152074,Domestic Aviation,2021/8/28
China,2.670662,Ground Transport,2021/8/28
China,13.698066,Industry,2021/8/28
China,0.04922,International Aviation,2021/8/28
China,12.025279,Power,2021/8/28
China,1.054528,Residential,2021/8/28
China,29.600609,Total,2021/8/28
China,0.15816,Domestic Aviation,2021/8/29
China,2.659483,Ground Transport,2021/8/29
China,13.547123,Industry,2021/8/29
China,0.05386,International Aviation,2021/8/29
China,11.892769,Power,2021/8/29
China,1.048935,Residential,2021/8/29
China,29.30647,Total,2021/8/29
China,0.150323,Domestic Aviation,2021/8/30
China,2.659717,Ground Transport,2021/8/30
China,13.566835,Industry,2021/8/30
China,0.048971,International Aviation,2021/8/30
China,11.910074,Power,2021/8/30
China,1.071896,Residential,2021/8/30
China,29.358845,Total,2021/8/30
China,0.152528,Domestic Aviation,2021/8/31
China,2.678717,Ground Transport,2021/8/31
China,14.452877,Industry,2021/8/31
China,0.04722,International Aviation,2021/8/31
China,12.687913,Power,2021/8/31
China,1.040842,Residential,2021/8/31
China,31.012878,Total,2021/8/31
China,0.176053,Domestic Aviation,2021/9/1
China,2.575047,Ground Transport,2021/9/1
China,15.808263,Industry,2021/9/1
China,0.055445,International Aviation,2021/9/1
China,13.003181,Power,2021/9/1
China,1.034649,Residential,2021/9/1
China,32.597193,Total,2021/9/1
China,0.178867,Domestic Aviation,2021/9/2
China,2.548564,Ground Transport,2021/9/2
China,15.98623,Industry,2021/9/2
China,0.05457,International Aviation,2021/9/2
China,13.149569,Power,2021/9/2
China,1.033034,Residential,2021/9/2
China,32.896263,Total,2021/9/2
China,0.198442,Domestic Aviation,2021/9/3
China,2.631166,Ground Transport,2021/9/3
China,15.971313,Industry,2021/9/3
China,0.056372,International Aviation,2021/9/3
China,13.137299,Power,2021/9/3
China,1.03978,Residential,2021/9/3
China,32.977999,Total,2021/9/3
China,0.188345,Domestic Aviation,2021/9/4
China,2.571798,Ground Transport,2021/9/4
China,15.741956,Industry,2021/9/4
China,0.057574,International Aviation,2021/9/4
China,12.948639,Power,2021/9/4
China,1.044436,Residential,2021/9/4
China,32.495175,Total,2021/9/4
China,0.196733,Domestic Aviation,2021/9/5
China,2.576151,Ground Transport,2021/9/5
China,15.405677,Industry,2021/9/5
China,0.056804,International Aviation,2021/9/5
China,12.672031,Power,2021/9/5
China,1.066074,Residential,2021/9/5
China,31.916666,Total,2021/9/5
China,0.191067,Domestic Aviation,2021/9/6
China,2.575846,Ground Transport,2021/9/6
China,15.41178,Industry,2021/9/6
China,0.051944,International Aviation,2021/9/6
China,12.677051,Power,2021/9/6
China,1.079007,Residential,2021/9/6
China,31.934751,Total,2021/9/6
China,0.183925,Domestic Aviation,2021/9/7
China,2.597079,Ground Transport,2021/9/7
China,14.958429,Industry,2021/9/7
China,0.054046,International Aviation,2021/9/7
China,12.304144,Power,2021/9/7
China,1.060168,Residential,2021/9/7
China,31.103745,Total,2021/9/7
China,0.194312,Domestic Aviation,2021/9/8
China,2.58352,Ground Transport,2021/9/8
China,14.687778,Industry,2021/9/8
China,0.057621,International Aviation,2021/9/8
China,12.081519,Power,2021/9/8
China,1.047346,Residential,2021/9/8
China,30.594475,Total,2021/9/8
China,0.197253,Domestic Aviation,2021/9/9
China,2.592371,Ground Transport,2021/9/9
China,14.668117,Industry,2021/9/9
China,0.05469,International Aviation,2021/9/9
China,12.065347,Power,2021/9/9
China,1.059462,Residential,2021/9/9
China,30.58255,Total,2021/9/9
China,0.214366,Domestic Aviation,2021/9/10
China,2.613385,Ground Transport,2021/9/10
China,15.074588,Industry,2021/9/10
China,0.061629,International Aviation,2021/9/10
China,12.399692,Power,2021/9/10
China,1.061416,Residential,2021/9/10
China,31.363447,Total,2021/9/10
China,0.197683,Domestic Aviation,2021/9/11
China,2.605862,Ground Transport,2021/9/11
China,15.096277,Industry,2021/9/11
China,0.058982,International Aviation,2021/9/11
China,12.417532,Power,2021/9/11
China,1.075664,Residential,2021/9/11
China,31.393019,Total,2021/9/11
China,0.203551,Domestic Aviation,2021/9/12
China,2.577805,Ground Transport,2021/9/12
China,14.696523,Industry,2021/9/12
China,0.055919,International Aviation,2021/9/12
China,12.088712,Power,2021/9/12
China,1.063019,Residential,2021/9/12
China,30.629609,Total,2021/9/12
China,0.154787,Domestic Aviation,2021/9/13
China,2.579569,Ground Transport,2021/9/13
China,13.944263,Industry,2021/9/13
China,0.048936,International Aviation,2021/9/13
China,11.469936,Power,2021/9/13
China,1.069012,Residential,2021/9/13
China,29.217566,Total,2021/9/13
China,0.174708,Domestic Aviation,2021/9/14
China,2.594221,Ground Transport,2021/9/14
China,14.677126,Industry,2021/9/14
China,0.048866,International Aviation,2021/9/14
China,12.072757,Power,2021/9/14
China,1.071147,Residential,2021/9/14
China,30.58996,Total,2021/9/14
China,0.20197,Domestic Aviation,2021/9/15
China,2.607864,Ground Transport,2021/9/15
China,14.482648,Industry,2021/9/15
China,0.059687,International Aviation,2021/9/15
China,11.912788,Power,2021/9/15
China,1.067792,Residential,2021/9/15
China,30.273062,Total,2021/9/15
China,0.198812,Domestic Aviation,2021/9/16
China,2.600742,Ground Transport,2021/9/16
China,14.662211,Industry,2021/9/16
China,0.056811,International Aviation,2021/9/16
China,12.060488,Power,2021/9/16
China,1.086172,Residential,2021/9/16
China,30.608425,Total,2021/9/16
China,0.207675,Domestic Aviation,2021/9/17
China,2.607232,Ground Transport,2021/9/17
China,14.485951,Industry,2021/9/17
China,0.060848,International Aviation,2021/9/17
China,11.915505,Power,2021/9/17
China,1.070105,Residential,2021/9/17
China,30.286469,Total,2021/9/17
China,0.218615,Domestic Aviation,2021/9/18
China,2.621435,Ground Transport,2021/9/18
China,14.60292,Industry,2021/9/18
China,0.057878,International Aviation,2021/9/18
China,12.011719,Power,2021/9/18
China,1.104124,Residential,2021/9/18
China,30.558813,Total,2021/9/18
China,0.187438,Domestic Aviation,2021/9/19
China,2.613645,Ground Transport,2021/9/19
China,14.635716,Industry,2021/9/19
China,0.057665,International Aviation,2021/9/19
China,12.038695,Power,2021/9/19
China,1.147699,Residential,2021/9/19
China,30.623192,Total,2021/9/19
China,0.15616,Domestic Aviation,2021/9/20
China,2.602934,Ground Transport,2021/9/20
China,14.400185,Industry,2021/9/20
China,0.054278,International Aviation,2021/9/20
China,11.844958,Power,2021/9/20
China,1.109543,Residential,2021/9/20
China,30.113779,Total,2021/9/20
China,0.173852,Domestic Aviation,2021/9/21
China,2.593931,Ground Transport,2021/9/21
China,13.249363,Industry,2021/9/21
China,0.056198,International Aviation,2021/9/21
China,10.898342,Power,2021/9/21
China,1.088239,Residential,2021/9/21
China,28.003727,Total,2021/9/21
China,0.211094,Domestic Aviation,2021/9/22
China,2.586808,Ground Transport,2021/9/22
China,13.422284,Industry,2021/9/22
China,0.057623,International Aviation,2021/9/22
China,11.040579,Power,2021/9/22
China,1.097952,Residential,2021/9/22
China,28.358717,Total,2021/9/22
China,0.189283,Domestic Aviation,2021/9/23
China,2.592859,Ground Transport,2021/9/23
China,13.791978,Industry,2021/9/23
China,0.059101,International Aviation,2021/9/23
China,11.344674,Power,2021/9/23
China,1.103692,Residential,2021/9/23
China,29.022486,Total,2021/9/23
China,0.191499,Domestic Aviation,2021/9/24
China,2.600177,Ground Transport,2021/9/24
China,14.301798,Industry,2021/9/24
China,0.061065,International Aviation,2021/9/24
China,11.764029,Power,2021/9/24
China,1.095631,Residential,2021/9/24
China,29.953136,Total,2021/9/24
China,0.193265,Domestic Aviation,2021/9/25
China,2.593077,Ground Transport,2021/9/25
China,14.11397,Industry,2021/9/25
China,0.055289,International Aviation,2021/9/25
China,11.60953,Power,2021/9/25
China,1.096978,Residential,2021/9/25
China,29.60682,Total,2021/9/25
China,0.198945,Domestic Aviation,2021/9/26
China,2.596095,Ground Transport,2021/9/26
China,13.857569,Industry,2021/9/26
China,0.058731,International Aviation,2021/9/26
China,11.398626,Power,2021/9/26
China,1.09711,Residential,2021/9/26
China,29.148345,Total,2021/9/26
China,0.203109,Domestic Aviation,2021/9/27
China,2.563353,Ground Transport,2021/9/27
China,13.938067,Industry,2021/9/27
China,0.054688,International Aviation,2021/9/27
China,11.46484,Power,2021/9/27
China,1.087433,Residential,2021/9/27
China,29.256802,Total,2021/9/27
China,0.208845,Domestic Aviation,2021/9/28
China,2.697924,Ground Transport,2021/9/28
China,13.890365,Industry,2021/9/28
China,0.054944,International Aviation,2021/9/28
China,11.425602,Power,2021/9/28
China,1.086132,Residential,2021/9/28
China,29.308868,Total,2021/9/28
China,0.222557,Domestic Aviation,2021/9/29
China,2.596997,Ground Transport,2021/9/29
China,14.033472,Industry,2021/9/29
China,0.059033,International Aviation,2021/9/29
China,11.543316,Power,2021/9/29
China,1.122575,Residential,2021/9/29
China,29.518916,Total,2021/9/29
China,0.240512,Domestic Aviation,2021/9/30
China,2.613153,Ground Transport,2021/9/30
China,13.815829,Industry,2021/9/30
China,0.057214,International Aviation,2021/9/30
China,11.364293,Power,2021/9/30
China,1.142334,Residential,2021/9/30
China,29.176121,Total,2021/9/30
China,0.232922,Domestic Aviation,2021/10/1
China,2.720383,Ground Transport,2021/10/1
China,13.864505,Industry,2021/10/1
China,0.060973,International Aviation,2021/10/1
China,10.865138,Power,2021/10/1
China,1.113468,Residential,2021/10/1
China,28.796416,Total,2021/10/1
China,0.200863,Domestic Aviation,2021/10/2
China,2.715803,Ground Transport,2021/10/2
China,13.636919,Industry,2021/10/2
China,0.053574,International Aviation,2021/10/2
China,10.686787,Power,2021/10/2
China,1.073275,Residential,2021/10/2
China,28.313648,Total,2021/10/2
China,0.178998,Domestic Aviation,2021/10/3
China,2.718769,Ground Transport,2021/10/3
China,13.397196,Industry,2021/10/3
China,0.055489,International Aviation,2021/10/3
China,10.498924,Power,2021/10/3
China,1.114615,Residential,2021/10/3
China,27.908502,Total,2021/10/3
China,0.177189,Domestic Aviation,2021/10/4
China,2.717636,Ground Transport,2021/10/4
China,13.409334,Industry,2021/10/4
China,0.052513,International Aviation,2021/10/4
China,10.508436,Power,2021/10/4
China,1.276007,Residential,2021/10/4
China,28.088602,Total,2021/10/4
China,0.202535,Domestic Aviation,2021/10/5
China,2.730378,Ground Transport,2021/10/5
China,13.740091,Industry,2021/10/5
China,0.051652,International Aviation,2021/10/5
China,10.76764,Power,2021/10/5
China,1.34968,Residential,2021/10/5
China,28.790324,Total,2021/10/5
China,0.229569,Domestic Aviation,2021/10/6
China,2.718816,Ground Transport,2021/10/6
China,13.900918,Industry,2021/10/6
China,0.055521,International Aviation,2021/10/6
China,10.893674,Power,2021/10/6
China,1.397991,Residential,2021/10/6
China,29.140969,Total,2021/10/6
China,0.236393,Domestic Aviation,2021/10/7
China,2.678568,Ground Transport,2021/10/7
China,14.110297,Industry,2021/10/7
China,0.052445,International Aviation,2021/10/7
China,11.057757,Power,2021/10/7
China,1.345366,Residential,2021/10/7
China,29.428381,Total,2021/10/7
China,0.204947,Domestic Aviation,2021/10/8
China,2.434901,Ground Transport,2021/10/8
China,13.894849,Industry,2021/10/8
China,0.055417,International Aviation,2021/10/8
China,10.888918,Power,2021/10/8
China,1.249879,Residential,2021/10/8
China,28.673495,Total,2021/10/8
China,0.197238,Domestic Aviation,2021/10/9
China,2.654034,Ground Transport,2021/10/9
China,13.661195,Industry,2021/10/9
China,0.049998,International Aviation,2021/10/9
China,10.705811,Power,2021/10/9
China,1.245834,Residential,2021/10/9
China,28.464112,Total,2021/10/9
China,0.213807,Domestic Aviation,2021/10/10
China,2.684482,Ground Transport,2021/10/10
China,13.366851,Industry,2021/10/10
China,0.055801,International Aviation,2021/10/10
China,10.475144,Power,2021/10/10
China,1.469485,Residential,2021/10/10
China,28.20977,Total,2021/10/10
China,0.204675,Domestic Aviation,2021/10/11
China,2.674408,Ground Transport,2021/10/11
China,13.406299,Industry,2021/10/11
China,0.052421,International Aviation,2021/10/11
China,10.506058,Power,2021/10/11
China,1.460604,Residential,2021/10/11
China,28.252045,Total,2021/10/11
China,0.187194,Domestic Aviation,2021/10/12
China,2.725846,Ground Transport,2021/10/12
China,13.239403,Industry,2021/10/12
China,0.054289,International Aviation,2021/10/12
China,10.375268,Power,2021/10/12
China,1.329737,Residential,2021/10/12
China,27.857449,Total,2021/10/12
China,0.18118,Domestic Aviation,2021/10/13
China,2.743609,Ground Transport,2021/10/13
China,13.415403,Industry,2021/10/13
China,0.058522,International Aviation,2021/10/13
China,10.513192,Power,2021/10/13
China,1.205525,Residential,2021/10/13
China,28.058909,Total,2021/10/13
China,0.207506,Domestic Aviation,2021/10/14
China,2.730123,Ground Transport,2021/10/14
China,13.57623,Industry,2021/10/14
China,0.059395,International Aviation,2021/10/14
China,10.639227,Power,2021/10/14
China,1.301133,Residential,2021/10/14
China,28.454219,Total,2021/10/14
China,0.222797,Domestic Aviation,2021/10/15
China,2.715879,Ground Transport,2021/10/15
China,13.709747,Industry,2021/10/15
China,0.060601,International Aviation,2021/10/15
China,10.74386,Power,2021/10/15
China,1.479975,Residential,2021/10/15
China,28.872257,Total,2021/10/15
China,0.210329,Domestic Aviation,2021/10/16
China,2.726831,Ground Transport,2021/10/16
China,13.512506,Industry,2021/10/16
China,0.058126,International Aviation,2021/10/16
China,10.589289,Power,2021/10/16
China,1.876475,Residential,2021/10/16
China,28.91543,Total,2021/10/16
China,0.219963,Domestic Aviation,2021/10/17
China,2.725932,Ground Transport,2021/10/17
China,13.315265,Industry,2021/10/17
China,0.058812,International Aviation,2021/10/17
China,10.434718,Power,2021/10/17
China,1.80439,Residential,2021/10/17
China,28.500269,Total,2021/10/17
China,0.215033,Domestic Aviation,2021/10/18
China,2.714798,Ground Transport,2021/10/18
China,13.3183,Industry,2021/10/18
China,0.059348,International Aviation,2021/10/18
China,10.437096,Power,2021/10/18
China,1.633289,Residential,2021/10/18
China,28.318516,Total,2021/10/18
China,0.203261,Domestic Aviation,2021/10/19
China,2.689346,Ground Transport,2021/10/19
China,13.369886,Industry,2021/10/19
China,0.059022,International Aviation,2021/10/19
China,10.477522,Power,2021/10/19
China,1.742779,Residential,2021/10/19
China,28.482794,Total,2021/10/19
China,0.201948,Domestic Aviation,2021/10/20
China,2.691422,Ground Transport,2021/10/20
China,13.891815,Industry,2021/10/20
China,0.065558,International Aviation,2021/10/20
China,10.88654,Power,2021/10/20
China,1.857538,Residential,2021/10/20
China,29.529263,Total,2021/10/20
China,0.202822,Domestic Aviation,2021/10/21
China,2.757176,Ground Transport,2021/10/21
China,14.098159,Industry,2021/10/21
China,0.0616,International Aviation,2021/10/21
China,11.048245,Power,2021/10/21
China,1.804597,Residential,2021/10/21
China,29.911,Total,2021/10/21
China,0.208814,Domestic Aviation,2021/10/22
China,2.761445,Ground Transport,2021/10/22
China,13.882712,Industry,2021/10/22
China,0.067477,International Aviation,2021/10/22
China,10.879406,Power,2021/10/22
China,1.760352,Residential,2021/10/22
China,29.492729,Total,2021/10/22
China,0.191008,Domestic Aviation,2021/10/23
China,2.732065,Ground Transport,2021/10/23
China,13.812919,Industry,2021/10/23
China,0.059506,International Aviation,2021/10/23
China,10.824712,Power,2021/10/23
China,1.646208,Residential,2021/10/23
China,29.206912,Total,2021/10/23
China,0.195825,Domestic Aviation,2021/10/24
China,2.730973,Ground Transport,2021/10/24
China,13.809884,Industry,2021/10/24
China,0.064973,International Aviation,2021/10/24
China,10.822334,Power,2021/10/24
China,1.573913,Residential,2021/10/24
China,29.132929,Total,2021/10/24
China,0.185994,Domestic Aviation,2021/10/25
China,2.740716,Ground Transport,2021/10/25
China,13.712781,Industry,2021/10/25
China,0.057266,International Aviation,2021/10/25
China,10.746238,Power,2021/10/25
China,1.470436,Residential,2021/10/25
China,28.856165,Total,2021/10/25
China,0.172346,Domestic Aviation,2021/10/26
China,2.72599,Ground Transport,2021/10/26
China,13.776505,Industry,2021/10/26
China,0.058514,International Aviation,2021/10/26
China,10.796176,Power,2021/10/26
China,1.482006,Residential,2021/10/26
China,28.953024,Total,2021/10/26
China,0.168438,Domestic Aviation,2021/10/27
China,2.73513,Ground Transport,2021/10/27
China,13.97678,Industry,2021/10/27
China,0.065251,International Aviation,2021/10/27
China,10.953125,Power,2021/10/27
China,1.47606,Residential,2021/10/27
China,29.309533,Total,2021/10/27
China,0.162862,Domestic Aviation,2021/10/28
China,2.710617,Ground Transport,2021/10/28
China,14.32271,Industry,2021/10/28
China,0.061851,International Aviation,2021/10/28
China,11.224218,Power,2021/10/28
China,1.462473,Residential,2021/10/28
China,29.88288,Total,2021/10/28
China,0.171753,Domestic Aviation,2021/10/29
China,2.726246,Ground Transport,2021/10/29
China,14.280228,Industry,2021/10/29
China,0.062871,International Aviation,2021/10/29
China,11.190926,Power,2021/10/29
China,1.446281,Residential,2021/10/29
China,29.815434,Total,2021/10/29
China,0.157292,Domestic Aviation,2021/10/30
China,2.72001,Ground Transport,2021/10/30
China,14.307538,Industry,2021/10/30
China,0.058091,International Aviation,2021/10/30
China,11.212328,Power,2021/10/30
China,1.421255,Residential,2021/10/30
China,29.818422,Total,2021/10/30
China,0.171053,Domestic Aviation,2021/10/31
China,2.692927,Ground Transport,2021/10/31
China,14.386434,Industry,2021/10/31
China,0.056569,International Aviation,2021/10/31
China,11.274156,Power,2021/10/31
China,1.544856,Residential,2021/10/31
China,30.069427,Total,2021/10/31
China,0.156122,Domestic Aviation,2021/11/1
China,3.085673,Ground Transport,2021/11/1
China,13.938835,Industry,2021/11/1
China,0.056739,International Aviation,2021/11/1
China,11.859183,Power,2021/11/1
China,1.646432,Residential,2021/11/1
China,30.686245,Total,2021/11/1
China,0.138109,Domestic Aviation,2021/11/2
China,3.10814,Ground Transport,2021/11/2
China,14.150654,Industry,2021/11/2
China,0.057355,International Aviation,2021/11/2
China,12.039399,Power,2021/11/2
China,1.618159,Residential,2021/11/2
China,31.05446,Total,2021/11/2
China,0.133481,Domestic Aviation,2021/11/3
China,3.092861,Ground Transport,2021/11/3
China,14.059454,Industry,2021/11/3
China,0.062447,International Aviation,2021/11/3
China,11.961806,Power,2021/11/3
China,1.564332,Residential,2021/11/3
China,30.811933,Total,2021/11/3
China,0.122902,Domestic Aviation,2021/11/4
China,3.113297,Ground Transport,2021/11/4
China,13.968254,Industry,2021/11/4
China,0.062933,International Aviation,2021/11/4
China,11.884213,Power,2021/11/4
China,1.476836,Residential,2021/11/4
China,30.565503,Total,2021/11/4
China,0.130367,Domestic Aviation,2021/11/5
China,3.065198,Ground Transport,2021/11/5
China,13.862345,Industry,2021/11/5
China,0.065028,International Aviation,2021/11/5
China,11.794105,Power,2021/11/5
China,1.438448,Residential,2021/11/5
China,30.290464,Total,2021/11/5
China,0.108265,Domestic Aviation,2021/11/6
China,3.049859,Ground Transport,2021/11/6
China,13.80939,Industry,2021/11/6
China,0.057566,International Aviation,2021/11/6
China,11.749052,Power,2021/11/6
China,1.845667,Residential,2021/11/6
China,30.562233,Total,2021/11/6
China,0.10753,Domestic Aviation,2021/11/7
China,3.07539,Ground Transport,2021/11/7
China,13.844694,Industry,2021/11/7
China,0.064709,International Aviation,2021/11/7
China,11.779088,Power,2021/11/7
China,2.52002,Residential,2021/11/7
China,31.326722,Total,2021/11/7
China,0.100215,Domestic Aviation,2021/11/8
China,3.076813,Ground Transport,2021/11/8
China,13.603456,Industry,2021/11/8
China,0.057386,International Aviation,2021/11/8
China,11.573842,Power,2021/11/8
China,2.510805,Residential,2021/11/8
China,30.865131,Total,2021/11/8
China,0.097701,Domestic Aviation,2021/11/9
China,3.094981,Ground Transport,2021/11/9
China,13.65641,Industry,2021/11/9
China,0.062605,International Aviation,2021/11/9
China,11.618896,Power,2021/11/9
China,2.295022,Residential,2021/11/9
China,30.763011,Total,2021/11/9
China,0.106503,Domestic Aviation,2021/11/10
China,3.04866,Ground Transport,2021/11/10
China,13.659352,Industry,2021/11/10
China,0.067877,International Aviation,2021/11/10
China,11.621399,Power,2021/11/10
China,2.127038,Residential,2021/11/10
China,30.562953,Total,2021/11/10
China,0.106218,Domestic Aviation,2021/11/11
China,3.065435,Ground Transport,2021/11/11
China,13.847635,Industry,2021/11/11
China,0.06128,International Aviation,2021/11/11
China,11.781591,Power,2021/11/11
China,2.121023,Residential,2021/11/11
China,30.921903,Total,2021/11/11
China,0.120537,Domestic Aviation,2021/11/12
China,3.070585,Ground Transport,2021/11/12
China,13.956487,Industry,2021/11/12
China,0.067823,International Aviation,2021/11/12
China,11.874201,Power,2021/11/12
China,2.113072,Residential,2021/11/12
China,31.134882,Total,2021/11/12
China,0.104028,Domestic Aviation,2021/11/13
China,3.00289,Ground Transport,2021/11/13
China,14.091815,Industry,2021/11/13
China,0.059463,International Aviation,2021/11/13
China,11.989339,Power,2021/11/13
China,2.049981,Residential,2021/11/13
China,31.238054,Total,2021/11/13
China,0.116259,Domestic Aviation,2021/11/14
China,2.983006,Ground Transport,2021/11/14
China,14.11535,Industry,2021/11/14
China,0.068293,International Aviation,2021/11/14
China,12.009363,Power,2021/11/14
China,1.98894,Residential,2021/11/14
China,31.212919,Total,2021/11/14
China,0.113933,Domestic Aviation,2021/11/15
China,3.019164,Ground Transport,2021/11/15
China,14.315401,Industry,2021/11/15
China,0.062045,International Aviation,2021/11/15
China,12.179566,Power,2021/11/15
China,1.968827,Residential,2021/11/15
China,31.596891,Total,2021/11/15
China,0.10935,Domestic Aviation,2021/11/16
China,3.020966,Ground Transport,2021/11/16
China,14.274214,Industry,2021/11/16
China,0.064903,International Aviation,2021/11/16
China,12.144525,Power,2021/11/16
China,1.980924,Residential,2021/11/16
China,31.529978,Total,2021/11/16
China,0.115914,Domestic Aviation,2021/11/17
China,3.029895,Ground Transport,2021/11/17
China,14.294808,Industry,2021/11/17
China,0.068763,International Aviation,2021/11/17
China,12.162046,Power,2021/11/17
China,1.933177,Residential,2021/11/17
China,31.535839,Total,2021/11/17
China,0.115856,Domestic Aviation,2021/11/18
China,3.04852,Ground Transport,2021/11/18
China,14.141828,Industry,2021/11/18
China,0.06674,International Aviation,2021/11/18
China,12.03189,Power,2021/11/18
China,1.875093,Residential,2021/11/18
China,31.213187,Total,2021/11/18
China,0.130657,Domestic Aviation,2021/11/19
China,3.104302,Ground Transport,2021/11/19
China,14.386007,Industry,2021/11/19
China,0.069299,International Aviation,2021/11/19
China,12.239638,Power,2021/11/19
China,1.909278,Residential,2021/11/19
China,31.769883,Total,2021/11/19
China,0.116064,Domestic Aviation,2021/11/20
China,3.092049,Ground Transport,2021/11/20
China,14.718445,Industry,2021/11/20
China,0.062088,International Aviation,2021/11/20
China,12.522477,Power,2021/11/20
China,1.967209,Residential,2021/11/20
China,32.416243,Total,2021/11/20
China,0.126219,Domestic Aviation,2021/11/21
China,3.087347,Ground Transport,2021/11/21
China,14.747864,Industry,2021/11/21
China,0.069478,International Aviation,2021/11/21
China,12.547507,Power,2021/11/21
China,2.287353,Residential,2021/11/21
China,32.79629,Total,2021/11/21
China,0.120616,Domestic Aviation,2021/11/22
China,3.110659,Ground Transport,2021/11/22
China,14.441904,Industry,2021/11/22
China,0.062721,International Aviation,2021/11/22
China,12.287195,Power,2021/11/22
China,2.7214,Residential,2021/11/22
China,32.681774,Total,2021/11/22
China,0.124532,Domestic Aviation,2021/11/23
China,3.084463,Ground Transport,2021/11/23
China,14.668432,Industry,2021/11/23
China,0.066099,International Aviation,2021/11/23
China,12.479926,Power,2021/11/23
China,2.603509,Residential,2021/11/23
China,32.960862,Total,2021/11/23
China,0.13552,Domestic Aviation,2021/11/24
China,3.092795,Ground Transport,2021/11/24
China,14.809645,Industry,2021/11/24
China,0.069286,International Aviation,2021/11/24
China,12.600069,Power,2021/11/24
China,2.368183,Residential,2021/11/24
China,33.006212,Total,2021/11/24
China,0.1412,Domestic Aviation,2021/11/25
China,3.095482,Ground Transport,2021/11/25
China,15.312713,Industry,2021/11/25
China,0.067436,International Aviation,2021/11/25
China,13.028081,Power,2021/11/25
China,2.271549,Residential,2021/11/25
China,33.849025,Total,2021/11/25
China,0.153256,Domestic Aviation,2021/11/26
China,3.098153,Ground Transport,2021/11/26
China,15.359784,Industry,2021/11/26
China,0.069527,International Aviation,2021/11/26
China,13.068129,Power,2021/11/26
China,2.22167,Residential,2021/11/26
China,33.900992,Total,2021/11/26
China,0.127945,Domestic Aviation,2021/11/27
China,3.071418,Ground Transport,2021/11/27
China,15.233282,Industry,2021/11/27
China,0.064754,International Aviation,2021/11/27
China,12.9605,Power,2021/11/27
China,2.129256,Residential,2021/11/27
China,33.522401,Total,2021/11/27
China,0.140547,Domestic Aviation,2021/11/28
China,3.053168,Ground Transport,2021/11/28
China,14.724329,Industry,2021/11/28
China,0.069198,International Aviation,2021/11/28
China,12.527483,Power,2021/11/28
China,2.03372,Residential,2021/11/28
China,32.479246,Total,2021/11/28
China,0.134128,Domestic Aviation,2021/11/29
China,3.097075,Ground Transport,2021/11/29
China,14.842006,Industry,2021/11/29
China,0.061231,International Aviation,2021/11/29
China,12.627602,Power,2021/11/29
China,2.215196,Residential,2021/11/29
China,32.916007,Total,2021/11/29
China,0.131714,Domestic Aviation,2021/11/30
China,3.126739,Ground Transport,2021/11/30
China,14.921438,Industry,2021/11/30
China,0.064304,International Aviation,2021/11/30
China,12.695183,Power,2021/11/30
China,2.576937,Residential,2021/11/30
China,33.452011,Total,2021/11/30
China,0.145488,Domestic Aviation,2021/12/1
China,3.06119,Ground Transport,2021/12/1
China,13.736918,Industry,2021/12/1
China,0.067334,International Aviation,2021/12/1
China,12.985193,Power,2021/12/1
China,2.610986,Residential,2021/12/1
China,32.539774,Total,2021/12/1
China,0.142276,Domestic Aviation,2021/12/2
China,3.067399,Ground Transport,2021/12/2
China,13.710285,Industry,2021/12/2
China,0.062059,International Aviation,2021/12/2
China,12.960018,Power,2021/12/2
China,2.444512,Residential,2021/12/2
China,32.324491,Total,2021/12/2
China,0.15764,Domestic Aviation,2021/12/3
China,3.08023,Ground Transport,2021/12/3
China,13.617073,Industry,2021/12/3
China,0.065247,International Aviation,2021/12/3
China,12.871906,Power,2021/12/3
China,2.42315,Residential,2021/12/3
China,32.149998,Total,2021/12/3
China,0.133845,Domestic Aviation,2021/12/4
China,3.06703,Ground Transport,2021/12/4
China,13.819478,Industry,2021/12/4
China,0.061923,International Aviation,2021/12/4
China,13.063235,Power,2021/12/4
China,2.368387,Residential,2021/12/4
China,32.451974,Total,2021/12/4
China,0.146418,Domestic Aviation,2021/12/5
China,3.059067,Ground Transport,2021/12/5
China,14.051178,Industry,2021/12/5
China,0.06322,International Aviation,2021/12/5
China,13.282256,Power,2021/12/5
China,2.210143,Residential,2021/12/5
China,32.749062,Total,2021/12/5
China,0.142671,Domestic Aviation,2021/12/6
China,3.072958,Ground Transport,2021/12/6
China,13.931333,Industry,2021/12/6
China,0.060435,International Aviation,2021/12/6
China,13.168969,Power,2021/12/6
China,2.239954,Residential,2021/12/6
China,32.555885,Total,2021/12/6
China,0.133357,Domestic Aviation,2021/12/7
China,3.068367,Ground Transport,2021/12/7
China,14.320164,Industry,2021/12/7
China,0.062191,International Aviation,2021/12/7
China,13.536522,Power,2021/12/7
China,2.276396,Residential,2021/12/7
China,33.334806,Total,2021/12/7
China,0.141483,Domestic Aviation,2021/12/8
China,3.068856,Ground Transport,2021/12/8
China,14.658394,Industry,2021/12/8
China,0.070699,International Aviation,2021/12/8
China,13.856243,Power,2021/12/8
China,2.206102,Residential,2021/12/8
China,33.931077,Total,2021/12/8
China,0.135617,Domestic Aviation,2021/12/9
China,3.06275,Ground Transport,2021/12/9
China,14.796881,Industry,2021/12/9
China,0.066721,International Aviation,2021/12/9
China,13.987152,Power,2021/12/9
China,2.184138,Residential,2021/12/9
China,34.166539,Total,2021/12/9
China,0.149446,Domestic Aviation,2021/12/10
China,3.039091,Ground Transport,2021/12/10
China,14.698342,Industry,2021/12/10
China,0.070416,International Aviation,2021/12/10
China,13.894005,Power,2021/12/10
China,2.183399,Residential,2021/12/10
China,33.964283,Total,2021/12/10
China,0.128888,Domestic Aviation,2021/12/11
China,2.92365,Ground Transport,2021/12/11
China,14.890094,Industry,2021/12/11
China,0.061565,International Aviation,2021/12/11
China,14.075264,Power,2021/12/11
China,2.236611,Residential,2021/12/11
China,34.254508,Total,2021/12/11
China,0.14575,Domestic Aviation,2021/12/12
China,2.911274,Ground Transport,2021/12/12
China,14.655731,Industry,2021/12/12
China,0.068356,International Aviation,2021/12/12
China,13.853725,Power,2021/12/12
China,2.62175,Residential,2021/12/12
China,34.18823,Total,2021/12/12
China,0.140793,Domestic Aviation,2021/12/13
China,2.952081,Ground Transport,2021/12/13
China,14.740954,Industry,2021/12/13
China,0.06224,International Aviation,2021/12/13
China,13.934285,Power,2021/12/13
China,2.560263,Residential,2021/12/13
China,34.328376,Total,2021/12/13
China,0.130134,Domestic Aviation,2021/12/14
China,2.947169,Ground Transport,2021/12/14
China,14.703669,Industry,2021/12/14
China,0.062784,International Aviation,2021/12/14
China,13.89904,Power,2021/12/14
China,2.390137,Residential,2021/12/14
China,34.070149,Total,2021/12/14
China,0.141427,Domestic Aviation,2021/12/15
China,2.952113,Ground Transport,2021/12/15
China,14.996623,Industry,2021/12/15
China,0.069268,International Aviation,2021/12/15
China,14.175964,Power,2021/12/15
China,2.278611,Residential,2021/12/15
China,34.544738,Total,2021/12/15
China,0.141519,Domestic Aviation,2021/12/16
China,2.919623,Ground Transport,2021/12/16
China,15.193702,Industry,2021/12/16
China,0.063021,International Aviation,2021/12/16
China,14.362258,Power,2021/12/16
China,2.492627,Residential,2021/12/16
China,35.109728,Total,2021/12/16
China,0.155425,Domestic Aviation,2021/12/17
China,2.990557,Ground Transport,2021/12/17
China,15.164407,Industry,2021/12/17
China,0.066809,International Aviation,2021/12/17
China,14.334565,Power,2021/12/17
China,2.918583,Residential,2021/12/17
China,35.563536,Total,2021/12/17
China,0.132273,Domestic Aviation,2021/12/18
China,2.994666,Ground Transport,2021/12/18
China,15.17506,Industry,2021/12/18
China,0.060203,International Aviation,2021/12/18
China,14.344635,Power,2021/12/18
China,2.840784,Residential,2021/12/18
China,35.487417,Total,2021/12/18
China,0.147045,Domestic Aviation,2021/12/19
China,2.970645,Ground Transport,2021/12/19
China,14.92738,Industry,2021/12/19
China,0.062998,International Aviation,2021/12/19
China,14.110509,Power,2021/12/19
China,2.540144,Residential,2021/12/19
China,34.695723,Total,2021/12/19
China,0.138386,Domestic Aviation,2021/12/20
China,2.992939,Ground Transport,2021/12/20
China,14.91939,Industry,2021/12/20
China,0.055388,International Aviation,2021/12/20
China,14.102957,Power,2021/12/20
China,2.440055,Residential,2021/12/20
China,34.593727,Total,2021/12/20
China,0.132171,Domestic Aviation,2021/12/21
China,3.010605,Ground Transport,2021/12/21
China,14.946022,Industry,2021/12/21
China,0.061469,International Aviation,2021/12/21
China,14.128131,Power,2021/12/21
China,2.509332,Residential,2021/12/21
China,34.726262,Total,2021/12/21
China,0.144348,Domestic Aviation,2021/12/22
China,2.992932,Ground Transport,2021/12/22
China,15.521279,Industry,2021/12/22
China,0.06279,International Aviation,2021/12/22
China,14.671908,Power,2021/12/22
China,2.539038,Residential,2021/12/22
China,35.869506,Total,2021/12/22
China,0.145433,Domestic Aviation,2021/12/23
China,3.022939,Ground Transport,2021/12/23
China,15.74499,Industry,2021/12/23
China,0.060957,International Aviation,2021/12/23
China,14.883377,Power,2021/12/23
China,2.589887,Residential,2021/12/23
China,36.386626,Total,2021/12/23
China,0.162812,Domestic Aviation,2021/12/24
China,3.080128,Ground Transport,2021/12/24
China,15.697052,Industry,2021/12/24
China,0.058695,International Aviation,2021/12/24
China,14.838063,Power,2021/12/24
China,2.983948,Residential,2021/12/24
China,36.762002,Total,2021/12/24
China,0.137526,Domestic Aviation,2021/12/25
China,3.047209,Ground Transport,2021/12/25
China,15.699715,Industry,2021/12/25
China,0.04862,International Aviation,2021/12/25
China,14.84058,Power,2021/12/25
China,3.346038,Residential,2021/12/25
China,37.071068,Total,2021/12/25
China,0.148903,Domestic Aviation,2021/12/26
China,3.035244,Ground Transport,2021/12/26
China,15.944732,Industry,2021/12/26
China,0.055163,International Aviation,2021/12/26
China,15.072189,Power,2021/12/26
China,3.468312,Residential,2021/12/26
China,37.669379,Total,2021/12/26
China,0.151271,Domestic Aviation,2021/12/27
China,3.055523,Ground Transport,2021/12/27
China,15.974027,Industry,2021/12/27
China,0.049945,International Aviation,2021/12/27
China,15.099881,Power,2021/12/27
China,3.279681,Residential,2021/12/27
China,37.560382,Total,2021/12/27
China,0.149989,Domestic Aviation,2021/12/28
China,3.043853,Ground Transport,2021/12/28
China,16.304267,Industry,2021/12/28
China,0.05332,International Aviation,2021/12/28
China,15.412049,Power,2021/12/28
China,3.024498,Residential,2021/12/28
China,37.934656,Total,2021/12/28
China,0.155839,Domestic Aviation,2021/12/29
China,3.096495,Ground Transport,2021/12/29
China,16.290951,Industry,2021/12/29
China,0.061628,International Aviation,2021/12/29
China,15.399462,Power,2021/12/29
China,2.955073,Residential,2021/12/29
China,37.89782,Total,2021/12/29
China,0.16481,Domestic Aviation,2021/12/30
China,3.102448,Ground Transport,2021/12/30
China,16.024628,Industry,2021/12/30
China,0.056151,International Aviation,2021/12/30
China,15.147713,Power,2021/12/30
China,2.952597,Residential,2021/12/30
China,37.392197,Total,2021/12/30
China,0.18198,Domestic Aviation,2021/12/31
China,3.159741,Ground Transport,2021/12/31
China,16.245676,Industry,2021/12/31
China,0.052006,International Aviation,2021/12/31
China,15.356665,Power,2021/12/31
China,2.842551,Residential,2021/12/31
China,37.786612,Total,2021/12/31
China,0.144704,Domestic Aviation,2022/1/1
China,2.891136,Ground Transport,2022/1/1
China,14.227197,Industry,2022/1/1
China,0.042834,International Aviation,2022/1/1
China,15.979724,Power,2022/1/1
China,2.774528,Residential,2022/1/1
China,36.017289,Total,2022/1/1
China,0.130087,Domestic Aviation,2022/1/2
China,2.891138,Ground Transport,2022/1/2
China,14.08421,Industry,2022/1/2
China,0.048661,International Aviation,2022/1/2
China,15.819123,Power,2022/1/2
China,2.795979,Residential,2022/1/2
China,35.720539,Total,2022/1/2
China,0.169703,Domestic Aviation,2022/1/3
China,2.892048,Ground Transport,2022/1/3
China,14.208132,Industry,2022/1/3
China,0.039655,International Aviation,2022/1/3
China,15.95831,Power,2022/1/3
China,2.674186,Residential,2022/1/3
China,35.902381,Total,2022/1/3
China,0.160861,Domestic Aviation,2022/1/4
China,2.9078,Ground Transport,2022/1/4
China,14.455976,Industry,2022/1/4
China,0.044411,International Aviation,2022/1/4
China,16.236684,Power,2022/1/4
China,2.662551,Residential,2022/1/4
China,36.423872,Total,2022/1/4
China,0.159706,Domestic Aviation,2022/1/5
China,2.917568,Ground Transport,2022/1/5
China,14.572749,Industry,2022/1/5
China,0.051311,International Aviation,2022/1/5
China,16.367841,Power,2022/1/5
China,2.706963,Residential,2022/1/5
China,36.724827,Total,2022/1/5
China,0.162447,Domestic Aviation,2022/1/6
China,2.914737,Ground Transport,2022/1/6
China,14.682372,Industry,2022/1/6
China,0.050507,International Aviation,2022/1/6
China,16.490968,Power,2022/1/6
China,2.747151,Residential,2022/1/6
China,36.997675,Total,2022/1/6
China,0.168263,Domestic Aviation,2022/1/7
China,2.910197,Ground Transport,2022/1/7
China,14.744333,Industry,2022/1/7
China,0.054387,International Aviation,2022/1/7
China,16.560561,Power,2022/1/7
China,2.722674,Residential,2022/1/7
China,37.106028,Total,2022/1/7
China,0.159732,Domestic Aviation,2022/1/8
China,2.869556,Ground Transport,2022/1/8
China,14.649009,Industry,2022/1/8
China,0.050063,International Aviation,2022/1/8
China,16.453494,Power,2022/1/8
China,2.735959,Residential,2022/1/8
China,36.867749,Total,2022/1/8
China,0.163676,Domestic Aviation,2022/1/9
China,2.868499,Ground Transport,2022/1/9
China,14.498872,Industry,2022/1/9
China,0.049879,International Aviation,2022/1/9
China,16.284864,Power,2022/1/9
China,2.733311,Residential,2022/1/9
China,36.549222,Total,2022/1/9
China,0.164385,Domestic Aviation,2022/1/10
China,2.890234,Ground Transport,2022/1/10
China,14.753866,Industry,2022/1/10
China,0.047317,International Aviation,2022/1/10
China,16.571268,Power,2022/1/10
China,2.865756,Residential,2022/1/10
China,37.245508,Total,2022/1/10
China,0.159427,Domestic Aviation,2022/1/11
China,2.90641,Ground Transport,2022/1/11
China,14.534619,Industry,2022/1/11
China,0.050611,International Aviation,2022/1/11
China,16.325014,Power,2022/1/11
China,2.999235,Residential,2022/1/11
China,36.924705,Total,2022/1/11
China,0.167676,Domestic Aviation,2022/1/12
China,2.893516,Ground Transport,2022/1/12
China,14.620411,Industry,2022/1/12
China,0.054894,International Aviation,2022/1/12
China,16.421374,Power,2022/1/12
China,2.92594,Residential,2022/1/12
China,37.028918,Total,2022/1/12
China,0.167682,Domestic Aviation,2022/1/13
China,2.863217,Ground Transport,2022/1/13
China,14.482191,Industry,2022/1/13
China,0.052841,International Aviation,2022/1/13
China,16.266127,Power,2022/1/13
China,3.002243,Residential,2022/1/13
China,36.78146,Total,2022/1/13
China,0.175905,Domestic Aviation,2022/1/14
China,2.860844,Ground Transport,2022/1/14
China,14.422613,Industry,2022/1/14
China,0.052765,International Aviation,2022/1/14
China,16.19921,Power,2022/1/14
China,2.8573,Residential,2022/1/14
China,36.515872,Total,2022/1/14
China,0.172016,Domestic Aviation,2022/1/15
China,2.767348,Ground Transport,2022/1/15
China,14.215282,Industry,2022/1/15
China,0.051869,International Aviation,2022/1/15
China,15.96634,Power,2022/1/15
China,2.712059,Residential,2022/1/15
China,35.833044,Total,2022/1/15
China,0.16769,Domestic Aviation,2022/1/16
China,2.688872,Ground Transport,2022/1/16
China,14.277243,Industry,2022/1/16
China,0.054589,International Aviation,2022/1/16
China,16.035934,Power,2022/1/16
China,2.800451,Residential,2022/1/16
China,35.970189,Total,2022/1/16
China,0.16199,Domestic Aviation,2022/1/17
China,2.720958,Ground Transport,2022/1/17
China,14.248645,Industry,2022/1/17
China,0.047159,International Aviation,2022/1/17
China,16.003814,Power,2022/1/17
China,2.84782,Residential,2022/1/17
China,35.983227,Total,2022/1/17
China,0.154845,Domestic Aviation,2022/1/18
China,2.753815,Ground Transport,2022/1/18
China,14.312989,Industry,2022/1/18
China,0.052799,International Aviation,2022/1/18
China,16.076084,Power,2022/1/18
China,2.779325,Residential,2022/1/18
China,36.077059,Total,2022/1/18
China,0.15961,Domestic Aviation,2022/1/19
China,2.750162,Ground Transport,2022/1/19
China,14.265327,Industry,2022/1/19
China,0.053481,International Aviation,2022/1/19
China,16.02255,Power,2022/1/19
China,2.782046,Residential,2022/1/19
China,35.979695,Total,2022/1/19
China,0.167563,Domestic Aviation,2022/1/20
China,2.832752,Ground Transport,2022/1/20
China,14.200983,Industry,2022/1/20
China,0.054254,International Aviation,2022/1/20
China,15.95028,Power,2022/1/20
China,2.859323,Residential,2022/1/20
China,36.010901,Total,2022/1/20
China,0.17013,Domestic Aviation,2022/1/21
China,2.850874,Ground Transport,2022/1/21
China,14.227197,Industry,2022/1/21
China,0.057488,International Aviation,2022/1/21
China,15.979724,Power,2022/1/21
China,2.771432,Residential,2022/1/21
China,35.999357,Total,2022/1/21
China,0.171732,Domestic Aviation,2022/1/22
China,2.838174,Ground Transport,2022/1/22
China,14.170002,Industry,2022/1/22
China,0.052712,International Aviation,2022/1/22
China,15.915483,Power,2022/1/22
China,2.723346,Residential,2022/1/22
China,35.818738,Total,2022/1/22
China,0.172105,Domestic Aviation,2022/1/23
China,2.787434,Ground Transport,2022/1/23
China,14.038931,Industry,2022/1/23
China,0.056565,International Aviation,2022/1/23
China,15.768267,Power,2022/1/23
China,2.759668,Residential,2022/1/23
China,35.526405,Total,2022/1/23
China,0.170529,Domestic Aviation,2022/1/24
China,2.792706,Ground Transport,2022/1/24
China,13.855431,Industry,2022/1/24
China,0.050786,International Aviation,2022/1/24
China,15.562163,Power,2022/1/24
China,2.823486,Residential,2022/1/24
China,35.204315,Total,2022/1/24
China,0.180974,Domestic Aviation,2022/1/25
China,2.830198,Ground Transport,2022/1/25
China,13.824451,Industry,2022/1/25
China,0.055603,International Aviation,2022/1/25
China,15.527366,Power,2022/1/25
China,2.785635,Residential,2022/1/25
China,35.148625,Total,2022/1/25
China,0.189409,Domestic Aviation,2022/1/26
China,2.664754,Ground Transport,2022/1/26
China,13.500347,Industry,2022/1/26
China,0.056253,International Aviation,2022/1/26
China,15.163339,Power,2022/1/26
China,2.785009,Residential,2022/1/26
China,34.302857,Total,2022/1/26
China,0.193369,Domestic Aviation,2022/1/27
China,2.52873,Ground Transport,2022/1/27
China,13.188159,Industry,2022/1/27
China,0.056464,International Aviation,2022/1/27
China,14.812695,Power,2022/1/27
China,2.854572,Residential,2022/1/27
China,33.577525,Total,2022/1/27
China,0.194072,Domestic Aviation,2022/1/28
China,2.422139,Ground Transport,2022/1/28
China,12.597146,Industry,2022/1/28
China,0.059573,International Aviation,2022/1/28
China,14.148881,Power,2022/1/28
China,3.000265,Residential,2022/1/28
China,32.362504,Total,2022/1/28
China,0.186833,Domestic Aviation,2022/1/29
China,2.346271,Ground Transport,2022/1/29
China,12.103842,Industry,2022/1/29
China,0.053423,International Aviation,2022/1/29
China,13.59481,Power,2022/1/29
China,3.066356,Residential,2022/1/29
China,31.298111,Total,2022/1/29
China,0.172789,Domestic Aviation,2022/1/30
China,2.540363,Ground Transport,2022/1/30
China,11.479465,Industry,2022/1/30
China,0.052144,International Aviation,2022/1/30
China,12.893522,Power,2022/1/30
China,3.027841,Residential,2022/1/30
China,30.11398,Total,2022/1/30
China,0.08736,Domestic Aviation,2022/1/31
China,2.534666,Ground Transport,2022/1/31
China,11.372225,Industry,2022/1/31
China,0.0485,International Aviation,2022/1/31
China,12.773072,Power,2022/1/31
China,3.05257,Residential,2022/1/31
China,29.819894,Total,2022/1/31
China,0.070071,Domestic Aviation,2022/2/1
China,2.850989,Ground Transport,2022/2/1
China,8.883157,Industry,2022/2/1
China,0.046011,International Aviation,2022/2/1
China,10.273266,Power,2022/2/1
China,3.191006,Residential,2022/2/1
China,25.26849,Total,2022/2/1
China,0.097121,Domestic Aviation,2022/2/2
China,2.925736,Ground Transport,2022/2/2
China,8.780508,Industry,2022/2/2
China,0.047276,International Aviation,2022/2/2
China,10.154553,Power,2022/2/2
China,3.215691,Residential,2022/2/2
China,25.173608,Total,2022/2/2
China,0.134775,Domestic Aviation,2022/2/3
China,2.927757,Ground Transport,2022/2/3
China,8.80617,Industry,2022/2/3
China,0.040976,International Aviation,2022/2/3
China,10.184231,Power,2022/2/3
China,3.157179,Residential,2022/2/3
China,25.210112,Total,2022/2/3
China,0.164823,Domestic Aviation,2022/2/4
China,2.885733,Ground Transport,2022/2/4
China,8.68378,Industry,2022/2/4
China,0.041107,International Aviation,2022/2/4
China,10.042688,Power,2022/2/4
China,3.158726,Residential,2022/2/4
China,24.935749,Total,2022/2/4
China,0.190735,Domestic Aviation,2022/2/5
China,2.741542,Ground Transport,2022/2/5
China,8.667988,Industry,2022/2/5
China,0.033812,International Aviation,2022/2/5
China,10.024425,Power,2022/2/5
China,3.097355,Residential,2022/2/5
China,24.722044,Total,2022/2/5
China,0.213038,Domestic Aviation,2022/2/6
China,2.35486,Ground Transport,2022/2/6
China,8.942378,Industry,2022/2/6
China,0.03833,International Aviation,2022/2/6
China,10.341755,Power,2022/2/6
China,3.08712,Residential,2022/2/6
China,24.939151,Total,2022/2/6
China,0.202631,Domestic Aviation,2022/2/7
China,2.251902,Ground Transport,2022/2/7
China,9.28586,Industry,2022/2/7
China,0.032854,International Aviation,2022/2/7
China,10.738988,Power,2022/2/7
China,3.098908,Residential,2022/2/7
China,25.578289,Total,2022/2/7
China,0.203408,Domestic Aviation,2022/2/8
China,2.771135,Ground Transport,2022/2/8
China,9.467472,Industry,2022/2/8
China,0.034664,International Aviation,2022/2/8
China,10.949019,Power,2022/2/8
China,3.060852,Residential,2022/2/8
China,26.451886,Total,2022/2/8
China,0.203849,Domestic Aviation,2022/2/9
China,2.959189,Ground Transport,2022/2/9
China,9.572096,Industry,2022/2/9
China,0.042243,International Aviation,2022/2/9
China,11.070015,Power,2022/2/9
China,2.954884,Residential,2022/2/9
China,26.760033,Total,2022/2/9
China,0.200937,Domestic Aviation,2022/2/10
China,3.017738,Ground Transport,2022/2/10
China,9.552355,Industry,2022/2/10
China,0.036963,International Aviation,2022/2/10
China,11.047186,Power,2022/2/10
China,2.795916,Residential,2022/2/10
China,26.614132,Total,2022/2/10
China,0.19837,Domestic Aviation,2022/2/11
China,3.126599,Ground Transport,2022/2/11
China,9.662901,Industry,2022/2/11
China,0.040952,International Aviation,2022/2/11
China,11.175031,Power,2022/2/11
China,2.732612,Residential,2022/2/11
China,26.895512,Total,2022/2/11
China,0.19213,Domestic Aviation,2022/2/12
China,3.180974,Ground Transport,2022/2/12
China,9.842538,Industry,2022/2/12
China,0.04092,International Aviation,2022/2/12
China,11.382779,Power,2022/2/12
China,2.780683,Residential,2022/2/12
China,27.379104,Total,2022/2/12
China,0.195043,Domestic Aviation,2022/2/13
China,3.288218,Ground Transport,2022/2/13
China,9.767525,Industry,2022/2/13
China,0.042289,International Aviation,2022/2/13
China,11.296027,Power,2022/2/13
China,2.927031,Residential,2022/2/13
China,27.473843,Total,2022/2/13
China,0.181184,Domestic Aviation,2022/2/14
China,3.17083,Ground Transport,2022/2/14
China,9.80898,Industry,2022/2/14
China,0.038065,International Aviation,2022/2/14
China,11.343969,Power,2022/2/14
China,2.9375,Residential,2022/2/14
China,27.442462,Total,2022/2/14
China,0.168313,Domestic Aviation,2022/2/15
China,3.096856,Ground Transport,2022/2/15
China,9.909656,Industry,2022/2/15
China,0.043566,International Aviation,2022/2/15
China,11.460399,Power,2022/2/15
China,2.914616,Residential,2022/2/15
China,27.54984,Total,2022/2/15
China,0.211474,Domestic Aviation,2022/2/16
China,3.264533,Ground Transport,2022/2/16
China,9.990591,Industry,2022/2/16
China,0.050648,International Aviation,2022/2/16
China,11.554,Power,2022/2/16
China,2.936007,Residential,2022/2/16
China,27.956605,Total,2022/2/16
China,0.203368,Domestic Aviation,2022/2/17
China,3.316954,Ground Transport,2022/2/17
China,10.257086,Industry,2022/2/17
China,0.048846,International Aviation,2022/2/17
China,11.862198,Power,2022/2/17
China,3.050342,Residential,2022/2/17
China,28.689947,Total,2022/2/17
China,0.208945,Domestic Aviation,2022/2/18
China,3.346333,Ground Transport,2022/2/18
China,10.576879,Industry,2022/2/18
China,0.050194,International Aviation,2022/2/18
China,12.232036,Power,2022/2/18
China,3.05196,Residential,2022/2/18
China,29.416153,Total,2022/2/18
China,0.202185,Domestic Aviation,2022/2/19
China,3.259456,Ground Transport,2022/2/19
China,10.730854,Industry,2022/2/19
China,0.047531,International Aviation,2022/2/19
China,12.410105,Power,2022/2/19
China,3.287459,Residential,2022/2/19
China,29.890058,Total,2022/2/19
China,0.19987,Domestic Aviation,2022/2/20
China,3.256591,Ground Transport,2022/2/20
China,10.632152,Industry,2022/2/20
China,0.047827,International Aviation,2022/2/20
China,12.295958,Power,2022/2/20
China,3.246073,Residential,2022/2/20
China,29.630645,Total,2022/2/20
China,0.182923,Domestic Aviation,2022/2/21
China,3.335859,Ground Transport,2022/2/21
China,10.922335,Industry,2022/2/21
China,0.045084,International Aviation,2022/2/21
China,12.631551,Power,2022/2/21
China,3.17412,Residential,2022/2/21
China,30.246789,Total,2022/2/21
China,0.1637,Domestic Aviation,2022/2/22
China,3.329934,Ground Transport,2022/2/22
China,11.107895,Industry,2022/2/22
China,0.04544,International Aviation,2022/2/22
China,12.846149,Power,2022/2/22
China,3.192419,Residential,2022/2/22
China,30.640096,Total,2022/2/22
China,0.174451,Domestic Aviation,2022/2/23
China,3.353858,Ground Transport,2022/2/23
China,11.216467,Industry,2022/2/23
China,0.049976,International Aviation,2022/2/23
China,12.971711,Power,2022/2/23
China,3.042988,Residential,2022/2/23
China,30.759474,Total,2022/2/23
China,0.17189,Domestic Aviation,2022/2/24
China,3.365357,Ground Transport,2022/2/24
China,11.032881,Industry,2022/2/24
China,0.050831,International Aviation,2022/2/24
China,12.759397,Power,2022/2/24
China,2.752429,Residential,2022/2/24
China,30.081953,Total,2022/2/24
China,0.184383,Domestic Aviation,2022/2/25
China,3.364263,Ground Transport,2022/2/25
China,10.681503,Industry,2022/2/25
China,0.051468,International Aviation,2022/2/25
China,12.353032,Power,2022/2/25
China,2.406631,Residential,2022/2/25
China,28.989813,Total,2022/2/25
China,0.171213,Domestic Aviation,2022/2/26
China,3.339975,Ground Transport,2022/2/26
China,10.454489,Industry,2022/2/26
China,0.047917,International Aviation,2022/2/26
China,12.090493,Power,2022/2/26
China,2.337611,Residential,2022/2/26
China,28.39378,Total,2022/2/26
China,0.168506,Domestic Aviation,2022/2/27
China,3.337619,Ground Transport,2022/2/27
China,10.030072,Industry,2022/2/27
China,0.051293,International Aviation,2022/2/27
China,11.599659,Power,2022/2/27
China,2.080399,Residential,2022/2/27
China,27.216255,Total,2022/2/27
China,0.15759,Domestic Aviation,2022/2/28
China,3.342571,Ground Transport,2022/2/28
China,10.112981,Industry,2022/2/28
China,0.042913,International Aviation,2022/2/28
China,11.695543,Power,2022/2/28
China,1.970796,Residential,2022/2/28
China,27.279481,Total,2022/2/28
China,0.143105,Domestic Aviation,2022/3/1
China,2.982893,Ground Transport,2022/3/1
China,15.032167,Industry,2022/3/1
China,0.043709,International Aviation,2022/3/1
China,12.301453,Power,2022/3/1
China,2.180976,Residential,2022/3/1
China,32.640594,Total,2022/3/1
China,0.14385,Domestic Aviation,2022/3/2
China,2.987767,Ground Transport,2022/3/2
China,15.055591,Industry,2022/3/2
China,0.050663,International Aviation,2022/3/2
China,12.320622,Power,2022/3/2
China,2.033068,Residential,2022/3/2
China,32.540897,Total,2022/3/2
China,0.137594,Domestic Aviation,2022/3/3
China,2.995642,Ground Transport,2022/3/3
China,14.923832,Industry,2022/3/3
China,0.048403,International Aviation,2022/3/3
China,12.212799,Power,2022/3/3
China,1.802603,Residential,2022/3/3
China,32.07247,Total,2022/3/3
China,0.144533,Domestic Aviation,2022/3/4
China,3.005995,Ground Transport,2022/3/4
China,14.838921,Industry,2022/3/4
China,0.051344,International Aviation,2022/3/4
China,12.143312,Power,2022/3/4
China,1.807646,Residential,2022/3/4
China,31.940408,Total,2022/3/4
China,0.129911,Domestic Aviation,2022/3/5
China,3.02186,Ground Transport,2022/3/5
China,14.683739,Industry,2022/3/5
China,0.042853,International Aviation,2022/3/5
China,12.01632,Power,2022/3/5
China,1.977286,Residential,2022/3/5
China,31.829117,Total,2022/3/5
China,0.138327,Domestic Aviation,2022/3/6
China,2.98736,Ground Transport,2022/3/6
China,14.736443,Industry,2022/3/6
China,0.052117,International Aviation,2022/3/6
China,12.05945,Power,2022/3/6
China,2.093104,Residential,2022/3/6
China,32.014684,Total,2022/3/6
China,0.121985,Domestic Aviation,2022/3/7
China,2.984086,Ground Transport,2022/3/7
China,14.777434,Industry,2022/3/7
China,0.045375,International Aviation,2022/3/7
China,12.092995,Power,2022/3/7
China,1.93199,Residential,2022/3/7
China,31.908489,Total,2022/3/7
China,0.114663,Domestic Aviation,2022/3/8
China,3.002193,Ground Transport,2022/3/8
China,14.929688,Industry,2022/3/8
China,0.04703,International Aviation,2022/3/8
China,12.217591,Power,2022/3/8
China,1.696784,Residential,2022/3/8
China,31.960919,Total,2022/3/8
China,0.112052,Domestic Aviation,2022/3/9
China,3.008945,Ground Transport,2022/3/9
China,14.999959,Industry,2022/3/9
China,0.056535,International Aviation,2022/3/9
China,12.275096,Power,2022/3/9
China,1.509506,Residential,2022/3/9
China,31.905559,Total,2022/3/9
China,0.114373,Domestic Aviation,2022/3/10
China,3.024937,Ground Transport,2022/3/10
China,14.789146,Industry,2022/3/10
China,0.051689,International Aviation,2022/3/10
China,12.102579,Power,2022/3/10
China,1.400974,Residential,2022/3/10
China,31.43201,Total,2022/3/10
China,0.123462,Domestic Aviation,2022/3/11
China,2.99477,Ground Transport,2022/3/11
China,14.841849,Industry,2022/3/11
China,0.053727,International Aviation,2022/3/11
China,12.145708,Power,2022/3/11
China,1.429559,Residential,2022/3/11
China,31.535349,Total,2022/3/11
China,0.101422,Domestic Aviation,2022/3/12
China,2.939717,Ground Transport,2022/3/12
China,14.756938,Industry,2022/3/12
China,0.048556,International Aviation,2022/3/12
China,12.076222,Power,2022/3/12
China,1.514014,Residential,2022/3/12
China,31.388314,Total,2022/3/12
China,0.105409,Domestic Aviation,2022/3/13
China,2.942725,Ground Transport,2022/3/13
China,15.026311,Industry,2022/3/13
China,0.051926,International Aviation,2022/3/13
China,12.296661,Power,2022/3/13
China,1.497847,Residential,2022/3/13
China,31.868953,Total,2022/3/13
China,0.091698,Domestic Aviation,2022/3/14
China,2.93443,Ground Transport,2022/3/14
China,14.964824,Industry,2022/3/14
China,0.049201,International Aviation,2022/3/14
China,12.246344,Power,2022/3/14
China,1.47965,Residential,2022/3/14
China,31.716945,Total,2022/3/14
China,0.080612,Domestic Aviation,2022/3/15
China,2.95491,Ground Transport,2022/3/15
China,14.915048,Industry,2022/3/15
China,0.050624,International Aviation,2022/3/15
China,12.20561,Power,2022/3/15
China,1.428057,Residential,2022/3/15
China,31.584237,Total,2022/3/15
China,0.073835,Domestic Aviation,2022/3/16
China,2.954234,Ground Transport,2022/3/16
China,14.718875,Industry,2022/3/16
China,0.05817,International Aviation,2022/3/16
China,12.045073,Power,2022/3/16
China,1.665941,Residential,2022/3/16
China,31.457958,Total,2022/3/16
China,0.066296,Domestic Aviation,2022/3/17
China,2.889492,Ground Transport,2022/3/17
China,14.903336,Industry,2022/3/17
China,0.050681,International Aviation,2022/3/17
China,12.196026,Power,2022/3/17
China,2.091261,Residential,2022/3/17
China,32.146412,Total,2022/3/17
China,0.070596,Domestic Aviation,2022/3/18
China,2.784394,Ground Transport,2022/3/18
China,15.207845,Industry,2022/3/18
China,0.05462,International Aviation,2022/3/18
China,12.445218,Power,2022/3/18
China,2.035713,Residential,2022/3/18
China,32.543766,Total,2022/3/18
China,0.057386,Domestic Aviation,2022/3/19
China,2.639583,Ground Transport,2022/3/19
China,15.439154,Industry,2022/3/19
China,0.046154,International Aviation,2022/3/19
China,12.634508,Power,2022/3/19
China,2.100308,Residential,2022/3/19
China,32.870938,Total,2022/3/19
China,0.060884,Domestic Aviation,2022/3/20
China,2.680539,Ground Transport,2022/3/20
China,15.146357,Industry,2022/3/20
China,0.054218,International Aviation,2022/3/20
China,12.3949,Power,2022/3/20
China,2.125946,Residential,2022/3/20
China,32.408626,Total,2022/3/20
China,0.054033,Domestic Aviation,2022/3/21
China,2.763868,Ground Transport,2022/3/21
China,15.392306,Industry,2022/3/21
China,0.046454,International Aviation,2022/3/21
China,12.596171,Power,2022/3/21
China,2.155216,Residential,2022/3/21
China,32.961595,Total,2022/3/21
China,0.05109,Domestic Aviation,2022/3/22
China,2.737257,Ground Transport,2022/3/22
China,15.541633,Industry,2022/3/22
China,0.046675,International Aviation,2022/3/22
China,12.718371,Power,2022/3/22
China,2.1315,Residential,2022/3/22
China,33.17985,Total,2022/3/22
China,0.052543,Domestic Aviation,2022/3/23
China,2.652286,Ground Transport,2022/3/23
China,15.08487,Industry,2022/3/23
China,0.055386,International Aviation,2022/3/23
China,12.344583,Power,2022/3/23
China,1.954862,Residential,2022/3/23
China,32.089144,Total,2022/3/23
China,0.050478,Domestic Aviation,2022/3/24
China,2.653337,Ground Transport,2022/3/24
China,14.587116,Industry,2022/3/24
China,0.050424,International Aviation,2022/3/24
China,11.93725,Power,2022/3/24
China,1.648002,Residential,2022/3/24
China,30.876184,Total,2022/3/24
China,0.057055,Domestic Aviation,2022/3/25
China,2.635381,Ground Transport,2022/3/25
China,14.46707,Industry,2022/3/25
China,0.055779,International Aviation,2022/3/25
China,11.839011,Power,2022/3/25
China,1.71356,Residential,2022/3/25
China,30.712077,Total,2022/3/25
China,0.051672,Domestic Aviation,2022/3/26
China,2.545592,Ground Transport,2022/3/26
China,14.478782,Industry,2022/3/26
China,0.044875,International Aviation,2022/3/26
China,11.848595,Power,2022/3/26
China,1.709058,Residential,2022/3/26
China,30.6337,Total,2022/3/26
China,0.055913,Domestic Aviation,2022/3/27
China,2.632021,Ground Transport,2022/3/27
China,14.042515,Industry,2022/3/27
China,0.045258,International Aviation,2022/3/27
China,11.49158,Power,2022/3/27
China,1.869629,Residential,2022/3/27
China,30.091657,Total,2022/3/27
China,0.049357,Domestic Aviation,2022/3/28
China,2.780298,Ground Transport,2022/3/28
China,14.074723,Industry,2022/3/28
China,0.041751,International Aviation,2022/3/28
China,11.517937,Power,2022/3/28
China,1.640486,Residential,2022/3/28
China,30.0628,Total,2022/3/28
China,0.048311,Domestic Aviation,2022/3/29
China,2.764783,Ground Transport,2022/3/29
China,14.133282,Industry,2022/3/29
China,0.044548,International Aviation,2022/3/29
China,11.565858,Power,2022/3/29
China,1.529113,Residential,2022/3/29
China,30.041348,Total,2022/3/29
China,0.051876,Domestic Aviation,2022/3/30
China,2.730529,Ground Transport,2022/3/30
China,14.534413,Industry,2022/3/30
China,0.045752,International Aviation,2022/3/30
China,11.89412,Power,2022/3/30
China,1.638583,Residential,2022/3/30
China,30.849522,Total,2022/3/30
China,0.054727,Domestic Aviation,2022/3/31
China,2.713216,Ground Transport,2022/3/31
China,14.666171,Industry,2022/3/31
China,0.043759,International Aviation,2022/3/31
China,12.001944,Power,2022/3/31
China,1.87194,Residential,2022/3/31
China,31.307998,Total,2022/3/31
China,0.054376,Domestic Aviation,2022/4/1
China,2.596912,Ground Transport,2022/4/1
China,17.013505,Industry,2022/4/1
China,0.040199,International Aviation,2022/4/1
China,11.381001,Power,2022/4/1
China,2.010876,Residential,2022/4/1
China,33.05667,Total,2022/4/1
China,0.058437,Domestic Aviation,2022/4/2
China,2.642442,Ground Transport,2022/4/2
China,16.560369,Industry,2022/4/2
China,0.038469,International Aviation,2022/4/2
China,11.077881,Power,2022/4/2
China,1.9026,Residential,2022/4/2
China,32.241728,Total,2022/4/2
China,0.044868,Domestic Aviation,2022/4/3
China,2.6593,Ground Transport,2022/4/3
China,16.365172,Industry,2022/4/3
China,0.041972,International Aviation,2022/4/3
China,10.947306,Power,2022/4/3
China,1.563349,Residential,2022/4/3
China,31.579995,Total,2022/4/3
China,0.029815,Domestic Aviation,2022/4/4
China,2.66968,Ground Transport,2022/4/4
China,16.117691,Industry,2022/4/4
China,0.037448,International Aviation,2022/4/4
China,10.781755,Power,2022/4/4
China,1.416228,Residential,2022/4/4
China,31.015169,Total,2022/4/4
China,0.044091,Domestic Aviation,2022/4/5
China,2.606826,Ground Transport,2022/4/5
China,15.441473,Industry,2022/4/5
China,0.040618,International Aviation,2022/4/5
China,10.329407,Power,2022/4/5
China,1.452507,Residential,2022/4/5
China,29.874303,Total,2022/4/5
China,0.049863,Domestic Aviation,2022/4/6
China,2.580587,Ground Transport,2022/4/6
China,15.63667,Industry,2022/4/6
China,0.045376,International Aviation,2022/4/6
China,10.459982,Power,2022/4/6
China,1.532395,Residential,2022/4/6
China,30.259496,Total,2022/4/6
China,0.043199,Domestic Aviation,2022/4/7
China,2.585257,Ground Transport,2022/4/7
China,16.295459,Industry,2022/4/7
China,0.044469,International Aviation,2022/4/7
China,10.900672,Power,2022/4/7
China,1.326931,Residential,2022/4/7
China,31.151518,Total,2022/4/7
China,0.046144,Domestic Aviation,2022/4/8
China,2.561323,Ground Transport,2022/4/8
China,15.922494,Industry,2022/4/8
China,0.046554,International Aviation,2022/4/8
China,10.65118,Power,2022/4/8
China,1.158881,Residential,2022/4/8
China,30.340022,Total,2022/4/8
China,0.041202,Domestic Aviation,2022/4/9
China,2.573097,Ground Transport,2022/4/9
China,15.462387,Industry,2022/4/9
China,0.038985,International Aviation,2022/4/9
China,10.343397,Power,2022/4/9
China,1.138737,Residential,2022/4/9
China,29.558819,Total,2022/4/9
China,0.047188,Domestic Aviation,2022/4/10
China,2.618643,Ground Transport,2022/4/10
China,15.615756,Industry,2022/4/10
China,0.04183,International Aviation,2022/4/10
China,10.445991,Power,2022/4/10
China,1.105631,Residential,2022/4/10
China,29.833209,Total,2022/4/10
China,0.042724,Domestic Aviation,2022/4/11
China,2.567866,Ground Transport,2022/4/11
China,15.539071,Industry,2022/4/11
China,0.037134,International Aviation,2022/4/11
China,10.394694,Power,2022/4/11
China,1.234136,Residential,2022/4/11
China,29.778491,Total,2022/4/11
China,0.042414,Domestic Aviation,2022/4/12
China,2.575003,Ground Transport,2022/4/12
China,15.880666,Industry,2022/4/12
China,0.042878,International Aviation,2022/4/12
China,10.6232,Power,2022/4/12
China,1.434661,Residential,2022/4/12
China,30.555944,Total,2022/4/12
China,0.043732,Domestic Aviation,2022/4/13
China,2.566898,Ground Transport,2022/4/13
China,16.082834,Industry,2022/4/13
China,0.047529,International Aviation,2022/4/13
China,10.758438,Power,2022/4/13
China,1.50249,Residential,2022/4/13
China,30.954392,Total,2022/4/13
China,0.042938,Domestic Aviation,2022/4/14
China,2.568832,Ground Transport,2022/4/14
China,16.218775,Industry,2022/4/14
China,0.043493,International Aviation,2022/4/14
China,10.849374,Power,2022/4/14
China,1.559713,Residential,2022/4/14
China,31.239632,Total,2022/4/14
China,0.049519,Domestic Aviation,2022/4/15
China,2.542655,Ground Transport,2022/4/15
China,15.995692,Industry,2022/4/15
China,0.046932,International Aviation,2022/4/15
China,10.700146,Power,2022/4/15
China,1.69722,Residential,2022/4/15
China,30.985233,Total,2022/4/15
China,0.043842,Domestic Aviation,2022/4/16
China,2.41456,Ground Transport,2022/4/16
China,15.619241,Industry,2022/4/16
China,0.041072,International Aviation,2022/4/16
China,10.448323,Power,2022/4/16
China,1.699165,Residential,2022/4/16
China,30.225132,Total,2022/4/16
China,0.048243,Domestic Aviation,2022/4/17
China,2.466605,Ground Transport,2022/4/17
China,15.699411,Industry,2022/4/17
China,0.044342,International Aviation,2022/4/17
China,10.501952,Power,2022/4/17
China,1.576519,Residential,2022/4/17
China,30.292731,Total,2022/4/17
China,0.048844,Domestic Aviation,2022/4/18
China,2.486863,Ground Transport,2022/4/18
China,15.985235,Industry,2022/4/18
China,0.037667,International Aviation,2022/4/18
China,10.693151,Power,2022/4/18
China,1.469345,Residential,2022/4/18
China,30.683439,Total,2022/4/18
China,0.047277,Domestic Aviation,2022/4/19
China,2.488109,Ground Transport,2022/4/19
China,15.922494,Industry,2022/4/19
China,0.043317,International Aviation,2022/4/19
China,10.65118,Power,2022/4/19
China,1.231627,Residential,2022/4/19
China,30.340688,Total,2022/4/19
China,0.052877,Domestic Aviation,2022/4/20
China,2.48837,Ground Transport,2022/4/20
China,15.500729,Industry,2022/4/20
China,0.046922,International Aviation,2022/4/20
China,10.369045,Power,2022/4/20
China,1.129386,Residential,2022/4/20
China,29.540407,Total,2022/4/20
China,0.050367,Domestic Aviation,2022/4/21
China,2.476072,Ground Transport,2022/4/21
China,14.911652,Industry,2022/4/21
China,0.047525,International Aviation,2022/4/21
China,9.974989,Power,2022/4/21
China,1.168829,Residential,2022/4/21
China,28.581909,Total,2022/4/21
China,0.056967,Domestic Aviation,2022/4/22
China,2.506394,Ground Transport,2022/4/22
China,14.782683,Industry,2022/4/22
China,0.048658,International Aviation,2022/4/22
China,9.888716,Power,2022/4/22
China,1.232523,Residential,2022/4/22
China,28.467283,Total,2022/4/22
China,0.052874,Domestic Aviation,2022/4/23
China,2.508633,Ground Transport,2022/4/23
China,14.618857,Industry,2022/4/23
China,0.045141,International Aviation,2022/4/23
China,9.779127,Power,2022/4/23
China,1.104852,Residential,2022/4/23
China,28.064343,Total,2022/4/23
China,0.055739,Domestic Aviation,2022/4/24
China,2.49833,Ground Transport,2022/4/24
China,14.87331,Industry,2022/4/24
China,0.046561,International Aviation,2022/4/24
China,9.94934,Power,2022/4/24
China,1.133061,Residential,2022/4/24
China,28.50978,Total,2022/4/24
China,0.059767,Domestic Aviation,2022/4/25
China,2.541191,Ground Transport,2022/4/25
China,15.350845,Industry,2022/4/25
China,0.038684,International Aviation,2022/4/25
China,10.268783,Power,2022/4/25
China,1.108591,Residential,2022/4/25
China,29.329177,Total,2022/4/25
China,0.062305,Domestic Aviation,2022/4/26
China,2.577298,Ground Transport,2022/4/26
China,15.16262,Industry,2022/4/26
China,0.040916,International Aviation,2022/4/26
China,10.142871,Power,2022/4/26
China,1.197578,Residential,2022/4/26
China,29.142673,Total,2022/4/26
China,0.067206,Domestic Aviation,2022/4/27
China,2.612322,Ground Transport,2022/4/27
China,15.05805,Industry,2022/4/27
China,0.047825,International Aviation,2022/4/27
China,10.07292,Power,2022/4/27
China,1.351426,Residential,2022/4/27
China,29.161925,Total,2022/4/27
China,0.066756,Domestic Aviation,2022/4/28
China,2.600661,Ground Transport,2022/4/28
China,15.528614,Industry,2022/4/28
China,0.04788,International Aviation,2022/4/28
China,10.387699,Power,2022/4/28
China,1.546352,Residential,2022/4/28
China,30.130083,Total,2022/4/28
China,0.078054,Domestic Aviation,2022/4/29
China,2.560576,Ground Transport,2022/4/29
China,15.650612,Industry,2022/4/29
China,0.046763,International Aviation,2022/4/29
China,10.469308,Power,2022/4/29
China,1.463432,Residential,2022/4/29
China,30.221984,Total,2022/4/29
China,0.064968,Domestic Aviation,2022/4/30
China,2.564303,Ground Transport,2022/4/30
China,15.260218,Industry,2022/4/30
China,0.042301,International Aviation,2022/4/30
China,10.208158,Power,2022/4/30
China,1.572247,Residential,2022/4/30
China,29.669894,Total,2022/4/30
China,0.046141,Domestic Aviation,2022/5/1
China,2.64582,Ground Transport,2022/5/1
China,14.670192,Industry,2022/5/1
China,0.044252,International Aviation,2022/5/1
China,9.545052,Power,2022/5/1
China,1.472483,Residential,2022/5/1
China,28.379687,Total,2022/5/1
China,0.042358,Domestic Aviation,2022/5/2
China,2.661275,Ground Transport,2022/5/2
China,14.77052,Industry,2022/5/2
China,0.034774,International Aviation,2022/5/2
China,9.610329,Power,2022/5/2
China,1.228849,Residential,2022/5/2
China,28.313331,Total,2022/5/2
China,0.052877,Domestic Aviation,2022/5/3
China,2.659217,Ground Transport,2022/5/3
China,15.123526,Industry,2022/5/3
China,0.037022,International Aviation,2022/5/3
China,9.84001,Power,2022/5/3
China,1.09538,Residential,2022/5/3
China,28.77101,Total,2022/5/3
China,0.070303,Domestic Aviation,2022/5/4
China,2.632097,Ground Transport,2022/5/4
China,14.859701,Industry,2022/5/4
China,0.041666,International Aviation,2022/5/4
China,9.668354,Power,2022/5/4
China,1.038794,Residential,2022/5/4
China,28.269249,Total,2022/5/4
China,0.063661,Domestic Aviation,2022/5/5
China,2.632626,Ground Transport,2022/5/5
China,15.168116,Industry,2022/5/5
China,0.039266,International Aviation,2022/5/5
China,9.869023,Power,2022/5/5
China,1.048125,Residential,2022/5/5
China,28.781552,Total,2022/5/5
China,0.06277,Domestic Aviation,2022/5/6
China,2.730628,Ground Transport,2022/5/6
China,15.435658,Industry,2022/5/6
China,0.041821,International Aviation,2022/5/6
China,10.043096,Power,2022/5/6
China,1.203862,Residential,2022/5/6
China,29.476015,Total,2022/5/6
China,0.058825,Domestic Aviation,2022/5/7
China,2.727545,Ground Transport,2022/5/7
China,15.755221,Industry,2022/5/7
China,0.040287,International Aviation,2022/5/7
China,10.251018,Power,2022/5/7
China,1.257742,Residential,2022/5/7
China,30.050351,Total,2022/5/7
China,0.06735,Domestic Aviation,2022/5/8
China,2.759402,Ground Transport,2022/5/8
China,16.015331,Industry,2022/5/8
China,0.039181,International Aviation,2022/5/8
China,10.420257,Power,2022/5/8
China,1.348682,Residential,2022/5/8
China,30.611023,Total,2022/5/8
China,0.066534,Domestic Aviation,2022/5/9
China,2.741644,Ground Transport,2022/5/9
China,16.178829,Industry,2022/5/9
China,0.039397,International Aviation,2022/5/9
China,10.526635,Power,2022/5/9
China,1.324547,Residential,2022/5/9
China,30.83819,Total,2022/5/9
China,0.066921,Domestic Aviation,2022/5/10
China,2.794893,Ground Transport,2022/5/10
China,16.163965,Industry,2022/5/10
China,0.039953,International Aviation,2022/5/10
China,10.516964,Power,2022/5/10
China,1.227211,Residential,2022/5/10
China,30.769955,Total,2022/5/10
China,0.068533,Domestic Aviation,2022/5/11
China,2.70885,Ground Transport,2022/5/11
China,16.472381,Industry,2022/5/11
China,0.048644,International Aviation,2022/5/11
China,10.717633,Power,2022/5/11
China,1.222835,Residential,2022/5/11
China,31.190232,Total,2022/5/11
China,0.067258,Domestic Aviation,2022/5/12
China,2.689516,Ground Transport,2022/5/12
China,16.331179,Industry,2022/5/12
China,0.043636,International Aviation,2022/5/12
China,10.62576,Power,2022/5/12
China,1.310064,Residential,2022/5/12
China,31.023778,Total,2022/5/12
China,0.074912,Domestic Aviation,2022/5/13
China,2.668692,Ground Transport,2022/5/13
China,16.015331,Industry,2022/5/13
China,0.046507,International Aviation,2022/5/13
China,10.420257,Power,2022/5/13
China,1.302593,Residential,2022/5/13
China,30.481785,Total,2022/5/13
China,0.065958,Domestic Aviation,2022/5/14
China,2.663274,Ground Transport,2022/5/14
China,15.755221,Industry,2022/5/14
China,0.04403,International Aviation,2022/5/14
China,10.251018,Power,2022/5/14
China,1.341296,Residential,2022/5/14
China,30.076768,Total,2022/5/14
China,0.07641,Domestic Aviation,2022/5/15
China,2.709774,Ground Transport,2022/5/15
China,15.588008,Industry,2022/5/15
China,0.047553,International Aviation,2022/5/15
China,10.142222,Power,2022/5/15
China,1.275795,Residential,2022/5/15
China,29.792209,Total,2022/5/15
China,0.074897,Domestic Aviation,2022/5/16
China,2.743457,Ground Transport,2022/5/16
China,15.201559,Industry,2022/5/16
China,0.040755,International Aviation,2022/5/16
China,9.890782,Power,2022/5/16
China,1.148203,Residential,2022/5/16
China,29.058898,Total,2022/5/16
China,0.072972,Domestic Aviation,2022/5/17
China,2.704979,Ground Transport,2022/5/17
China,15.000903,Industry,2022/5/17
China,0.045826,International Aviation,2022/5/17
China,9.760226,Power,2022/5/17
China,1.071811,Residential,2022/5/17
China,28.610891,Total,2022/5/17
China,0.077815,Domestic Aviation,2022/5/18
China,2.708197,Ground Transport,2022/5/18
China,15.238718,Industry,2022/5/18
China,0.0502,International Aviation,2022/5/18
China,9.914959,Power,2022/5/18
China,1.068728,Residential,2022/5/18
China,29.008418,Total,2022/5/18
China,0.076454,Domestic Aviation,2022/5/19
China,2.668774,Ground Transport,2022/5/19
China,16.048774,Industry,2022/5/19
China,0.048846,International Aviation,2022/5/19
China,10.442016,Power,2022/5/19
China,1.047591,Residential,2022/5/19
China,30.283607,Total,2022/5/19
China,0.087268,Domestic Aviation,2022/5/20
China,2.598506,Ground Transport,2022/5/20
China,16.089648,Industry,2022/5/20
China,0.04868,International Aviation,2022/5/20
China,10.46861,Power,2022/5/20
China,1.022717,Residential,2022/5/20
China,30.266749,Total,2022/5/20
China,0.075466,Domestic Aviation,2022/5/21
China,2.583939,Ground Transport,2022/5/21
China,16.019047,Industry,2022/5/21
China,0.048646,International Aviation,2022/5/21
China,10.422674,Power,2022/5/21
China,1.042268,Residential,2022/5/21
China,30.143395,Total,2022/5/21
China,0.081512,Domestic Aviation,2022/5/22
China,2.594748,Ground Transport,2022/5/22
China,15.703199,Industry,2022/5/22
China,0.047773,International Aviation,2022/5/22
China,10.21717,Power,2022/5/22
China,1.038674,Residential,2022/5/22
China,29.635305,Total,2022/5/22
China,0.081416,Domestic Aviation,2022/5/23
China,2.519216,Ground Transport,2022/5/23
China,15.840686,Industry,2022/5/23
China,0.043398,International Aviation,2022/5/23
China,10.306625,Power,2022/5/23
China,1.016332,Residential,2022/5/23
China,29.764276,Total,2022/5/23
China,0.081643,Domestic Aviation,2022/5/24
China,2.593172,Ground Transport,2022/5/24
China,15.896424,Industry,2022/5/24
China,0.045605,International Aviation,2022/5/24
China,10.34289,Power,2022/5/24
China,1.025854,Residential,2022/5/24
China,29.939983,Total,2022/5/24
China,0.083443,Domestic Aviation,2022/5/25
China,2.62973,Ground Transport,2022/5/25
China,15.703199,Industry,2022/5/25
China,0.051213,International Aviation,2022/5/25
China,10.21717,Power,2022/5/25
China,1.071691,Residential,2022/5/25
China,29.705234,Total,2022/5/25
China,0.082645,Domestic Aviation,2022/5/26
China,2.456897,Ground Transport,2022/5/26
China,15.83697,Industry,2022/5/26
China,0.046611,International Aviation,2022/5/26
China,10.304207,Power,2022/5/26
China,1.056591,Residential,2022/5/26
China,29.73731,Total,2022/5/26
China,0.086742,Domestic Aviation,2022/5/27
China,2.408306,Ground Transport,2022/5/27
China,15.993036,Industry,2022/5/27
China,0.052381,International Aviation,2022/5/27
China,10.40575,Power,2022/5/27
China,1.029624,Residential,2022/5/27
China,29.923459,Total,2022/5/27
China,0.075969,Domestic Aviation,2022/5/28
China,2.396338,Ground Transport,2022/5/28
China,15.807243,Industry,2022/5/28
China,0.044807,International Aviation,2022/5/28
China,10.284866,Power,2022/5/28
China,1.007125,Residential,2022/5/28
China,29.571541,Total,2022/5/28
China,0.082149,Domestic Aviation,2022/5/29
China,2.41844,Ground Transport,2022/5/29
China,15.680904,Industry,2022/5/29
China,0.049779,International Aviation,2022/5/29
China,10.202664,Power,2022/5/29
China,1.054637,Residential,2022/5/29
China,29.438795,Total,2022/5/29
China,0.078923,Domestic Aviation,2022/5/30
China,2.471132,Ground Transport,2022/5/30
China,15.662325,Industry,2022/5/30
China,0.040996,International Aviation,2022/5/30
China,10.190576,Power,2022/5/30
China,1.055179,Residential,2022/5/30
China,29.458135,Total,2022/5/30
China,0.077982,Domestic Aviation,2022/5/31
China,2.565969,Ground Transport,2022/5/31
China,15.874129,Industry,2022/5/31
China,0.048167,International Aviation,2022/5/31
China,10.328384,Power,2022/5/31
China,1.032954,Residential,2022/5/31
China,29.879419,Total,2022/5/31
China,0.08505,Domestic Aviation,2022/6/1
China,2.431823,Ground Transport,2022/6/1
China,14.637003,Industry,2022/6/1
China,0.050773,International Aviation,2022/6/1
China,10.803876,Power,2022/6/1
China,1.070849,Residential,2022/6/1
China,29.028602,Total,2022/6/1
China,0.088658,Domestic Aviation,2022/6/2
China,2.416759,Ground Transport,2022/6/2
China,14.325506,Industry,2022/6/2
China,0.049365,International Aviation,2022/6/2
China,10.573953,Power,2022/6/2
China,1.054882,Residential,2022/6/2
China,28.459757,Total,2022/6/2
China,0.076519,Domestic Aviation,2022/6/3
China,2.386329,Ground Transport,2022/6/3
China,13.685581,Industry,2022/6/3
China,0.04933,International Aviation,2022/6/3
China,10.101612,Power,2022/6/3
China,1.067305,Residential,2022/6/3
China,27.317346,Total,2022/6/3
China,0.075455,Domestic Aviation,2022/6/4
China,2.328386,Ground Transport,2022/6/4
China,13.973378,Industry,2022/6/4
China,0.046621,International Aviation,2022/6/4
China,10.314041,Power,2022/6/4
China,1.078446,Residential,2022/6/4
China,27.769704,Total,2022/6/4
China,0.10645,Domestic Aviation,2022/6/5
China,2.402362,Ground Transport,2022/6/5
China,14.325506,Industry,2022/6/5
China,0.048179,International Aviation,2022/6/5
China,10.573953,Power,2022/6/5
China,1.103299,Residential,2022/6/5
China,28.511569,Total,2022/6/5
China,0.103038,Domestic Aviation,2022/6/6
China,2.562761,Ground Transport,2022/6/6
China,14.816453,Industry,2022/6/6
China,0.044438,International Aviation,2022/6/6
China,10.936332,Power,2022/6/6
China,1.115767,Residential,2022/6/6
China,29.534351,Total,2022/6/6
China,0.090642,Domestic Aviation,2022/6/7
China,2.624184,Ground Transport,2022/6/7
China,15.107635,Industry,2022/6/7
China,0.047222,International Aviation,2022/6/7
China,11.15126,Power,2022/6/7
China,1.072247,Residential,2022/6/7
China,30.045967,Total,2022/6/7
China,0.097184,Domestic Aviation,2022/6/8
China,2.693359,Ground Transport,2022/6/8
China,15.334487,Industry,2022/6/8
China,0.052972,International Aviation,2022/6/8
China,11.318704,Power,2022/6/8
China,1.063724,Residential,2022/6/8
China,30.507458,Total,2022/6/8
China,0.0997,Domestic Aviation,2022/6/9
China,2.736401,Ground Transport,2022/6/9
China,15.564724,Industry,2022/6/9
China,0.049237,International Aviation,2022/6/9
China,11.488647,Power,2022/6/9
China,1.059506,Residential,2022/6/9
China,30.948979,Total,2022/6/9
China,0.117055,Domestic Aviation,2022/6/10
China,2.749038,Ground Transport,2022/6/10
China,15.622284,Industry,2022/6/10
China,0.051324,International Aviation,2022/6/10
China,11.531132,Power,2022/6/10
China,1.052526,Residential,2022/6/10
China,31.072035,Total,2022/6/10
China,0.112656,Domestic Aviation,2022/6/11
China,2.726907,Ground Transport,2022/6/11
China,15.483464,Industry,2022/6/11
China,0.047234,International Aviation,2022/6/11
China,11.428667,Power,2022/6/11
China,1.055149,Residential,2022/6/11
China,30.806843,Total,2022/6/11
China,0.123429,Domestic Aviation,2022/6/12
China,2.683165,Ground Transport,2022/6/12
China,14.765665,Industry,2022/6/12
China,0.049963,International Aviation,2022/6/12
China,10.898844,Power,2022/6/12
China,1.054243,Residential,2022/6/12
China,29.525347,Total,2022/6/12
China,0.115605,Domestic Aviation,2022/6/13
China,2.743483,Ground Transport,2022/6/13
China,15.202439,Industry,2022/6/13
China,0.041195,International Aviation,2022/6/13
China,11.221236,Power,2022/6/13
China,1.065984,Residential,2022/6/13
China,30.348748,Total,2022/6/13
China,0.109539,Domestic Aviation,2022/6/14
China,2.732252,Ground Transport,2022/6/14
China,15.44622,Industry,2022/6/14
China,0.050255,International Aviation,2022/6/14
China,11.401176,Power,2022/6/14
China,1.059258,Residential,2022/6/14
China,30.748445,Total,2022/6/14
China,0.121984,Domestic Aviation,2022/6/15
China,2.755888,Ground Transport,2022/6/15
China,15.933781,Industry,2022/6/15
China,0.051947,International Aviation,2022/6/15
China,11.761055,Power,2022/6/15
China,1.045033,Residential,2022/6/15
China,31.617742,Total,2022/6/15
China,0.120703,Domestic Aviation,2022/6/16
China,2.750464,Ground Transport,2022/6/16
China,16.075987,Industry,2022/6/16
China,0.049617,International Aviation,2022/6/16
China,11.86602,Power,2022/6/16
China,1.040587,Residential,2022/6/16
China,31.853761,Total,2022/6/16
China,0.129854,Domestic Aviation,2022/6/17
China,2.701566,Ground Transport,2022/6/17
China,16.221578,Industry,2022/6/17
China,0.052678,International Aviation,2022/6/17
China,11.973484,Power,2022/6/17
China,1.036336,Residential,2022/6/17
China,32.062819,Total,2022/6/17
China,0.123501,Domestic Aviation,2022/6/18
China,2.7122,Ground Transport,2022/6/18
China,16.441658,Industry,2022/6/18
China,0.046459,International Aviation,2022/6/18
China,12.13593,Power,2022/6/18
China,1.035228,Residential,2022/6/18
China,32.448516,Total,2022/6/18
China,0.134265,Domestic Aviation,2022/6/19
China,2.745788,Ground Transport,2022/6/19
China,16.505989,Industry,2022/6/19
China,0.053493,International Aviation,2022/6/19
China,12.183414,Power,2022/6/19
China,1.03382,Residential,2022/6/19
China,32.603275,Total,2022/6/19
China,0.130988,Domestic Aviation,2022/6/20
China,2.759003,Ground Transport,2022/6/20
China,16.536462,Industry,2022/6/20
China,0.042551,International Aviation,2022/6/20
China,12.205906,Power,2022/6/20
China,1.035126,Residential,2022/6/20
China,32.667485,Total,2022/6/20
China,0.123885,Domestic Aviation,2022/6/21
China,2.766418,Ground Transport,2022/6/21
China,17.122213,Industry,2022/6/21
China,0.047263,International Aviation,2022/6/21
China,12.638261,Power,2022/6/21
China,1.033503,Residential,2022/6/21
China,33.68428,Total,2022/6/21
China,0.131656,Domestic Aviation,2022/6/22
China,2.777751,Ground Transport,2022/6/22
China,17.332135,Industry,2022/6/22
China,0.053809,International Aviation,2022/6/22
China,12.793209,Power,2022/6/22
China,1.034015,Residential,2022/6/22
China,34.068767,Total,2022/6/22
China,0.133139,Domestic Aviation,2022/6/23
China,2.798713,Ground Transport,2022/6/23
China,17.013866,Industry,2022/6/23
China,0.051819,International Aviation,2022/6/23
China,12.558288,Power,2022/6/23
China,1.030305,Residential,2022/6/23
China,33.534311,Total,2022/6/23
China,0.146134,Domestic Aviation,2022/6/24
China,2.796039,Ground Transport,2022/6/24
China,17.159457,Industry,2022/6/24
China,0.051432,International Aviation,2022/6/24
China,12.665752,Power,2022/6/24
China,1.029585,Residential,2022/6/24
China,33.796967,Total,2022/6/24
China,0.137224,Domestic Aviation,2022/6/25
China,2.790476,Ground Transport,2022/6/25
China,17.284733,Industry,2022/6/25
China,0.047773,International Aviation,2022/6/25
China,12.758221,Power,2022/6/25
China,1.03327,Residential,2022/6/25
China,34.003924,Total,2022/6/25
China,0.143556,Domestic Aviation,2022/6/26
China,2.80636,Ground Transport,2022/6/26
China,17.416781,Industry,2022/6/26
China,0.05109,International Aviation,2022/6/26
China,12.855688,Power,2022/6/26
China,1.037392,Residential,2022/6/26
China,34.259777,Total,2022/6/26
China,0.141234,Domestic Aviation,2022/6/27
China,2.768908,Ground Transport,2022/6/27
China,17.477726,Industry,2022/6/27
China,0.042323,International Aviation,2022/6/27
China,12.900673,Power,2022/6/27
China,1.038063,Residential,2022/6/27
China,34.326605,Total,2022/6/27
China,0.143285,Domestic Aviation,2022/6/28
China,2.773772,Ground Transport,2022/6/28
China,17.535286,Industry,2022/6/28
China,0.051756,International Aviation,2022/6/28
China,12.943159,Power,2022/6/28
China,1.04037,Residential,2022/6/28
China,34.435872,Total,2022/6/28
China,0.150618,Domestic Aviation,2022/6/29
China,2.752276,Ground Transport,2022/6/29
China,17.470955,Industry,2022/6/29
China,0.051174,International Aviation,2022/6/29
China,12.895675,Power,2022/6/29
China,1.036989,Residential,2022/6/29
China,34.306512,Total,2022/6/29
China,0.151105,Domestic Aviation,2022/6/30
China,2.763463,Ground Transport,2022/6/30
China,17.49127,Industry,2022/6/30
China,0.050787,International Aviation,2022/6/30
China,12.91067,Power,2022/6/30
China,1.03581,Residential,2022/6/30
China,34.352318,Total,2022/6/30
China,0.156527,Domestic Aviation,2022/7/1
China,2.516983,Ground Transport,2022/7/1
China,12.910486,Industry,2022/7/1
China,0.045227,International Aviation,2022/7/1
China,13.130303,Power,2022/7/1
China,1.014305,Residential,2022/7/1
China,29.728605,Total,2022/7/1
China,0.152985,Domestic Aviation,2022/7/2
China,2.510773,Ground Transport,2022/7/2
China,13.085969,Industry,2022/7/2
China,0.041902,International Aviation,2022/7/2
China,13.308774,Power,2022/7/2
China,1.009002,Residential,2022/7/2
China,30.067502,Total,2022/7/2
China,0.171351,Domestic Aviation,2022/7/3
China,2.547983,Ground Transport,2022/7/3
China,12.376519,Industry,2022/7/3
China,0.046373,International Aviation,2022/7/3
China,12.587244,Power,2022/7/3
China,1.004419,Residential,2022/7/3
China,28.687516,Total,2022/7/3
China,0.168664,Domestic Aviation,2022/7/4
China,2.554769,Ground Transport,2022/7/4
China,12.562028,Industry,2022/7/4
China,0.041975,International Aviation,2022/7/4
China,12.775913,Power,2022/7/4
China,1.00672,Residential,2022/7/4
China,29.068094,Total,2022/7/4
China,0.167377,Domestic Aviation,2022/7/5
China,2.538938,Ground Transport,2022/7/5
China,13.025803,Industry,2022/7/5
China,0.046328,International Aviation,2022/7/5
China,13.247584,Power,2022/7/5
China,1.005291,Residential,2022/7/5
China,29.984993,Total,2022/7/5
China,0.174142,Domestic Aviation,2022/7/6
China,2.537478,Ground Transport,2022/7/6
China,13.161175,Industry,2022/7/6
China,0.049644,International Aviation,2022/7/6
China,13.385261,Power,2022/7/6
China,0.999891,Residential,2022/7/6
China,30.257947,Total,2022/7/6
China,0.171556,Domestic Aviation,2022/7/7
China,2.517147,Ground Transport,2022/7/7
China,13.339164,Industry,2022/7/7
China,0.0452,International Aviation,2022/7/7
China,13.566281,Power,2022/7/7
China,0.996741,Residential,2022/7/7
China,30.590889,Total,2022/7/7
China,0.183153,Domestic Aviation,2022/7/8
China,2.499121,Ground Transport,2022/7/8
China,13.622443,Industry,2022/7/8
China,0.048043,International Aviation,2022/7/8
China,13.854382,Power,2022/7/8
China,0.998854,Residential,2022/7/8
China,31.157953,Total,2022/7/8
China,0.176145,Domestic Aviation,2022/7/9
China,2.487544,Ground Transport,2022/7/9
China,13.958366,Industry,2022/7/9
China,0.046302,International Aviation,2022/7/9
China,14.196025,Power,2022/7/9
China,1.000769,Residential,2022/7/9
China,31.818849,Total,2022/7/9
China,0.18332,Domestic Aviation,2022/7/10
China,2.503412,Ground Transport,2022/7/10
China,13.940818,Industry,2022/7/10
China,0.047935,International Aviation,2022/7/10
China,14.178178,Power,2022/7/10
China,0.999528,Residential,2022/7/10
China,31.805256,Total,2022/7/10
China,0.17598,Domestic Aviation,2022/7/11
China,2.470512,Ground Transport,2022/7/11
China,13.880653,Industry,2022/7/11
China,0.040263,International Aviation,2022/7/11
China,14.116988,Power,2022/7/11
China,1.002761,Residential,2022/7/11
China,31.646895,Total,2022/7/11
China,0.171261,Domestic Aviation,2022/7/12
China,2.50409,Ground Transport,2022/7/12
China,14.143876,Industry,2022/7/12
China,0.044419,International Aviation,2022/7/12
China,14.384694,Power,2022/7/12
China,1.003487,Residential,2022/7/12
China,32.207408,Total,2022/7/12
China,0.174257,Domestic Aviation,2022/7/13
China,2.49331,Ground Transport,2022/7/13
China,14.635227,Industry,2022/7/13
China,0.048025,International Aviation,2022/7/13
China,14.88441,Power,2022/7/13
China,1.001669,Residential,2022/7/13
China,33.188873,Total,2022/7/13
China,0.17583,Domestic Aviation,2022/7/14
China,2.521718,Ground Transport,2022/7/14
China,14.750544,Industry,2022/7/14
China,0.045805,International Aviation,2022/7/14
China,15.00169,Power,2022/7/14
China,1.000756,Residential,2022/7/14
China,33.450538,Total,2022/7/14
China,0.185983,Domestic Aviation,2022/7/15
China,2.535927,Ground Transport,2022/7/15
China,14.968643,Industry,2022/7/15
China,0.046595,International Aviation,2022/7/15
China,15.223503,Power,2022/7/15
China,1.00455,Residential,2022/7/15
China,33.918606,Total,2022/7/15
China,0.173596,Domestic Aviation,2022/7/16
China,2.523725,Ground Transport,2022/7/16
China,14.968643,Industry,2022/7/16
China,0.044661,International Aviation,2022/7/16
China,15.223503,Power,2022/7/16
China,1.006845,Residential,2022/7/16
China,33.896313,Total,2022/7/16
China,0.18288,Domestic Aviation,2022/7/17
China,2.516958,Ground Transport,2022/7/17
China,14.823244,Industry,2022/7/17
China,0.045662,International Aviation,2022/7/17
China,15.075628,Power,2022/7/17
China,1.006464,Residential,2022/7/17
China,33.605172,Total,2022/7/17
China,0.174115,Domestic Aviation,2022/7/18
China,2.520496,Ground Transport,2022/7/18
China,14.682858,Industry,2022/7/18
China,0.037316,International Aviation,2022/7/18
China,14.932852,Power,2022/7/18
China,1.013938,Residential,2022/7/18
China,33.324259,Total,2022/7/18
China,0.164226,Domestic Aviation,2022/7/19
China,2.536848,Ground Transport,2022/7/19
China,14.926026,Industry,2022/7/19
China,0.046555,International Aviation,2022/7/19
China,15.180161,Power,2022/7/19
China,1.02631,Residential,2022/7/19
China,33.83357,Total,2022/7/19
China,0.170094,Domestic Aviation,2022/7/20
China,2.54693,Ground Transport,2022/7/20
China,14.690378,Industry,2022/7/20
China,0.048737,International Aviation,2022/7/20
China,14.940501,Power,2022/7/20
China,1.010072,Residential,2022/7/20
China,33.357975,Total,2022/7/20
China,0.162945,Domestic Aviation,2022/7/21
China,2.555954,Ground Transport,2022/7/21
China,14.4798,Industry,2022/7/21
China,0.041989,International Aviation,2022/7/21
China,14.726336,Power,2022/7/21
China,1.033933,Residential,2022/7/21
China,32.958968,Total,2022/7/21
China,0.173592,Domestic Aviation,2022/7/22
China,2.548585,Ground Transport,2022/7/22
China,14.640241,Industry,2022/7/22
China,0.046312,International Aviation,2022/7/22
China,14.889509,Power,2022/7/22
China,1.02164,Residential,2022/7/22
China,33.273567,Total,2022/7/22
China,0.160067,Domestic Aviation,2022/7/23
China,2.53142,Ground Transport,2022/7/23
China,14.517403,Industry,2022/7/23
China,0.046209,International Aviation,2022/7/23
China,14.76458,Power,2022/7/23
China,1.005701,Residential,2022/7/23
China,32.979172,Total,2022/7/23
China,0.174068,Domestic Aviation,2022/7/24
China,2.543472,Ground Transport,2022/7/24
China,14.196521,Industry,2022/7/24
China,0.045936,International Aviation,2022/7/24
China,14.438235,Power,2022/7/24
China,1.003028,Residential,2022/7/24
China,32.355324,Total,2022/7/24
China,0.166292,Domestic Aviation,2022/7/25
China,2.566277,Ground Transport,2022/7/25
China,14.469772,Industry,2022/7/25
China,0.036671,International Aviation,2022/7/25
China,14.716138,Power,2022/7/25
China,1.00171,Residential,2022/7/25
China,32.920189,Total,2022/7/25
China,0.162596,Domestic Aviation,2022/7/26
China,2.583494,Ground Transport,2022/7/26
China,14.524924,Industry,2022/7/26
China,0.04539,International Aviation,2022/7/26
China,14.772229,Power,2022/7/26
China,1.003116,Residential,2022/7/26
China,33.046358,Total,2022/7/26
China,0.168394,Domestic Aviation,2022/7/27
China,2.570212,Ground Transport,2022/7/27
China,14.815723,Industry,2022/7/27
China,0.048419,International Aviation,2022/7/27
China,15.067979,Power,2022/7/27
China,1.011559,Residential,2022/7/27
China,33.633867,Total,2022/7/27
China,0.170203,Domestic Aviation,2022/7/28
China,2.578229,Ground Transport,2022/7/28
China,14.873381,Industry,2022/7/28
China,0.045732,International Aviation,2022/7/28
China,15.126619,Power,2022/7/28
China,1.005308,Residential,2022/7/28
China,33.753741,Total,2022/7/28
China,0.183422,Domestic Aviation,2022/7/29
China,2.579791,Ground Transport,2022/7/29
China,14.830764,Industry,2022/7/29
China,0.045153,International Aviation,2022/7/29
China,15.083277,Power,2022/7/29
China,1.003687,Residential,2022/7/29
China,33.680941,Total,2022/7/29
China,0.177986,Domestic Aviation,2022/7/30
China,2.567471,Ground Transport,2022/7/30
China,14.697899,Industry,2022/7/30
China,0.044907,International Aviation,2022/7/30
China,14.948149,Power,2022/7/30
China,1.00345,Residential,2022/7/30
China,33.394956,Total,2022/7/30
China,0.187929,Domestic Aviation,2022/7/31
China,2.672245,Ground Transport,2022/7/31
China,14.647761,Industry,2022/7/31
China,0.042911,International Aviation,2022/7/31
China,14.897158,Power,2022/7/31
China,1.005731,Residential,2022/7/31
China,33.410825,Total,2022/7/31
China,0.181981,Domestic Aviation,2022/8/1
China,2.549601,Ground Transport,2022/8/1
China,14.274457,Industry,2022/8/1
China,0.036997,International Aviation,2022/8/1
China,15.435108,Power,2022/8/1
China,1.003415,Residential,2022/8/1
China,33.444563,Total,2022/8/1
China,0.172986,Domestic Aviation,2022/8/2
China,2.55643,Ground Transport,2022/8/2
China,14.784941,Industry,2022/8/2
China,0.041327,International Aviation,2022/8/2
China,15.987099,Power,2022/8/2
China,1.001066,Residential,2022/8/2
China,34.502522,Total,2022/8/2
China,0.187525,Domestic Aviation,2022/8/3
China,2.561723,Ground Transport,2022/8/3
China,14.870816,Industry,2022/8/3
China,0.046087,International Aviation,2022/8/3
China,16.079957,Power,2022/8/3
China,0.99911,Residential,2022/8/3
China,34.699131,Total,2022/8/3
China,0.184708,Domestic Aviation,2022/8/4
China,2.549853,Ground Transport,2022/8/4
China,15.049724,Industry,2022/8/4
China,0.043353,International Aviation,2022/8/4
China,16.273412,Power,2022/8/4
China,1.000813,Residential,2022/8/4
China,35.058511,Total,2022/8/4
China,0.200231,Domestic Aviation,2022/8/5
China,2.508437,Ground Transport,2022/8/5
China,15.004401,Industry,2022/8/5
China,0.045838,International Aviation,2022/8/5
China,16.224404,Power,2022/8/5
China,0.997992,Residential,2022/8/5
China,34.935464,Total,2022/8/5
China,0.184282,Domestic Aviation,2022/8/6
China,2.512985,Ground Transport,2022/8/6
China,14.935223,Industry,2022/8/6
China,0.043394,International Aviation,2022/8/6
China,16.149601,Power,2022/8/6
China,0.997779,Residential,2022/8/6
China,34.779871,Total,2022/8/6
China,0.188627,Domestic Aviation,2022/8/7
China,2.515422,Ground Transport,2022/8/7
China,14.956692,Industry,2022/8/7
China,0.044104,International Aviation,2022/8/7
China,16.172816,Power,2022/8/7
China,0.997357,Residential,2022/8/7
China,34.830913,Total,2022/8/7
China,0.177075,Domestic Aviation,2022/8/8
China,2.541538,Ground Transport,2022/8/8
China,14.97339,Industry,2022/8/8
China,0.035269,International Aviation,2022/8/8
China,16.190871,Power,2022/8/8
China,0.997599,Residential,2022/8/8
China,34.880473,Total,2022/8/8
China,0.172727,Domestic Aviation,2022/8/9
China,2.568377,Ground Transport,2022/8/9
China,14.687138,Industry,2022/8/9
China,0.044195,International Aviation,2022/8/9
China,15.881344,Power,2022/8/9
China,1.004082,Residential,2022/8/9
China,34.313667,Total,2022/8/9
China,0.18053,Domestic Aviation,2022/8/10
China,2.51772,Ground Transport,2022/8/10
China,14.524928,Industry,2022/8/10
China,0.046993,International Aviation,2022/8/10
China,15.705945,Power,2022/8/10
China,1.000026,Residential,2022/8/10
China,33.929149,Total,2022/8/10
China,0.175129,Domestic Aviation,2022/8/11
China,2.511429,Ground Transport,2022/8/11
China,14.765857,Industry,2022/8/11
China,0.045219,International Aviation,2022/8/11
China,15.966464,Power,2022/8/11
China,0.99893,Residential,2022/8/11
China,34.41781,Total,2022/8/11
China,0.180722,Domestic Aviation,2022/8/12
China,2.49756,Ground Transport,2022/8/12
China,14.97339,Industry,2022/8/12
China,0.043614,International Aviation,2022/8/12
China,16.190871,Power,2022/8/12
China,0.99799,Residential,2022/8/12
China,34.840534,Total,2022/8/12
China,0.172547,Domestic Aviation,2022/8/13
China,2.4736,Ground Transport,2022/8/13
China,14.908983,Industry,2022/8/13
China,0.044982,International Aviation,2022/8/13
China,16.121228,Power,2022/8/13
China,0.999552,Residential,2022/8/13
China,34.675911,Total,2022/8/13
China,0.177065,Domestic Aviation,2022/8/14
China,2.515422,Ground Transport,2022/8/14
China,15.028255,Industry,2022/8/14
China,0.044988,International Aviation,2022/8/14
China,16.250198,Power,2022/8/14
China,1.004932,Residential,2022/8/14
China,34.975871,Total,2022/8/14
China,0.175317,Domestic Aviation,2022/8/15
China,2.501636,Ground Transport,2022/8/15
China,14.8899,Industry,2022/8/15
China,0.033374,International Aviation,2022/8/15
China,16.100593,Power,2022/8/15
China,1.004839,Residential,2022/8/15
China,34.672284,Total,2022/8/15
China,0.167639,Domestic Aviation,2022/8/16
China,2.501636,Ground Transport,2022/8/16
China,15.004401,Industry,2022/8/16
China,0.042397,International Aviation,2022/8/16
China,16.224404,Power,2022/8/16
China,0.998069,Residential,2022/8/16
China,34.896149,Total,2022/8/16
China,0.167059,Domestic Aviation,2022/8/17
China,2.512113,Ground Transport,2022/8/17
China,14.951921,Industry,2022/8/17
China,0.045291,International Aviation,2022/8/17
China,16.167657,Power,2022/8/17
China,1.000498,Residential,2022/8/17
China,34.799248,Total,2022/8/17
China,0.15759,Domestic Aviation,2022/8/18
China,2.539489,Ground Transport,2022/8/18
China,14.770628,Industry,2022/8/18
China,0.046408,International Aviation,2022/8/18
China,15.971623,Power,2022/8/18
China,1.006556,Residential,2022/8/18
China,34.445887,Total,2022/8/18
China,0.165776,Domestic Aviation,2022/8/19
China,2.543259,Ground Transport,2022/8/19
China,14.713378,Industry,2022/8/19
China,0.046792,International Aviation,2022/8/19
China,15.909717,Power,2022/8/19
China,1.013542,Residential,2022/8/19
China,34.345671,Total,2022/8/19
China,0.155122,Domestic Aviation,2022/8/20
China,2.531836,Ground Transport,2022/8/20
China,14.629887,Industry,2022/8/20
China,0.0448,International Aviation,2022/8/20
China,15.819438,Power,2022/8/20
China,1.012415,Residential,2022/8/20
China,34.148699,Total,2022/8/20
China,0.158371,Domestic Aviation,2022/8/21
China,2.531836,Ground Transport,2022/8/21
China,14.403271,Industry,2022/8/21
China,0.044723,International Aviation,2022/8/21
China,15.574396,Power,2022/8/21
China,1.010015,Residential,2022/8/21
China,33.677888,Total,2022/8/21
China,0.146979,Domestic Aviation,2022/8/22
China,2.453246,Ground Transport,2022/8/22
China,14.546397,Industry,2022/8/22
China,0.038011,International Aviation,2022/8/22
China,15.729159,Power,2022/8/22
China,1.056515,Residential,2022/8/22
China,33.932296,Total,2022/8/22
China,0.138616,Domestic Aviation,2022/8/23
China,2.458626,Ground Transport,2022/8/23
China,14.31501,Industry,2022/8/23
China,0.044176,International Aviation,2022/8/23
China,15.478958,Power,2022/8/23
China,1.045524,Residential,2022/8/23
China,33.436734,Total,2022/8/23
China,0.135233,Domestic Aviation,2022/8/24
China,2.476294,Ground Transport,2022/8/24
China,14.341249,Industry,2022/8/24
China,0.044893,International Aviation,2022/8/24
China,15.507331,Power,2022/8/24
China,1.041071,Residential,2022/8/24
China,33.501178,Total,2022/8/24
China,0.125461,Domestic Aviation,2022/8/25
China,2.47419,Ground Transport,2022/8/25
China,14.417583,Industry,2022/8/25
China,0.044154,International Aviation,2022/8/25
China,15.589872,Power,2022/8/25
China,1.052257,Residential,2022/8/25
China,33.659363,Total,2022/8/25
China,0.152739,Domestic Aviation,2022/8/26
China,2.441393,Ground Transport,2022/8/26
China,13.988205,Industry,2022/8/26
China,0.048235,International Aviation,2022/8/26
China,15.125581,Power,2022/8/26
China,1.099721,Residential,2022/8/26
China,32.807638,Total,2022/8/26
China,0.143102,Domestic Aviation,2022/8/27
China,2.403608,Ground Transport,2022/8/27
China,13.809297,Industry,2022/8/27
China,0.046542,International Aviation,2022/8/27
China,14.932126,Power,2022/8/27
China,1.116321,Residential,2022/8/27
China,32.404454,Total,2022/8/27
China,0.146694,Domestic Aviation,2022/8/28
China,2.391225,Ground Transport,2022/8/28
China,13.527815,Industry,2022/8/28
China,0.045513,International Aviation,2022/8/28
China,14.627757,Power,2022/8/28
China,1.116321,Residential,2022/8/28
China,31.809813,Total,2022/8/28
China,0.127629,Domestic Aviation,2022/8/29
China,2.503815,Ground Transport,2022/8/29
China,13.644702,Industry,2022/8/29
China,0.039138,International Aviation,2022/8/29
China,14.754148,Power,2022/8/29
China,1.110827,Residential,2022/8/29
China,32.14112,Total,2022/8/29
China,0.114493,Domestic Aviation,2022/8/30
China,2.508426,Ground Transport,2022/8/30
China,13.642316,Industry,2022/8/30
China,0.04367,International Aviation,2022/8/30
China,14.751568,Power,2022/8/30
China,1.07061,Residential,2022/8/30
China,32.087413,Total,2022/8/30
China,0.113899,Domestic Aviation,2022/8/31
China,2.51046,Ground Transport,2022/8/31
China,13.329824,Industry,2022/8/31
China,0.048346,International Aviation,2022/8/31
China,14.413667,Power,2022/8/31
China,1.072556,Residential,2022/8/31
China,31.440405,Total,2022/8/31
China,0.11322,Domestic Aviation,2022/9/1
China,2.819289,Ground Transport,2022/9/1
China,16.39163,Industry,2022/9/1
China,0.046161,International Aviation,2022/9/1
China,13.423667,Power,2022/9/1
China,1.072688,Residential,2022/9/1
China,33.820494,Total,2022/9/1
China,0.112132,Domestic Aviation,2022/9/2
China,2.748966,Ground Transport,2022/9/2
China,16.033655,Industry,2022/9/2
China,0.047463,International Aviation,2022/9/2
China,13.130509,Power,2022/9/2
China,1.053544,Residential,2022/9/2
China,33.078807,Total,2022/9/2
China,0.095013,Domestic Aviation,2022/9/3
China,2.76931,Ground Transport,2022/9/3
China,16.000565,Industry,2022/9/3
China,0.045701,International Aviation,2022/9/3
China,13.10341,Power,2022/9/3
China,1.071928,Residential,2022/9/3
China,33.040227,Total,2022/9/3
China,0.090307,Domestic Aviation,2022/9/4
China,2.76931,Ground Transport,2022/9/4
China,15.973491,Industry,2022/9/4
China,0.046855,International Aviation,2022/9/4
China,13.081239,Power,2022/9/4
China,1.069987,Residential,2022/9/4
China,32.984335,Total,2022/9/4
China,0.081065,Domestic Aviation,2022/9/5
China,2.797504,Ground Transport,2022/9/5
China,15.753893,Industry,2022/9/5
China,0.039539,International Aviation,2022/9/5
China,12.901402,Power,2022/9/5
China,1.088332,Residential,2022/9/5
China,32.622196,Total,2022/9/5
China,0.082568,Domestic Aviation,2022/9/6
China,2.820398,Ground Transport,2022/9/6
China,15.808041,Industry,2022/9/6
China,0.046985,International Aviation,2022/9/6
China,12.945746,Power,2022/9/6
China,1.088503,Residential,2022/9/6
China,32.745255,Total,2022/9/6
China,0.089063,Domestic Aviation,2022/9/7
China,2.820398,Ground Transport,2022/9/7
China,16.385613,Industry,2022/9/7
China,0.051488,International Aviation,2022/9/7
China,13.41874,Power,2022/9/7
China,1.051503,Residential,2022/9/7
China,33.765317,Total,2022/9/7
China,0.092101,Domestic Aviation,2022/9/8
China,2.869758,Ground Transport,2022/9/8
China,16.686432,Industry,2022/9/8
China,0.045934,International Aviation,2022/9/8
China,13.665091,Power,2022/9/8
China,1.04915,Residential,2022/9/8
China,34.362532,Total,2022/9/8
China,0.111415,Domestic Aviation,2022/9/9
China,2.869758,Ground Transport,2022/9/9
China,16.999284,Industry,2022/9/9
China,0.050625,International Aviation,2022/9/9
China,13.921296,Power,2022/9/9
China,1.04979,Residential,2022/9/9
China,34.951544,Total,2022/9/9
China,0.062904,Domestic Aviation,2022/9/10
China,2.852128,Ground Transport,2022/9/10
China,16.159999,Industry,2022/9/10
China,0.046265,International Aviation,2022/9/10
China,13.233976,Power,2022/9/10
China,1.052814,Residential,2022/9/10
China,33.361821,Total,2022/9/10
China,0.066919,Domestic Aviation,2022/9/11
China,2.918398,Ground Transport,2022/9/11
China,15.702754,Industry,2022/9/11
China,0.048626,International Aviation,2022/9/11
China,12.859523,Power,2022/9/11
China,1.045952,Residential,2022/9/11
China,32.593546,Total,2022/9/11
China,0.102821,Domestic Aviation,2022/9/12
China,2.817833,Ground Transport,2022/9/12
China,15.99154,Industry,2022/9/12
China,0.038762,International Aviation,2022/9/12
China,13.09602,Power,2022/9/12
China,1.051629,Residential,2022/9/12
China,33.059843,Total,2022/9/12
China,0.098144,Domestic Aviation,2022/9/13
China,2.879075,Ground Transport,2022/9/13
China,15.970483,Industry,2022/9/13
China,0.040999,International Aviation,2022/9/13
China,13.078775,Power,2022/9/13
China,1.062376,Residential,2022/9/13
China,33.088854,Total,2022/9/13
China,0.0697,Domestic Aviation,2022/9/14
China,2.893324,Ground Transport,2022/9/14
China,15.907311,Industry,2022/9/14
China,0.043592,International Aviation,2022/9/14
China,13.027041,Power,2022/9/14
China,1.052252,Residential,2022/9/14
China,32.949628,Total,2022/9/14
China,0.084421,Domestic Aviation,2022/9/15
China,2.930692,Ground Transport,2022/9/15
China,15.796008,Industry,2022/9/15
China,0.047016,International Aviation,2022/9/15
China,12.935892,Power,2022/9/15
China,1.058547,Residential,2022/9/15
China,32.80556,Total,2022/9/15
China,0.108308,Domestic Aviation,2022/9/16
China,2.923458,Ground Transport,2022/9/16
China,16.081786,Industry,2022/9/16
China,0.047457,International Aviation,2022/9/16
China,13.169925,Power,2022/9/16
China,1.057958,Residential,2022/9/16
China,33.341436,Total,2022/9/16
China,0.098683,Domestic Aviation,2022/9/17
China,2.903236,Ground Transport,2022/9/17
China,16.268294,Industry,2022/9/17
China,0.048235,International Aviation,2022/9/17
China,13.322663,Power,2022/9/17
China,1.053449,Residential,2022/9/17
China,33.646324,Total,2022/9/17
China,0.111467,Domestic Aviation,2022/9/18
China,2.918398,Ground Transport,2022/9/18
China,15.952434,Industry,2022/9/18
China,0.049534,International Aviation,2022/9/18
China,13.063994,Power,2022/9/18
China,1.079349,Residential,2022/9/18
China,33.125642,Total,2022/9/18
China,0.104866,Domestic Aviation,2022/9/19
China,2.930834,Ground Transport,2022/9/19
China,15.639582,Industry,2022/9/19
China,0.039524,International Aviation,2022/9/19
China,12.807789,Power,2022/9/19
China,1.18494,Residential,2022/9/19
China,32.668011,Total,2022/9/19
China,0.103503,Domestic Aviation,2022/9/20
China,2.916527,Ground Transport,2022/9/20
China,15.657631,Industry,2022/9/20
China,0.049172,International Aviation,2022/9/20
China,12.82257,Power,2022/9/20
China,1.186206,Residential,2022/9/20
China,32.686436,Total,2022/9/20
China,0.107032,Domestic Aviation,2022/9/21
China,2.900682,Ground Transport,2022/9/21
China,15.278599,Industry,2022/9/21
China,0.049325,International Aviation,2022/9/21
China,12.512168,Power,2022/9/21
China,1.09582,Residential,2022/9/21
China,31.894301,Total,2022/9/21
China,0.110332,Domestic Aviation,2022/9/22
China,2.897498,Ground Transport,2022/9/22
China,15.04396,Industry,2022/9/22
China,0.052132,International Aviation,2022/9/22
China,12.320014,Power,2022/9/22
China,1.146925,Residential,2022/9/22
China,31.51873,Total,2022/9/22
China,0.127085,Domestic Aviation,2022/9/23
China,2.831644,Ground Transport,2022/9/23
China,14.986805,Industry,2022/9/23
China,0.04673,International Aviation,2022/9/23
China,12.273207,Power,2022/9/23
China,1.230327,Residential,2022/9/23
China,31.449068,Total,2022/9/23
China,0.117702,Domestic Aviation,2022/9/24
China,2.815214,Ground Transport,2022/9/24
China,15.016887,Industry,2022/9/24
China,0.048587,International Aviation,2022/9/24
China,12.297842,Power,2022/9/24
China,1.171948,Residential,2022/9/24
China,31.419592,Total,2022/9/24
China,0.131066,Domestic Aviation,2022/9/25
China,2.870769,Ground Transport,2022/9/25
China,15.004854,Industry,2022/9/25
China,0.047979,International Aviation,2022/9/25
China,12.287988,Power,2022/9/25
China,1.10464,Residential,2022/9/25
China,31.399317,Total,2022/9/25
China,0.124385,Domestic Aviation,2022/9/26
China,2.961405,Ground Transport,2022/9/26
China,15.368845,Industry,2022/9/26
China,0.04148,International Aviation,2022/9/26
China,12.586073,Power,2022/9/26
China,1.10206,Residential,2022/9/26
China,32.142768,Total,2022/9/26
China,0.131496,Domestic Aviation,2022/9/27
China,2.916527,Ground Transport,2022/9/27
China,15.516246,Industry,2022/9/27
China,0.045156,International Aviation,2022/9/27
China,12.706785,Power,2022/9/27
China,1.08529,Residential,2022/9/27
China,32.356344,Total,2022/9/27
China,0.144754,Domestic Aviation,2022/9/28
China,2.900682,Ground Transport,2022/9/28
China,15.459091,Industry,2022/9/28
China,0.05283,International Aviation,2022/9/28
China,12.659978,Power,2022/9/28
China,1.09521,Residential,2022/9/28
China,32.259716,Total,2022/9/28
China,0.147724,Domestic Aviation,2022/9/29
China,2.897498,Ground Transport,2022/9/29
China,15.323722,Industry,2022/9/29
China,0.049175,International Aviation,2022/9/29
China,12.54912,Power,2022/9/29
China,1.075804,Residential,2022/9/29
China,31.993869,Total,2022/9/29
China,0.164507,Domestic Aviation,2022/9/30
China,2.831644,Ground Transport,2022/9/30
China,15.209411,Industry,2022/9/30
China,0.05099,International Aviation,2022/9/30
China,12.455507,Power,2022/9/30
China,1.094114,Residential,2022/9/30
China,31.755183,Total,2022/9/30
China,0.137304,Domestic Aviation,2022/10/1
China,3.005342,Ground Transport,2022/10/1
China,14.695584,Industry,2022/10/1
China,0.048623,International Aviation,2022/10/1
China,11.060344,Power,2022/10/1
China,1.08314,Residential,2022/10/1
China,29.981714,Total,2022/10/1
China,0.104223,Domestic Aviation,2022/10/2
China,3.004848,Ground Transport,2022/10/2
China,14.82002,Industry,2022/10/2
China,0.045524,International Aviation,2022/10/2
China,11.153998,Power,2022/10/2
China,1.082545,Residential,2022/10/2
China,30.165633,Total,2022/10/2
China,0.086862,Domestic Aviation,2022/10/3
China,2.999016,Ground Transport,2022/10/3
China,14.895895,Industry,2022/10/3
China,0.034812,International Aviation,2022/10/3
China,11.211104,Power,2022/10/3
China,1.319313,Residential,2022/10/3
China,30.51219,Total,2022/10/3
China,0.088699,Domestic Aviation,2022/10/4
China,3.024163,Ground Transport,2022/10/4
China,14.640953,Industry,2022/10/4
China,0.040531,International Aviation,2022/10/4
China,11.019227,Power,2022/10/4
China,1.594118,Residential,2022/10/4
China,30.367161,Total,2022/10/4
China,0.113786,Domestic Aviation,2022/10/5
China,3.024633,Ground Transport,2022/10/5
China,14.823055,Industry,2022/10/5
China,0.037261,International Aviation,2022/10/5
China,11.156282,Power,2022/10/5
China,1.656702,Residential,2022/10/5
China,30.774458,Total,2022/10/5
China,0.121884,Domestic Aviation,2022/10/6
China,2.956754,Ground Transport,2022/10/6
China,15.314729,Industry,2022/10/6
China,0.036802,International Aviation,2022/10/6
China,11.526331,Power,2022/10/6
China,1.68947,Residential,2022/10/6
China,31.609168,Total,2022/10/6
China,0.131539,Domestic Aviation,2022/10/7
China,2.822206,Ground Transport,2022/10/7
China,15.226713,Industry,2022/10/7
China,0.036032,International Aviation,2022/10/7
China,11.460088,Power,2022/10/7
China,1.541189,Residential,2022/10/7
China,31.181734,Total,2022/10/7
China,0.110051,Domestic Aviation,2022/10/8
China,3.012547,Ground Transport,2022/10/8
China,14.89286,Industry,2022/10/8
China,0.036014,International Aviation,2022/10/8
China,11.20882,Power,2022/10/8
China,1.449508,Residential,2022/10/8
China,30.673786,Total,2022/10/8
China,0.09955,Domestic Aviation,2022/10/9
China,3.004848,Ground Transport,2022/10/9
China,14.346556,Industry,2022/10/9
China,0.038897,International Aviation,2022/10/9
China,10.797655,Power,2022/10/9
China,1.69081,Residential,2022/10/9
China,29.939419,Total,2022/10/9
China,0.089854,Domestic Aviation,2022/10/10
China,3.028052,Ground Transport,2022/10/10
China,14.003599,Industry,2022/10/10
China,0.035775,International Aviation,2022/10/10
China,10.539534,Power,2022/10/10
China,1.717627,Residential,2022/10/10
China,29.378666,Total,2022/10/10
China,0.079896,Domestic Aviation,2022/10/11
China,3.020158,Ground Transport,2022/10/11
China,14.640953,Industry,2022/10/11
China,0.045856,International Aviation,2022/10/11
China,11.019227,Power,2022/10/11
China,1.540129,Residential,2022/10/11
China,30.300364,Total,2022/10/11
China,0.07783,Domestic Aviation,2022/10/12
China,2.944031,Ground Transport,2022/10/12
China,14.774495,Industry,2022/10/12
China,0.048018,International Aviation,2022/10/12
China,11.119734,Power,2022/10/12
China,1.382918,Residential,2022/10/12
China,30.299007,Total,2022/10/12
China,0.074922,Domestic Aviation,2022/10/13
China,2.915465,Ground Transport,2022/10/13
China,15.090137,Industry,2022/10/13
China,0.048893,International Aviation,2022/10/13
China,11.357296,Power,2022/10/13
China,1.31666,Residential,2022/10/13
China,30.75448,Total,2022/10/13
China,0.079926,Domestic Aviation,2022/10/14
China,2.770905,Ground Transport,2022/10/14
China,15.114417,Industry,2022/10/14
China,0.050699,International Aviation,2022/10/14
China,11.37557,Power,2022/10/14
China,1.268422,Residential,2022/10/14
China,30.609241,Total,2022/10/14
China,0.068604,Domestic Aviation,2022/10/15
China,2.835168,Ground Transport,2022/10/15
China,14.977841,Industry,2022/10/15
China,0.048168,International Aviation,2022/10/15
China,11.272779,Power,2022/10/15
China,1.217308,Residential,2022/10/15
China,30.3717,Total,2022/10/15
China,0.073459,Domestic Aviation,2022/10/16
China,2.995697,Ground Transport,2022/10/16
China,14.373871,Industry,2022/10/16
China,0.050065,International Aviation,2022/10/16
China,10.818213,Power,2022/10/16
China,1.37138,Residential,2022/10/16
China,29.63262,Total,2022/10/16
China,0.067795,Domestic Aviation,2022/10/17
China,2.99791,Ground Transport,2022/10/17
China,14.015739,Industry,2022/10/17
China,0.042387,International Aviation,2022/10/17
China,10.548671,Power,2022/10/17
China,1.593152,Residential,2022/10/17
China,29.223266,Total,2022/10/17
China,0.061494,Domestic Aviation,2022/10/18
China,3.024557,Ground Transport,2022/10/18
China,14.188735,Industry,2022/10/18
China,0.049171,International Aviation,2022/10/18
China,10.678874,Power,2022/10/18
China,1.609163,Residential,2022/10/18
China,29.562823,Total,2022/10/18
China,0.059453,Domestic Aviation,2022/10/19
China,3.079251,Ground Transport,2022/10/19
China,14.106789,Industry,2022/10/19
China,0.051255,International Aviation,2022/10/19
China,10.617199,Power,2022/10/19
China,1.395464,Residential,2022/10/19
China,29.258155,Total,2022/10/19
China,0.067893,Domestic Aviation,2022/10/20
China,3.049249,Ground Transport,2022/10/20
China,14.030914,Industry,2022/10/20
China,0.05225,International Aviation,2022/10/20
China,10.560093,Power,2022/10/20
China,1.289271,Residential,2022/10/20
China,28.997419,Total,2022/10/20
China,0.076148,Domestic Aviation,2022/10/21
China,3.157766,Ground Transport,2022/10/21
China,14.237295,Industry,2022/10/21
China,0.052608,International Aviation,2022/10/21
China,10.715422,Power,2022/10/21
China,1.271938,Residential,2022/10/21
China,29.458569,Total,2022/10/21
China,0.064266,Domestic Aviation,2022/10/22
China,3.142924,Ground Transport,2022/10/22
China,14.386012,Industry,2022/10/22
China,0.049771,International Aviation,2022/10/22
China,10.82735,Power,2022/10/22
China,1.335379,Residential,2022/10/22
China,29.755931,Total,2022/10/22
China,0.076659,Domestic Aviation,2022/10/23
China,3.109651,Ground Transport,2022/10/23
China,14.213015,Industry,2022/10/23
China,0.050894,International Aviation,2022/10/23
China,10.697148,Power,2022/10/23
China,1.408474,Residential,2022/10/23
China,29.504947,Total,2022/10/23
China,0.074883,Domestic Aviation,2022/10/24
China,3.121172,Ground Transport,2022/10/24
China,14.258541,Industry,2022/10/24
China,0.042366,International Aviation,2022/10/24
China,10.731412,Power,2022/10/24
China,1.375879,Residential,2022/10/24
China,29.561887,Total,2022/10/24
China,0.071391,Domestic Aviation,2022/10/25
China,3.124195,Ground Transport,2022/10/25
China,13.979318,Industry,2022/10/25
China,0.049643,International Aviation,2022/10/25
China,10.52126,Power,2022/10/25
China,1.284741,Residential,2022/10/25
China,28.980906,Total,2022/10/25
China,0.076965,Domestic Aviation,2022/10/26
China,3.101588,Ground Transport,2022/10/26
China,14.294961,Industry,2022/10/26
China,0.053438,International Aviation,2022/10/26
China,10.758823,Power,2022/10/26
China,1.437301,Residential,2022/10/26
China,29.669637,Total,2022/10/26
China,0.077937,Domestic Aviation,2022/10/27
China,3.080668,Ground Transport,2022/10/27
China,14.592393,Industry,2022/10/27
China,0.051695,International Aviation,2022/10/27
China,10.982679,Power,2022/10/27
China,1.551841,Residential,2022/10/27
China,30.285518,Total,2022/10/27
China,0.089518,Domestic Aviation,2022/10/28
China,3.086098,Ground Transport,2022/10/28
China,14.586323,Industry,2022/10/28
China,0.051995,International Aviation,2022/10/28
China,10.978111,Power,2022/10/28
China,1.577149,Residential,2022/10/28
China,30.317198,Total,2022/10/28
China,0.074459,Domestic Aviation,2022/10/29
China,3.060257,Ground Transport,2022/10/29
China,14.698619,Industry,2022/10/29
China,0.049044,International Aviation,2022/10/29
China,11.062628,Power,2022/10/29
China,1.550289,Residential,2022/10/29
China,30.446252,Total,2022/10/29
China,0.087346,Domestic Aviation,2022/10/30
China,3.090955,Ground Transport,2022/10/30
China,14.628813,Industry,2022/10/30
China,0.046272,International Aviation,2022/10/30
China,11.01009,Power,2022/10/30
China,1.472011,Residential,2022/10/30
China,30.289215,Total,2022/10/30
China,0.079431,Domestic Aviation,2022/10/31
China,3.078752,Ground Transport,2022/10/31
China,14.455817,Industry,2022/10/31
China,0.03969,International Aviation,2022/10/31
China,10.879888,Power,2022/10/31
China,1.515482,Residential,2022/10/31
China,30.00937,Total,2022/10/31
China,0.076888,Domestic Aviation,2022/11/1
China,2.957686,Ground Transport,2022/11/1
China,13.503241,Industry,2022/11/1
China,0.048344,International Aviation,2022/11/1
China,11.988504,Power,2022/11/1
China,1.581393,Residential,2022/11/1
China,30.107712,Total,2022/11/1
China,0.073688,Domestic Aviation,2022/11/2
China,2.950925,Ground Transport,2022/11/2
China,13.657891,Industry,2022/11/2
China,0.048807,International Aviation,2022/11/2
China,12.125806,Power,2022/11/2
China,1.593282,Residential,2022/11/2
China,30.401592,Total,2022/11/2
China,0.076358,Domestic Aviation,2022/11/3
China,2.956543,Ground Transport,2022/11/3
China,13.766719,Industry,2022/11/3
China,0.049358,International Aviation,2022/11/3
China,12.222426,Power,2022/11/3
China,1.755804,Residential,2022/11/3
China,30.77785,Total,2022/11/3
China,0.088322,Domestic Aviation,2022/11/4
China,2.972482,Ground Transport,2022/11/4
China,13.801086,Industry,2022/11/4
China,0.048705,International Aviation,2022/11/4
China,12.252937,Power,2022/11/4
China,1.864065,Residential,2022/11/4
China,30.978893,Total,2022/11/4
China,0.074963,Domestic Aviation,2022/11/5
China,2.973998,Ground Transport,2022/11/5
China,13.772447,Industry,2022/11/5
China,0.050764,International Aviation,2022/11/5
China,12.227511,Power,2022/11/5
China,1.77802,Residential,2022/11/5
China,30.826938,Total,2022/11/5
China,0.084002,Domestic Aviation,2022/11/6
China,2.898782,Ground Transport,2022/11/6
China,13.746672,Industry,2022/11/6
China,0.048467,International Aviation,2022/11/6
China,12.204627,Power,2022/11/6
China,1.651228,Residential,2022/11/6
China,30.58531,Total,2022/11/6
China,0.081183,Domestic Aviation,2022/11/7
China,2.954641,Ground Transport,2022/11/7
China,14.081747,Industry,2022/11/7
China,0.043326,International Aviation,2022/11/7
China,12.502115,Power,2022/11/7
China,1.635974,Residential,2022/11/7
China,31.255661,Total,2022/11/7
China,0.076045,Domestic Aviation,2022/11/8
China,2.960365,Ground Transport,2022/11/8
China,14.107522,Industry,2022/11/8
China,0.046669,International Aviation,2022/11/8
China,12.524999,Power,2022/11/8
China,1.549798,Residential,2022/11/8
China,31.218728,Total,2022/11/8
China,0.076668,Domestic Aviation,2022/11/9
China,3.012969,Ground Transport,2022/11/9
China,14.167663,Industry,2022/11/9
China,0.051163,International Aviation,2022/11/9
China,12.578394,Power,2022/11/9
China,1.473702,Residential,2022/11/9
China,31.309397,Total,2022/11/9
China,0.076938,Domestic Aviation,2022/11/10
China,2.996717,Ground Transport,2022/11/10
China,14.339497,Industry,2022/11/10
China,0.050295,International Aviation,2022/11/10
China,12.730952,Power,2022/11/10
China,1.428757,Residential,2022/11/10
China,31.57286,Total,2022/11/10
China,0.08446,Domestic Aviation,2022/11/11
China,2.953949,Ground Transport,2022/11/11
China,14.608702,Industry,2022/11/11
China,0.049678,International Aviation,2022/11/11
China,12.969959,Power,2022/11/11
China,1.450497,Residential,2022/11/11
China,32.067567,Total,2022/11/11
China,0.069897,Domestic Aviation,2022/11/12
China,2.946704,Ground Transport,2022/11/12
China,14.402502,Industry,2022/11/12
China,0.047782,International Aviation,2022/11/12
China,12.78689,Power,2022/11/12
China,1.829695,Residential,2022/11/12
China,32.035688,Total,2022/11/12
China,0.079098,Domestic Aviation,2022/11/13
China,3.009526,Ground Transport,2022/11/13
China,14.373863,Industry,2022/11/13
China,0.049949,International Aviation,2022/11/13
China,12.761464,Power,2022/11/13
China,2.151236,Residential,2022/11/13
China,32.375187,Total,2022/11/13
China,0.074817,Domestic Aviation,2022/11/14
China,3.000356,Ground Transport,2022/11/14
China,14.61443,Industry,2022/11/14
China,0.043906,International Aviation,2022/11/14
China,12.975045,Power,2022/11/14
China,2.117878,Residential,2022/11/14
China,32.782526,Total,2022/11/14
China,0.074196,Domestic Aviation,2022/11/15
China,2.996604,Ground Transport,2022/11/15
China,14.71753,Industry,2022/11/15
China,0.04403,International Aviation,2022/11/15
China,13.066579,Power,2022/11/15
China,1.79735,Residential,2022/11/15
China,32.652259,Total,2022/11/15
China,0.079523,Domestic Aviation,2022/11/16
China,2.983429,Ground Transport,2022/11/16
China,14.843541,Industry,2022/11/16
China,0.049673,International Aviation,2022/11/16
China,13.178455,Power,2022/11/16
China,1.916763,Residential,2022/11/16
China,33.001712,Total,2022/11/16
China,0.076608,Domestic Aviation,2022/11/17
China,2.960044,Ground Transport,2022/11/17
China,14.726122,Industry,2022/11/17
China,0.049976,International Aviation,2022/11/17
China,13.074207,Power,2022/11/17
China,1.773881,Residential,2022/11/17
China,32.610862,Total,2022/11/17
China,0.088595,Domestic Aviation,2022/11/18
China,2.989093,Ground Transport,2022/11/18
China,14.634477,Industry,2022/11/18
China,0.051074,International Aviation,2022/11/18
China,12.992843,Power,2022/11/18
China,1.76496,Residential,2022/11/18
China,32.469968,Total,2022/11/18
China,0.073177,Domestic Aviation,2022/11/19
China,2.9829,Ground Transport,2022/11/19
China,14.711803,Industry,2022/11/19
China,0.047475,International Aviation,2022/11/19
China,13.061494,Power,2022/11/19
China,1.770811,Residential,2022/11/19
China,32.600185,Total,2022/11/19
China,0.082552,Domestic Aviation,2022/11/20
China,2.965335,Ground Transport,2022/11/20
China,14.623022,Industry,2022/11/20
China,0.049489,International Aviation,2022/11/20
China,12.982672,Power,2022/11/20
China,1.740411,Residential,2022/11/20
China,32.393992,Total,2022/11/20
China,0.07935,Domestic Aviation,2022/11/21
China,2.960749,Ground Transport,2022/11/21
China,14.580064,Industry,2022/11/21
China,0.043328,International Aviation,2022/11/21
China,12.944533,Power,2022/11/21
China,1.808921,Residential,2022/11/21
China,32.373616,Total,2022/11/21
China,0.071723,Domestic Aviation,2022/11/22
China,2.948346,Ground Transport,2022/11/22
China,14.800583,Industry,2022/11/22
China,0.047227,International Aviation,2022/11/22
China,13.140316,Power,2022/11/22
China,1.914851,Residential,2022/11/22
China,32.875819,Total,2022/11/22
China,0.073817,Domestic Aviation,2022/11/23
China,2.920144,Ground Transport,2022/11/23
China,14.797719,Industry,2022/11/23
China,0.049326,International Aviation,2022/11/23
China,13.137773,Power,2022/11/23
China,1.890117,Residential,2022/11/23
China,32.81957,Total,2022/11/23
China,0.068525,Domestic Aviation,2022/11/24
China,2.924974,Ground Transport,2022/11/24
China,14.6803,Industry,2022/11/24
China,0.049506,International Aviation,2022/11/24
China,13.033525,Power,2022/11/24
China,1.769694,Residential,2022/11/24
China,32.477017,Total,2022/11/24
China,0.074969,Domestic Aviation,2022/11/25
China,2.66548,Ground Transport,2022/11/25
China,14.648797,Industry,2022/11/25
China,0.049323,International Aviation,2022/11/25
China,13.005556,Power,2022/11/25
China,1.821721,Residential,2022/11/25
China,32.216523,Total,2022/11/25
China,0.059788,Domestic Aviation,2022/11/26
China,2.682425,Ground Transport,2022/11/26
China,14.585791,Industry,2022/11/26
China,0.049498,International Aviation,2022/11/26
China,12.949618,Power,2022/11/26
China,1.958772,Residential,2022/11/26
China,32.236395,Total,2022/11/26
China,0.06149,Domestic Aviation,2022/11/27
China,2.723916,Ground Transport,2022/11/27
China,14.554289,Industry,2022/11/27
China,0.050504,International Aviation,2022/11/27
China,12.921649,Power,2022/11/27
China,1.869033,Residential,2022/11/27
China,32.130377,Total,2022/11/27
China,0.051564,Domestic Aviation,2022/11/28
China,2.697149,Ground Transport,2022/11/28
China,14.723258,Industry,2022/11/28
China,0.042197,International Aviation,2022/11/28
China,13.071665,Power,2022/11/28
China,2.065031,Residential,2022/11/28
China,32.608667,Total,2022/11/28
China,0.049604,Domestic Aviation,2022/11/29
China,2.70623,Ground Transport,2022/11/29
China,14.875044,Industry,2022/11/29
China,0.046765,International Aviation,2022/11/29
China,13.206424,Power,2022/11/29
China,2.83811,Residential,2022/11/29
China,33.675412,Total,2022/11/29
China,0.05302,Domestic Aviation,2022/11/30
China,2.705367,Ground Transport,2022/11/30
China,15.069789,Industry,2022/11/30
China,0.051698,International Aviation,2022/11/30
China,13.379323,Power,2022/11/30
China,3.249198,Residential,2022/11/30
China,34.456696,Total,2022/11/30
China,0.053591,Domestic Aviation,2022/12/1
China,2.752684,Ground Transport,2022/12/1
China,13.55966,Industry,2022/12/1
China,0.051582,International Aviation,2022/12/1
China,14.317829,Power,2022/12/1
China,3.207616,Residential,2022/12/1
China,33.89138,Total,2022/12/1
China,0.062738,Domestic Aviation,2022/12/2
China,2.623823,Ground Transport,2022/12/2
China,13.562124,Industry,2022/12/2
China,0.052163,International Aviation,2022/12/2
China,14.320432,Power,2022/12/2
China,2.9049,Residential,2022/12/2
China,33.474017,Total,2022/12/2
China,0.057431,Domestic Aviation,2022/12/3
China,2.564062,Ground Transport,2022/12/3
China,13.482964,Industry,2022/12/3
China,0.050886,International Aviation,2022/12/3
China,14.236846,Power,2022/12/3
China,2.781508,Residential,2022/12/3
China,33.122811,Total,2022/12/3
China,0.064697,Domestic Aviation,2022/12/4
China,2.91486,Ground Transport,2022/12/4
China,13.553782,Industry,2022/12/4
China,0.048358,International Aviation,2022/12/4
China,14.311623,Power,2022/12/4
China,2.852533,Residential,2022/12/4
China,33.697494,Total,2022/12/4
China,0.068165,Domestic Aviation,2022/12/5
China,2.869159,Ground Transport,2022/12/5
China,13.69223,Industry,2022/12/5
China,0.046222,International Aviation,2022/12/5
China,14.457812,Power,2022/12/5
China,2.846268,Residential,2022/12/5
China,33.933633,Total,2022/12/5
China,0.070613,Domestic Aviation,2022/12/6
China,3.027775,Ground Transport,2022/12/6
China,13.769142,Industry,2022/12/6
China,0.048022,International Aviation,2022/12/6
China,14.539025,Power,2022/12/6
China,2.705119,Residential,2022/12/6
China,34.111674,Total,2022/12/6
China,0.075289,Domestic Aviation,2022/12/7
China,2.907882,Ground Transport,2022/12/7
China,13.840612,Industry,2022/12/7
China,0.054261,International Aviation,2022/12/7
China,14.614491,Power,2022/12/7
China,2.534782,Residential,2022/12/7
China,33.973056,Total,2022/12/7
China,0.084611,Domestic Aviation,2022/12/8
China,2.84927,Ground Transport,2022/12/8
China,14.005734,Industry,2022/12/8
China,0.049784,International Aviation,2022/12/8
China,14.788845,Power,2022/12/8
China,2.454074,Residential,2022/12/8
China,34.182533,Total,2022/12/8
China,0.104315,Domestic Aviation,2022/12/9
China,2.780002,Ground Transport,2022/12/9
China,14.099385,Industry,2022/12/9
China,0.050399,International Aviation,2022/12/9
China,14.887732,Power,2022/12/9
China,2.442776,Residential,2022/12/9
China,34.31421,Total,2022/12/9
China,0.105489,Domestic Aviation,2022/12/10
China,2.762693,Ground Transport,2022/12/10
China,14.082133,Industry,2022/12/10
China,0.050243,International Aviation,2022/12/10
China,14.869516,Power,2022/12/10
China,2.627142,Residential,2022/12/10
China,34.446973,Total,2022/12/10
China,0.123932,Domestic Aviation,2022/12/11
China,2.822269,Ground Transport,2022/12/11
China,13.94905,Industry,2022/12/11
China,0.047752,International Aviation,2022/12/11
China,14.728992,Power,2022/12/11
China,2.719829,Residential,2022/12/11
China,34.344073,Total,2022/12/11
China,0.130794,Domestic Aviation,2022/12/12
China,2.819609,Ground Transport,2022/12/12
China,14.1191,Industry,2022/12/12
China,0.042485,International Aviation,2022/12/12
China,14.908551,Power,2022/12/12
China,2.743462,Residential,2022/12/12
China,34.721516,Total,2022/12/12
China,0.123211,Domestic Aviation,2022/12/13
China,2.80191,Ground Transport,2022/12/13
China,14.010663,Industry,2022/12/13
China,0.048619,International Aviation,2022/12/13
China,14.79405,Power,2022/12/13
China,2.904614,Residential,2022/12/13
China,34.634447,Total,2022/12/13
China,0.129268,Domestic Aviation,2022/12/14
China,2.753938,Ground Transport,2022/12/14
China,14.101849,Industry,2022/12/14
China,0.05169,International Aviation,2022/12/14
China,14.890334,Power,2022/12/14
China,2.915487,Residential,2022/12/14
China,34.790877,Total,2022/12/14
China,0.131776,Domestic Aviation,2022/12/15
China,2.717978,Ground Transport,2022/12/15
China,14.183177,Industry,2022/12/15
China,0.047901,International Aviation,2022/12/15
China,14.97621,Power,2022/12/15
China,2.831143,Residential,2022/12/15
China,34.840285,Total,2022/12/15
China,0.139034,Domestic Aviation,2022/12/16
China,2.451728,Ground Transport,2022/12/16
China,14.163461,Industry,2022/12/16
China,0.048764,International Aviation,2022/12/16
China,14.955392,Power,2022/12/16
China,3.069623,Residential,2022/12/16
China,34.779238,Total,2022/12/16
China,0.11724,Domestic Aviation,2022/12/17
China,2.453803,Ground Transport,2022/12/17
China,13.993411,Industry,2022/12/17
China,0.049438,International Aviation,2022/12/17
China,14.775833,Power,2022/12/17
China,3.371359,Residential,2022/12/17
China,34.711648,Total,2022/12/17
China,0.118262,Domestic Aviation,2022/12/18
China,2.570895,Ground Transport,2022/12/18
China,14.010663,Industry,2022/12/18
China,0.045505,International Aviation,2022/12/18
China,14.79405,Power,2022/12/18
China,3.246434,Residential,2022/12/18
China,34.740303,Total,2022/12/18
China,0.10431,Domestic Aviation,2022/12/19
China,2.590752,Ground Transport,2022/12/19
China,14.193035,Industry,2022/12/19
China,0.043326,International Aviation,2022/12/19
China,14.986619,Power,2022/12/19
China,2.970668,Residential,2022/12/19
China,34.845385,Total,2022/12/19
China,0.098752,Domestic Aviation,2022/12/20
China,2.673479,Ground Transport,2022/12/20
China,14.126494,Industry,2022/12/20
China,0.046292,International Aviation,2022/12/20
China,14.916357,Power,2022/12/20
China,2.753847,Residential,2022/12/20
China,34.568929,Total,2022/12/20
China,0.089599,Domestic Aviation,2022/12/21
China,2.817674,Ground Transport,2022/12/21
China,14.010663,Industry,2022/12/21
China,0.05154,International Aviation,2022/12/21
China,14.79405,Power,2022/12/21
China,2.828928,Residential,2022/12/21
China,34.540913,Total,2022/12/21
China,0.091096,Domestic Aviation,2022/12/22
China,2.891966,Ground Transport,2022/12/22
China,13.875115,Industry,2022/12/22
China,0.044524,International Aviation,2022/12/22
China,14.650923,Power,2022/12/22
China,3.067773,Residential,2022/12/22
China,34.576874,Total,2022/12/22
China,0.100505,Domestic Aviation,2022/12/23
China,2.480935,Ground Transport,2022/12/23
China,13.966302,Industry,2022/12/23
China,0.045472,International Aviation,2022/12/23
China,14.747208,Power,2022/12/23
China,3.007491,Residential,2022/12/23
China,34.302442,Total,2022/12/23
China,0.092572,Domestic Aviation,2022/12/24
China,2.415987,Ground Transport,2022/12/24
China,13.892367,Industry,2022/12/24
China,0.042599,International Aviation,2022/12/24
China,14.669139,Power,2022/12/24
China,2.967281,Residential,2022/12/24
China,34.037346,Total,2022/12/24
China,0.105353,Domestic Aviation,2022/12/25
China,2.657469,Ground Transport,2022/12/25
China,14.02545,Industry,2022/12/25
China,0.035851,International Aviation,2022/12/25
China,14.809663,Power,2022/12/25
China,2.972398,Residential,2022/12/25
China,34.570333,Total,2022/12/25
China,0.116403,Domestic Aviation,2022/12/26
China,2.731481,Ground Transport,2022/12/26
China,14.197964,Industry,2022/12/26
China,0.036685,International Aviation,2022/12/26
China,14.991824,Power,2022/12/26
China,2.993047,Residential,2022/12/26
China,35.030719,Total,2022/12/26
China,0.114119,Domestic Aviation,2022/12/27
China,2.712611,Ground Transport,2022/12/27
China,14.237396,Industry,2022/12/27
China,0.037052,International Aviation,2022/12/27
China,15.033461,Power,2022/12/27
China,3.037888,Residential,2022/12/27
China,35.135475,Total,2022/12/27
China,0.121743,Domestic Aviation,2022/12/28
China,2.709533,Ground Transport,2022/12/28
China,14.377873,Industry,2022/12/28
China,0.042874,International Aviation,2022/12/28
China,15.181792,Power,2022/12/28
China,3.104342,Residential,2022/12/28
China,35.495282,Total,2022/12/28
China,0.125171,Domestic Aviation,2022/12/29
China,2.748181,Ground Transport,2022/12/29
China,14.582426,Industry,2022/12/29
China,0.042742,International Aviation,2022/12/29
China,15.397782,Power,2022/12/29
China,3.131606,Residential,2022/12/29
China,35.985165,Total,2022/12/29
China,0.14719,Domestic Aviation,2022/12/30
China,2.66346,Ground Transport,2022/12/30
China,14.533136,Industry,2022/12/30
China,0.044352,International Aviation,2022/12/30
China,15.345736,Power,2022/12/30
China,3.030205,Residential,2022/12/30
China,35.719728,Total,2022/12/30
China,0.129989,Domestic Aviation,2022/12/31
China,2.632328,Ground Transport,2022/12/31
China,14.141281,Industry,2022/12/31
China,0.042404,International Aviation,2022/12/31
China,14.931971,Power,2022/12/31
China,2.877314,Residential,2022/12/31
China,34.712884,Total,2022/12/31
China,0.106123,Domestic Aviation,2023/1/1
China,2.452028,Ground Transport,2023/1/1
China,16.366238,Industry,2023/1/1
China,0.039542,International Aviation,2023/1/1
China,15.469931,Power,2023/1/1
China,2.799068,Residential,2023/1/1
China,37.193387,Total,2023/1/1
China,0.151254,Domestic Aviation,2023/1/2
China,2.696691,Ground Transport,2023/1/2
China,16.394691,Industry,2023/1/2
China,0.036818,International Aviation,2023/1/2
China,15.496826,Power,2023/1/2
China,2.899898,Residential,2023/1/2
China,37.63936,Total,2023/1/2
China,0.145432,Domestic Aviation,2023/1/3
China,2.822938,Ground Transport,2023/1/3
China,16.605244,Industry,2023/1/3
China,0.03646,International Aviation,2023/1/3
China,15.695848,Power,2023/1/3
China,2.877269,Residential,2023/1/3
China,38.146731,Total,2023/1/3
China,0.147103,Domestic Aviation,2023/1/4
China,2.836773,Ground Transport,2023/1/4
China,16.699139,Industry,2023/1/4
China,0.045925,International Aviation,2023/1/4
China,15.784601,Power,2023/1/4
China,2.74498,Residential,2023/1/4
China,38.212596,Total,2023/1/4
China,0.154644,Domestic Aviation,2023/1/5
China,2.878031,Ground Transport,2023/1/5
China,16.440216,Industry,2023/1/5
China,0.046841,International Aviation,2023/1/5
China,15.539857,Power,2023/1/5
China,2.586565,Residential,2023/1/5
China,37.599314,Total,2023/1/5
China,0.166407,Domestic Aviation,2023/1/6
China,2.820703,Ground Transport,2023/1/6
China,16.186983,Industry,2023/1/6
China,0.048584,International Aviation,2023/1/6
China,15.300493,Power,2023/1/6
China,2.513763,Residential,2023/1/6
China,36.988349,Total,2023/1/6
China,0.173211,Domestic Aviation,2023/1/7
China,2.720414,Ground Transport,2023/1/7
China,16.061789,Industry,2023/1/7
China,0.049938,International Aviation,2023/1/7
China,15.182156,Power,2023/1/7
China,2.453662,Residential,2023/1/7
China,36.591231,Total,2023/1/7
China,0.185512,Domestic Aviation,2023/1/8
China,2.882039,Ground Transport,2023/1/8
China,15.56955,Industry,2023/1/8
China,0.046619,International Aviation,2023/1/8
China,14.716874,Power,2023/1/8
China,2.335401,Residential,2023/1/8
China,35.689376,Total,2023/1/8
China,0.189788,Domestic Aviation,2023/1/9
China,2.882272,Ground Transport,2023/1/9
China,15.455738,Industry,2023/1/9
China,0.044258,International Aviation,2023/1/9
China,14.609295,Power,2023/1/9
China,2.457885,Residential,2023/1/9
China,35.594977,Total,2023/1/9
China,0.196393,Domestic Aviation,2023/1/10
China,2.903469,Ground Transport,2023/1/10
China,15.265102,Industry,2023/1/10
China,0.043767,International Aviation,2023/1/10
China,14.429099,Power,2023/1/10
China,2.504629,Residential,2023/1/10
China,35.298692,Total,2023/1/10
China,0.199055,Domestic Aviation,2023/1/11
China,2.885152,Ground Transport,2023/1/11
China,14.960654,Industry,2023/1/11
China,0.054504,International Aviation,2023/1/11
China,14.141324,Power,2023/1/11
China,2.280457,Residential,2023/1/11
China,34.466643,Total,2023/1/11
China,0.205086,Domestic Aviation,2023/1/12
China,2.900499,Ground Transport,2023/1/12
China,14.607835,Industry,2023/1/12
China,0.050839,International Aviation,2023/1/12
China,13.807828,Power,2023/1/12
China,2.080902,Residential,2023/1/12
China,33.602148,Total,2023/1/12
China,0.217648,Domestic Aviation,2023/1/13
China,2.845626,Ground Transport,2023/1/13
China,14.28916,Industry,2023/1/13
China,0.052457,International Aviation,2023/1/13
China,13.506605,Power,2023/1/13
China,2.378831,Residential,2023/1/13
China,33.23787,Total,2023/1/13
China,0.221829,Domestic Aviation,2023/1/14
China,2.797815,Ground Transport,2023/1/14
China,14.104214,Industry,2023/1/14
China,0.050775,International Aviation,2023/1/14
China,13.331788,Power,2023/1/14
China,3.117882,Residential,2023/1/14
China,33.573529,Total,2023/1/14
China,0.225261,Domestic Aviation,2023/1/15
China,2.881126,Ground Transport,2023/1/15
China,14.215182,Industry,2023/1/15
China,0.049938,International Aviation,2023/1/15
China,13.436678,Power,2023/1/15
China,3.480781,Residential,2023/1/15
China,34.239027,Total,2023/1/15
China,0.226982,Domestic Aviation,2023/1/16
China,2.842235,Ground Transport,2023/1/16
China,14.269243,Industry,2023/1/16
China,0.043509,International Aviation,2023/1/16
China,13.487779,Power,2023/1/16
China,3.353761,Residential,2023/1/16
China,34.18,Total,2023/1/16
China,0.229979,Domestic Aviation,2023/1/17
China,2.82505,Ground Transport,2023/1/17
China,14.252171,Industry,2023/1/17
China,0.045409,International Aviation,2023/1/17
China,13.471642,Power,2023/1/17
China,3.226484,Residential,2023/1/17
China,34.005325,Total,2023/1/17
China,0.23353,Domestic Aviation,2023/1/18
China,2.811796,Ground Transport,2023/1/18
China,13.600594,Industry,2023/1/18
China,0.055215,International Aviation,2023/1/18
China,12.855749,Power,2023/1/18
China,3.006038,Residential,2023/1/18
China,32.507707,Total,2023/1/18
China,0.231938,Domestic Aviation,2023/1/19
China,2.748182,Ground Transport,2023/1/19
China,13.19656,Industry,2023/1/19
China,0.052865,International Aviation,2023/1/19
China,12.473842,Power,2023/1/19
China,2.845857,Residential,2023/1/19
China,31.496378,Total,2023/1/19
China,0.224956,Domestic Aviation,2023/1/20
China,2.408606,Ground Transport,2023/1/20
China,12.815288,Industry,2023/1/20
China,0.051253,International Aviation,2023/1/20
China,12.113451,Power,2023/1/20
China,3.024343,Residential,2023/1/20
China,30.586644,Total,2023/1/20
China,0.141061,Domestic Aviation,2023/1/21
China,2.514862,Ground Transport,2023/1/21
China,12.399872,Industry,2023/1/21
China,0.046712,International Aviation,2023/1/21
China,11.720785,Power,2023/1/21
China,2.837147,Residential,2023/1/21
China,29.613728,Total,2023/1/21
China,0.15734,Domestic Aviation,2023/1/22
China,2.577183,Ground Transport,2023/1/22
China,12.397027,Industry,2023/1/22
China,0.040307,International Aviation,2023/1/22
China,11.718096,Power,2023/1/22
China,2.857854,Residential,2023/1/22
China,29.7075,Total,2023/1/22
China,0.190747,Domestic Aviation,2023/1/23
China,2.60692,Ground Transport,2023/1/23
China,12.095424,Industry,2023/1/23
China,0.037167,International Aviation,2023/1/23
China,11.43301,Power,2023/1/23
China,3.219781,Residential,2023/1/23
China,29.545882,Total,2023/1/23
China,0.203545,Domestic Aviation,2023/1/24
China,2.610476,Ground Transport,2023/1/24
China,12.010064,Industry,2023/1/24
China,0.032115,International Aviation,2023/1/24
China,11.352326,Power,2023/1/24
China,3.63053,Residential,2023/1/24
China,29.80694,Total,2023/1/24
China,0.221083,Domestic Aviation,2023/1/25
China,2.468954,Ground Transport,2023/1/25
China,12.391336,Industry,2023/1/25
China,0.036966,International Aviation,2023/1/25
China,11.712717,Power,2023/1/25
China,3.349768,Residential,2023/1/25
China,30.143859,Total,2023/1/25
China,0.234886,Domestic Aviation,2023/1/26
China,2.093215,Ground Transport,2023/1/26
China,12.869349,Industry,2023/1/26
China,0.033868,International Aviation,2023/1/26
China,12.164551,Power,2023/1/26
China,3.145689,Residential,2023/1/26
China,30.507689,Total,2023/1/26
China,0.241751,Domestic Aviation,2023/1/27
China,2.020191,Ground Transport,2023/1/27
China,13.116891,Industry,2023/1/27
China,0.035582,International Aviation,2023/1/27
China,12.398536,Power,2023/1/27
China,3.263866,Residential,2023/1/27
China,31.041236,Total,2023/1/27
China,0.236616,Domestic Aviation,2023/1/28
China,2.477149,Ground Transport,2023/1/28
China,13.572141,Industry,2023/1/28
China,0.032533,International Aviation,2023/1/28
China,12.828854,Power,2023/1/28
China,3.109181,Residential,2023/1/28
China,32.223942,Total,2023/1/28
China,0.235217,Domestic Aviation,2023/1/29
China,2.606416,Ground Transport,2023/1/29
China,13.725788,Industry,2023/1/29
China,0.03327,International Aviation,2023/1/29
China,12.974087,Power,2023/1/29
China,2.879149,Residential,2023/1/29
China,32.420656,Total,2023/1/29
China,0.23251,Domestic Aviation,2023/1/30
China,2.761278,Ground Transport,2023/1/30
China,13.88228,Industry,2023/1/30
China,0.032423,International Aviation,2023/1/30
China,13.122008,Power,2023/1/30
China,2.625848,Residential,2023/1/30
China,32.623925,Total,2023/1/30
China,0.228286,Domestic Aviation,2023/1/31
China,2.804837,Ground Transport,2023/1/31
China,14.027391,Industry,2023/1/31
China,0.034795,International Aviation,2023/1/31
China,13.259172,Power,2023/1/31
China,2.294118,Residential,2023/1/31
China,32.613804,Total,2023/1/31
China,0.235399,Domestic Aviation,2023/2/1
China,2.888659,Ground Transport,2023/2/1
China,9.512754,Industry,2023/2/1
China,0.043515,International Aviation,2023/2/1
China,11.843519,Power,2023/2/1
China,2.616476,Residential,2023/2/1
China,27.096808,Total,2023/2/1
China,0.230066,Domestic Aviation,2023/2/2
China,2.913372,Ground Transport,2023/2/2
China,9.829334,Industry,2023/2/2
China,0.042653,International Aviation,2023/2/2
China,12.237666,Power,2023/2/2
China,2.875089,Residential,2023/2/2
China,28.085527,Total,2023/2/2
China,0.231779,Domestic Aviation,2023/2/3
China,2.886618,Ground Transport,2023/2/3
China,10.099867,Industry,2023/2/3
China,0.046487,International Aviation,2023/2/3
China,12.574483,Power,2023/2/3
China,2.843826,Residential,2023/2/3
China,28.636573,Total,2023/2/3
China,0.223934,Domestic Aviation,2023/2/4
China,2.860171,Ground Transport,2023/2/4
China,10.030795,Industry,2023/2/4
China,0.043592,International Aviation,2023/2/4
China,12.488487,Power,2023/2/4
China,2.707342,Residential,2023/2/4
China,28.310729,Total,2023/2/4
China,0.213901,Domestic Aviation,2023/2/5
China,2.883907,Ground Transport,2023/2/5
China,9.940617,Industry,2023/2/5
China,0.041647,International Aviation,2023/2/5
China,12.376215,Power,2023/2/5
China,2.58774,Residential,2023/2/5
China,28.00238,Total,2023/2/5
China,0.236673,Domestic Aviation,2023/2/6
China,2.974275,Ground Transport,2023/2/6
China,10.28214,Industry,2023/2/6
China,0.043834,International Aviation,2023/2/6
China,12.801416,Power,2023/2/6
China,2.526995,Residential,2023/2/6
China,28.821498,Total,2023/2/6
China,0.226324,Domestic Aviation,2023/2/7
China,2.988337,Ground Transport,2023/2/7
China,10.360805,Industry,2023/2/7
China,0.041726,International Aviation,2023/2/7
China,12.899355,Power,2023/2/7
China,2.535325,Residential,2023/2/7
China,29.010147,Total,2023/2/7
China,0.22888,Domestic Aviation,2023/2/8
China,3.000999,Ground Transport,2023/2/8
China,10.443308,Industry,2023/2/8
China,0.049653,International Aviation,2023/2/8
China,13.002072,Power,2023/2/8
China,2.601709,Residential,2023/2/8
China,29.276967,Total,2023/2/8
China,0.225075,Domestic Aviation,2023/2/9
China,3.01078,Ground Transport,2023/2/9
China,10.683142,Industry,2023/2/9
China,0.051023,International Aviation,2023/2/9
China,13.300668,Power,2023/2/9
China,2.618367,Residential,2023/2/9
China,29.838032,Total,2023/2/9
China,0.233492,Domestic Aviation,2023/2/10
China,2.989501,Ground Transport,2023/2/10
China,10.704247,Industry,2023/2/10
China,0.049571,International Aviation,2023/2/10
China,13.326945,Power,2023/2/10
China,2.553349,Residential,2023/2/10
China,29.807534,Total,2023/2/10
China,0.227221,Domestic Aviation,2023/2/11
China,2.966085,Ground Transport,2023/2/11
China,10.640931,Industry,2023/2/11
China,0.047881,International Aviation,2023/2/11
China,13.248116,Power,2023/2/11
China,2.422353,Residential,2023/2/11
China,29.504705,Total,2023/2/11
China,0.229247,Domestic Aviation,2023/2/12
China,2.996513,Ground Transport,2023/2/12
China,10.381911,Industry,2023/2/12
China,0.047204,International Aviation,2023/2/12
China,12.925632,Power,2023/2/12
China,2.562083,Residential,2023/2/12
China,29.095386,Total,2023/2/12
China,0.224072,Domestic Aviation,2023/2/13
China,3.005222,Ground Transport,2023/2/13
China,10.521973,Industry,2023/2/13
China,0.043608,International Aviation,2023/2/13
China,13.100012,Power,2023/2/13
China,2.827185,Residential,2023/2/13
China,29.678465,Total,2023/2/13
China,0.213302,Domestic Aviation,2023/2/14
China,3.021145,Ground Transport,2023/2/14
China,10.498949,Industry,2023/2/14
China,0.045427,International Aviation,2023/2/14
China,13.071347,Power,2023/2/14
China,2.951411,Residential,2023/2/14
China,29.756153,Total,2023/2/14
China,0.222389,Domestic Aviation,2023/2/15
China,3.024732,Ground Transport,2023/2/15
China,10.792506,Industry,2023/2/15
China,0.055648,International Aviation,2023/2/15
China,13.436828,Power,2023/2/15
China,2.896579,Residential,2023/2/15
China,30.373034,Total,2023/2/15
China,0.217101,Domestic Aviation,2023/2/16
China,3.019757,Ground Transport,2023/2/16
China,10.782912,Industry,2023/2/16
China,0.049728,International Aviation,2023/2/16
China,13.424884,Power,2023/2/16
China,2.604656,Residential,2023/2/16
China,30.049311,Total,2023/2/16
China,0.228258,Domestic Aviation,2023/2/17
China,2.986025,Ground Transport,2023/2/17
China,10.74262,Industry,2023/2/17
China,0.051348,International Aviation,2023/2/17
China,13.37472,Power,2023/2/17
China,2.334742,Residential,2023/2/17
China,29.666365,Total,2023/2/17
China,0.219102,Domestic Aviation,2023/2/18
China,2.993634,Ground Transport,2023/2/18
China,10.679304,Industry,2023/2/18
China,0.053196,International Aviation,2023/2/18
China,13.295891,Power,2023/2/18
China,2.327795,Residential,2023/2/18
China,29.515726,Total,2023/2/18
China,0.226109,Domestic Aviation,2023/2/19
China,3.000225,Ground Transport,2023/2/19
China,10.332025,Industry,2023/2/19
China,0.051857,International Aviation,2023/2/19
China,12.863524,Power,2023/2/19
China,2.48863,Residential,2023/2/19
China,28.910513,Total,2023/2/19
China,0.219091,Domestic Aviation,2023/2/20
China,2.991797,Ground Transport,2023/2/20
China,10.56994,Industry,2023/2/20
China,0.050014,International Aviation,2023/2/20
China,13.159731,Power,2023/2/20
China,2.504166,Residential,2023/2/20
China,29.444725,Total,2023/2/20
China,0.20999,Domestic Aviation,2023/2/21
China,2.986138,Ground Transport,2023/2/21
China,10.625582,Industry,2023/2/21
China,0.048204,International Aviation,2023/2/21
China,13.229005,Power,2023/2/21
China,2.646994,Residential,2023/2/21
China,29.697709,Total,2023/2/21
China,0.216961,Domestic Aviation,2023/2/22
China,2.97427,Ground Transport,2023/2/22
China,10.878846,Industry,2023/2/22
China,0.057429,International Aviation,2023/2/22
China,13.544323,Power,2023/2/22
China,2.624295,Residential,2023/2/22
China,30.238694,Total,2023/2/22
China,0.21755,Domestic Aviation,2023/2/23
China,2.986227,Ground Transport,2023/2/23
China,11.015071,Industry,2023/2/23
China,0.055243,International Aviation,2023/2/23
China,13.713926,Power,2023/2/23
China,2.528344,Residential,2023/2/23
China,30.461118,Total,2023/2/23
China,0.229649,Domestic Aviation,2023/2/24
China,2.990269,Ground Transport,2023/2/24
China,10.846228,Industry,2023/2/24
China,0.05687,International Aviation,2023/2/24
China,13.503714,Power,2023/2/24
China,2.591024,Residential,2023/2/24
China,30.160884,Total,2023/2/24
China,0.217624,Domestic Aviation,2023/2/25
China,2.995278,Ground Transport,2023/2/25
China,10.608314,Industry,2023/2/25
China,0.052448,International Aviation,2023/2/25
China,13.207506,Power,2023/2/25
China,2.613022,Residential,2023/2/25
China,29.641745,Total,2023/2/25
China,0.224442,Domestic Aviation,2023/2/26
China,2.997072,Ground Transport,2023/2/26
China,10.433715,Industry,2023/2/26
China,0.054041,International Aviation,2023/2/26
China,12.990128,Power,2023/2/26
China,2.448537,Residential,2023/2/26
China,29.093894,Total,2023/2/26
China,0.220368,Domestic Aviation,2023/2/27
China,3.001767,Ground Transport,2023/2/27
China,10.270628,Industry,2023/2/27
China,0.050618,International Aviation,2023/2/27
China,12.787083,Power,2023/2/27
China,2.223131,Residential,2023/2/27
China,28.502977,Total,2023/2/27
China,0.213484,Domestic Aviation,2023/2/28
China,2.995524,Ground Transport,2023/2/28
China,10.374236,Industry,2023/2/28
China,0.051626,International Aviation,2023/2/28
China,12.916077,Power,2023/2/28
China,2.123103,Residential,2023/2/28
China,28.622423,Total,2023/2/28
China,0.212282,Domestic Aviation,2023/3/1
China,3.079646,Ground Transport,2023/3/1
China,16.474503,Industry,2023/3/1
China,0.060468,International Aviation,2023/3/1
China,13.713827,Power,2023/3/1
China,2.122044,Residential,2023/3/1
China,35.602302,Total,2023/3/1
China,0.209148,Domestic Aviation,2023/3/2
China,3.067262,Ground Transport,2023/3/2
China,16.444224,Industry,2023/3/2
China,0.059865,International Aviation,2023/3/2
China,13.688622,Power,2023/3/2
China,2.073404,Residential,2023/3/2
China,35.482661,Total,2023/3/2
China,0.222214,Domestic Aviation,2023/3/3
China,3.075452,Ground Transport,2023/3/3
China,16.516892,Industry,2023/3/3
China,0.06122,International Aviation,2023/3/3
China,13.749113,Power,2023/3/3
China,1.98137,Residential,2023/3/3
China,35.545041,Total,2023/3/3
China,0.199423,Domestic Aviation,2023/3/4
China,3.067671,Ground Transport,2023/3/4
China,16.304943,Industry,2023/3/4
China,0.057617,International Aviation,2023/3/4
China,13.572681,Power,2023/3/4
China,1.825533,Residential,2023/3/4
China,34.97025,Total,2023/3/4
China,0.21437,Domestic Aviation,2023/3/5
China,3.075502,Ground Transport,2023/3/5
China,15.974908,Industry,2023/3/5
China,0.059464,International Aviation,2023/3/5
China,13.297951,Power,2023/3/5
China,1.646811,Residential,2023/3/5
China,34.209542,Total,2023/3/5
China,0.208794,Domestic Aviation,2023/3/6
China,3.075715,Ground Transport,2023/3/6
China,16.195941,Industry,2023/3/6
China,0.053016,International Aviation,2023/3/6
China,13.481944,Power,2023/3/6
China,1.53097,Residential,2023/3/6
China,34.493364,Total,2023/3/6
China,0.19692,Domestic Aviation,2023/3/7
China,3.078948,Ground Transport,2023/3/7
China,15.980964,Industry,2023/3/7
China,0.053636,International Aviation,2023/3/7
China,13.302991,Power,2023/3/7
China,1.428104,Residential,2023/3/7
China,33.987928,Total,2023/3/7
China,0.205197,Domestic Aviation,2023/3/8
China,3.079852,Ground Transport,2023/3/8
China,16.111161,Industry,2023/3/8
China,0.061654,International Aviation,2023/3/8
China,13.411371,Power,2023/3/8
China,1.485186,Residential,2023/3/8
China,34.292767,Total,2023/3/8
China,0.208987,Domestic Aviation,2023/3/9
China,3.078688,Ground Transport,2023/3/9
China,16.044549,Industry,2023/3/9
China,0.059428,International Aviation,2023/3/9
China,13.355921,Power,2023/3/9
China,1.348196,Residential,2023/3/9
China,34.036341,Total,2023/3/9
China,0.21922,Domestic Aviation,2023/3/10
China,3.073531,Ground Transport,2023/3/10
China,15.959769,Industry,2023/3/10
China,0.062886,International Aviation,2023/3/10
China,13.285348,Power,2023/3/10
China,1.295995,Residential,2023/3/10
China,33.833863,Total,2023/3/10
China,0.202037,Domestic Aviation,2023/3/11
China,3.064938,Ground Transport,2023/3/11
China,15.905268,Industry,2023/3/11
China,0.061688,International Aviation,2023/3/11
China,13.23998,Power,2023/3/11
China,1.678169,Residential,2023/3/11
China,34.090392,Total,2023/3/11
China,0.218644,Domestic Aviation,2023/3/12
China,3.077243,Ground Transport,2023/3/12
China,15.675152,Industry,2023/3/12
China,0.059038,International Aviation,2023/3/12
China,13.048425,Power,2023/3/12
China,2.142096,Residential,2023/3/12
China,34.16156,Total,2023/3/12
China,0.214408,Domestic Aviation,2023/3/13
China,3.071894,Ground Transport,2023/3/13
China,15.723597,Industry,2023/3/13
China,0.053335,International Aviation,2023/3/13
China,13.088752,Power,2023/3/13
China,1.877906,Residential,2023/3/13
China,33.976558,Total,2023/3/13
China,0.208511,Domestic Aviation,2023/3/14
China,3.082633,Ground Transport,2023/3/14
China,15.699374,Industry,2023/3/14
China,0.055309,International Aviation,2023/3/14
China,13.068589,Power,2023/3/14
China,1.565002,Residential,2023/3/14
China,33.624109,Total,2023/3/14
China,0.216527,Domestic Aviation,2023/3/15
China,3.069389,Ground Transport,2023/3/15
China,15.5934,Industry,2023/3/15
China,0.06459,International Aviation,2023/3/15
China,12.980372,Power,2023/3/15
China,1.805362,Residential,2023/3/15
China,33.665051,Total,2023/3/15
China,0.217084,Domestic Aviation,2023/3/16
China,3.077754,Ground Transport,2023/3/16
China,15.914351,Industry,2023/3/16
China,0.059374,International Aviation,2023/3/16
China,13.247541,Power,2023/3/16
China,2.067673,Residential,2023/3/16
China,34.524404,Total,2023/3/16
China,0.228055,Domestic Aviation,2023/3/17
China,3.080227,Ground Transport,2023/3/17
China,16.09905,Industry,2023/3/17
China,0.063557,International Aviation,2023/3/17
China,13.401289,Power,2023/3/17
China,2.143541,Residential,2023/3/17
China,34.952162,Total,2023/3/17
China,0.211483,Domestic Aviation,2023/3/18
China,3.069433,Ground Transport,2023/3/18
China,15.94463,Industry,2023/3/18
China,0.059115,International Aviation,2023/3/18
China,13.272746,Power,2023/3/18
China,2.02244,Residential,2023/3/18
China,34.520731,Total,2023/3/18
China,0.225342,Domestic Aviation,2023/3/19
China,3.073611,Ground Transport,2023/3/19
China,15.884073,Industry,2023/3/19
China,0.063421,International Aviation,2023/3/19
China,13.222337,Power,2023/3/19
China,1.855999,Residential,2023/3/19
China,34.261361,Total,2023/3/19
China,0.224625,Domestic Aviation,2023/3/20
China,3.084271,Ground Transport,2023/3/20
China,15.865906,Industry,2023/3/20
China,0.055271,International Aviation,2023/3/20
China,13.207214,Power,2023/3/20
China,1.697261,Residential,2023/3/20
China,34.079277,Total,2023/3/20
China,0.216656,Domestic Aviation,2023/3/21
China,3.095762,Ground Transport,2023/3/21
China,15.881045,Industry,2023/3/21
China,0.059077,International Aviation,2023/3/21
China,13.219816,Power,2023/3/21
China,1.555938,Residential,2023/3/21
China,33.969218,Total,2023/3/21
China,0.219959,Domestic Aviation,2023/3/22
China,3.088286,Ground Transport,2023/3/22
China,16.017298,Industry,2023/3/22
China,0.063166,International Aviation,2023/3/22
China,13.333237,Power,2023/3/22
China,1.648294,Residential,2023/3/22
China,34.307075,Total,2023/3/22
China,0.209636,Domestic Aviation,2023/3/23
China,3.097213,Ground Transport,2023/3/23
China,15.753876,Industry,2023/3/23
China,0.061708,International Aviation,2023/3/23
China,13.113957,Power,2023/3/23
China,1.873053,Residential,2023/3/23
China,34.047735,Total,2023/3/23
China,0.218394,Domestic Aviation,2023/3/24
China,3.098117,Ground Transport,2023/3/24
China,16.005187,Industry,2023/3/24
China,0.064334,International Aviation,2023/3/24
China,13.323155,Power,2023/3/24
China,2.04399,Residential,2023/3/24
China,34.688843,Total,2023/3/24
China,0.203264,Domestic Aviation,2023/3/25
China,3.07867,Ground Transport,2023/3/25
China,15.965825,Industry,2023/3/25
China,0.062129,International Aviation,2023/3/25
China,13.290389,Power,2023/3/25
China,2.067366,Residential,2023/3/25
China,34.605514,Total,2023/3/25
China,0.226849,Domestic Aviation,2023/3/26
China,3.08552,Ground Transport,2023/3/26
China,15.74782,Industry,2023/3/26
China,0.058518,International Aviation,2023/3/26
China,13.108916,Power,2023/3/26
China,1.932641,Residential,2023/3/26
China,34.101745,Total,2023/3/26
China,0.228904,Domestic Aviation,2023/3/27
China,3.092844,Ground Transport,2023/3/27
China,15.744792,Industry,2023/3/27
China,0.057676,International Aviation,2023/3/27
China,13.106395,Power,2023/3/27
China,1.758863,Residential,2023/3/27
China,33.931798,Total,2023/3/27
China,0.222004,Domestic Aviation,2023/3/28
China,3.08445,Ground Transport,2023/3/28
China,15.744792,Industry,2023/3/28
China,0.0621,International Aviation,2023/3/28
China,13.106395,Power,2023/3/28
China,1.579533,Residential,2023/3/28
China,33.737174,Total,2023/3/28
China,0.223625,Domestic Aviation,2023/3/29
China,3.085243,Ground Transport,2023/3/29
China,15.490453,Industry,2023/3/29
China,0.068873,International Aviation,2023/3/29
China,12.894677,Power,2023/3/29
China,1.505856,Residential,2023/3/29
China,33.199854,Total,2023/3/29
China,0.225365,Domestic Aviation,2023/3/30
China,3.088559,Ground Transport,2023/3/30
China,15.62065,Industry,2023/3/30
China,0.067457,International Aviation,2023/3/30
China,13.003057,Power,2023/3/30
China,1.436286,Residential,2023/3/30
China,33.373918,Total,2023/3/30
China,0.235482,Domestic Aviation,2023/3/31
China,2.922154,Ground Transport,2023/3/31
China,15.172529,Industry,2023/3/31
China,0.06523,International Aviation,2023/3/31
China,12.630028,Power,2023/3/31
China,1.340731,Residential,2023/3/31
China,32.300926,Total,2023/3/31
China,0.228914,Domestic Aviation,2023/4/1
China,3.044867,Ground Transport,2023/4/1
China,15.936993,Industry,2023/4/1
China,0.069943,International Aviation,2023/4/1
China,11.971714,Power,2023/4/1
China,1.272381,Residential,2023/4/1
China,32.454869,Total,2023/4/1
China,0.231075,Domestic Aviation,2023/4/2
China,3.181303,Ground Transport,2023/4/2
China,15.60753,Industry,2023/4/2
China,0.064925,International Aviation,2023/4/2
China,11.724224,Power,2023/4/2
China,1.29934,Residential,2023/4/2
China,32.043472,Total,2023/4/2
China,0.216795,Domestic Aviation,2023/4/3
China,3.231769,Ground Transport,2023/4/3
China,15.66567,Industry,2023/4/3
China,0.062295,International Aviation,2023/4/3
China,11.767899,Power,2023/4/3
China,1.554016,Residential,2023/4/3
China,32.436148,Total,2023/4/3
China,0.212225,Domestic Aviation,2023/4/4
China,3.268767,Ground Transport,2023/4/4
China,15.791642,Industry,2023/4/4
China,0.063945,International Aviation,2023/4/4
China,11.862527,Power,2023/4/4
China,1.753234,Residential,2023/4/4
China,32.888395,Total,2023/4/4
China,0.207056,Domestic Aviation,2023/4/5
China,3.267572,Ground Transport,2023/4/5
China,15.533239,Industry,2023/4/5
China,0.069218,International Aviation,2023/4/5
China,11.668417,Power,2023/4/5
China,1.810989,Residential,2023/4/5
China,32.487273,Total,2023/4/5
China,0.225175,Domestic Aviation,2023/4/6
China,3.28562,Ground Transport,2023/4/6
China,15.756111,Industry,2023/4/6
China,0.065797,International Aviation,2023/4/6
China,11.835837,Power,2023/4/6
China,1.856016,Residential,2023/4/6
China,32.95876,Total,2023/4/6
China,0.233392,Domestic Aviation,2023/4/7
China,3.157925,Ground Transport,2023/4/7
China,15.510629,Industry,2023/4/7
China,0.071285,International Aviation,2023/4/7
China,11.651433,Power,2023/4/7
China,1.757566,Residential,2023/4/7
China,32.310944,Total,2023/4/7
China,0.227621,Domestic Aviation,2023/4/8
China,3.115438,Ground Transport,2023/4/8
China,15.436338,Industry,2023/4/8
China,0.068379,International Aviation,2023/4/8
China,11.595626,Power,2023/4/8
China,1.514267,Residential,2023/4/8
China,31.889289,Total,2023/4/8
China,0.241806,Domestic Aviation,2023/4/9
China,3.249143,Ground Transport,2023/4/9
China,15.090724,Industry,2023/4/9
China,0.067527,International Aviation,2023/4/9
China,11.336005,Power,2023/4/9
China,1.243212,Residential,2023/4/9
China,31.16089,Total,2023/4/9
China,0.239867,Domestic Aviation,2023/4/10
China,3.260959,Ground Transport,2023/4/10
China,15.135945,Industry,2023/4/10
China,0.061537,International Aviation,2023/4/10
China,11.369974,Power,2023/4/10
China,1.180053,Residential,2023/4/10
China,31.186797,Total,2023/4/10
China,0.233031,Domestic Aviation,2023/4/11
China,3.258244,Ground Transport,2023/4/11
China,15.536469,Industry,2023/4/11
China,0.064911,International Aviation,2023/4/11
China,11.670844,Power,2023/4/11
China,1.360635,Residential,2023/4/11
China,32.059224,Total,2023/4/11
China,0.241695,Domestic Aviation,2023/4/12
China,3.262242,Ground Transport,2023/4/12
China,15.752881,Industry,2023/4/12
China,0.07017,International Aviation,2023/4/12
China,11.833411,Power,2023/4/12
China,1.261243,Residential,2023/4/12
China,32.351472,Total,2023/4/12
China,0.236502,Domestic Aviation,2023/4/13
China,3.271279,Ground Transport,2023/4/13
China,15.988674,Industry,2023/4/13
China,0.068694,International Aviation,2023/4/13
China,12.010536,Power,2023/4/13
China,1.246531,Residential,2023/4/13
China,32.753522,Total,2023/4/13
China,0.245067,Domestic Aviation,2023/4/14
China,3.190998,Ground Transport,2023/4/14
China,16.008054,Industry,2023/4/14
China,0.07129,International Aviation,2023/4/14
China,12.025094,Power,2023/4/14
China,1.300032,Residential,2023/4/14
China,32.769245,Total,2023/4/14
China,0.239405,Domestic Aviation,2023/4/15
China,3.152711,Ground Transport,2023/4/15
China,15.788412,Industry,2023/4/15
China,0.072299,International Aviation,2023/4/15
China,11.860101,Power,2023/4/15
China,1.288537,Residential,2023/4/15
China,32.329166,Total,2023/4/15
China,0.246016,Domestic Aviation,2023/4/16
China,3.252158,Ground Transport,2023/4/16
China,15.765802,Industry,2023/4/16
China,0.068426,International Aviation,2023/4/16
China,11.843116,Power,2023/4/16
China,1.216888,Residential,2023/4/16
China,32.32398,Total,2023/4/16
China,0.246392,Domestic Aviation,2023/4/17
China,3.238914,Ground Transport,2023/4/17
China,15.552619,Industry,2023/4/17
China,0.065909,International Aviation,2023/4/17
China,11.682976,Power,2023/4/17
China,1.159293,Residential,2023/4/17
China,31.880194,Total,2023/4/17
China,0.229877,Domestic Aviation,2023/4/18
China,3.235567,Ground Transport,2023/4/18
China,15.859473,Industry,2023/4/18
China,0.063608,International Aviation,2023/4/18
China,11.913481,Power,2023/4/18
China,1.170399,Residential,2023/4/18
China,32.408796,Total,2023/4/18
China,0.212124,Domestic Aviation,2023/4/19
China,3.235592,Ground Transport,2023/4/19
China,16.017744,Industry,2023/4/19
China,0.068954,International Aviation,2023/4/19
China,12.032373,Power,2023/4/19
China,1.136527,Residential,2023/4/19
China,32.63436,Total,2023/4/19
China,0.231735,Domestic Aviation,2023/4/20
China,3.245159,Ground Transport,2023/4/20
China,15.978984,Industry,2023/4/20
China,0.068038,International Aviation,2023/4/20
China,12.003256,Power,2023/4/20
China,1.316394,Residential,2023/4/20
China,32.775529,Total,2023/4/20
China,0.233635,Domestic Aviation,2023/4/21
China,3.214166,Ground Transport,2023/4/21
China,15.555849,Industry,2023/4/21
China,0.072364,International Aviation,2023/4/21
China,11.685402,Power,2023/4/21
China,1.620993,Residential,2023/4/21
China,32.310046,Total,2023/4/21
China,0.229141,Domestic Aviation,2023/4/22
China,3.231466,Ground Transport,2023/4/22
China,15.478328,Industry,2023/4/22
China,0.06954,International Aviation,2023/4/22
China,11.627169,Power,2023/4/22
China,1.770414,Residential,2023/4/22
China,32.336518,Total,2023/4/22
China,0.238198,Domestic Aviation,2023/4/23
China,3.231708,Ground Transport,2023/4/23
China,15.678591,Industry,2023/4/23
China,0.069545,International Aviation,2023/4/23
China,11.777604,Power,2023/4/23
China,1.846132,Residential,2023/4/23
China,32.772233,Total,2023/4/23
China,0.240719,Domestic Aviation,2023/4/24
China,3.20292,Ground Transport,2023/4/24
China,15.856242,Industry,2023/4/24
China,0.06389,International Aviation,2023/4/24
China,11.911054,Power,2023/4/24
China,1.750401,Residential,2023/4/24
China,32.961337,Total,2023/4/24
China,0.230796,Domestic Aviation,2023/4/25
China,3.220673,Ground Transport,2023/4/25
China,15.830402,Industry,2023/4/25
China,0.070929,International Aviation,2023/4/25
China,11.891643,Power,2023/4/25
China,1.609347,Residential,2023/4/25
China,32.782862,Total,2023/4/25
China,0.215425,Domestic Aviation,2023/4/26
China,3.234164,Ground Transport,2023/4/26
China,15.58169,Industry,2023/4/26
China,0.074667,International Aviation,2023/4/26
China,11.704813,Power,2023/4/26
China,1.283926,Residential,2023/4/26
China,32.020018,Total,2023/4/26
China,0.239824,Domestic Aviation,2023/4/27
China,3.282963,Ground Transport,2023/4/27
China,15.245766,Industry,2023/4/27
China,0.071249,International Aviation,2023/4/27
China,11.45247,Power,2023/4/27
China,1.21323,Residential,2023/4/27
China,31.434253,Total,2023/4/27
China,0.245244,Domestic Aviation,2023/4/28
China,3.137288,Ground Transport,2023/4/28
China,15.465408,Industry,2023/4/28
China,0.072757,International Aviation,2023/4/28
China,11.617464,Power,2023/4/28
China,1.345776,Residential,2023/4/28
China,31.81118,Total,2023/4/28
China,0.242223,Domestic Aviation,2023/4/29
China,3.159432,Ground Transport,2023/4/29
China,14.967983,Industry,2023/4/29
China,0.071682,International Aviation,2023/4/29
China,11.243802,Power,2023/4/29
China,1.384695,Residential,2023/4/29
China,30.998136,Total,2023/4/29
China,0.226996,Domestic Aviation,2023/4/30
China,3.252672,Ground Transport,2023/4/30
China,14.68697,Industry,2023/4/30
China,0.070128,International Aviation,2023/4/30
China,11.032708,Power,2023/4/30
China,1.219853,Residential,2023/4/30
China,30.419199,Total,2023/4/30
China,0.21719,Domestic Aviation,2023/5/1
China,3.093289,Ground Transport,2023/5/1
China,13.409613,Industry,2023/5/1
China,0.063773,International Aviation,2023/5/1
China,10.56938,Power,2023/5/1
China,1.093477,Residential,2023/5/1
China,28.38295,Total,2023/5/1
China,0.237108,Domestic Aviation,2023/5/2
China,3.083005,Ground Transport,2023/5/2
China,13.374476,Industry,2023/5/2
China,0.061043,International Aviation,2023/5/2
China,10.541685,Power,2023/5/2
China,1.047661,Residential,2023/5/2
China,28.283935,Total,2023/5/2
China,0.244738,Domestic Aviation,2023/5/3
China,3.149474,Ground Transport,2023/5/3
China,14.288042,Industry,2023/5/3
China,0.062874,International Aviation,2023/5/3
China,11.261752,Power,2023/5/3
China,1.065401,Residential,2023/5/3
China,30.009408,Total,2023/5/3
China,0.23444,Domestic Aviation,2023/5/4
China,3.16022,Ground Transport,2023/5/4
China,14.949259,Industry,2023/5/4
China,0.065721,International Aviation,2023/5/4
China,11.78292,Power,2023/5/4
China,1.154101,Residential,2023/5/4
China,31.28094,Total,2023/5/4
China,0.225371,Domestic Aviation,2023/5/5
China,3.178019,Ground Transport,2023/5/5
China,15.073836,Industry,2023/5/5
China,0.064111,International Aviation,2023/5/5
China,11.881111,Power,2023/5/5
China,1.218894,Residential,2023/5/5
China,31.577232,Total,2023/5/5
China,0.214672,Domestic Aviation,2023/5/6
China,3.097227,Ground Transport,2023/5/6
China,14.981202,Industry,2023/5/6
China,0.06577,International Aviation,2023/5/6
China,11.808097,Power,2023/5/6
China,1.252704,Residential,2023/5/6
China,31.353902,Total,2023/5/6
China,0.217153,Domestic Aviation,2023/5/7
China,3.145443,Ground Transport,2023/5/7
China,14.677745,Industry,2023/5/7
China,0.066834,International Aviation,2023/5/7
China,11.568914,Power,2023/5/7
China,1.225291,Residential,2023/5/7
China,30.834546,Total,2023/5/7
China,0.223548,Domestic Aviation,2023/5/8
China,3.142501,Ground Transport,2023/5/8
China,14.847042,Industry,2023/5/8
China,0.062196,International Aviation,2023/5/8
China,11.702353,Power,2023/5/8
China,1.213253,Residential,2023/5/8
China,31.128697,Total,2023/5/8
China,0.217012,Domestic Aviation,2023/5/9
China,3.147437,Ground Transport,2023/5/9
China,15.112168,Industry,2023/5/9
China,0.065725,International Aviation,2023/5/9
China,11.911324,Power,2023/5/9
China,1.204339,Residential,2023/5/9
China,31.592279,Total,2023/5/9
China,0.223107,Domestic Aviation,2023/5/10
China,3.142705,Ground Transport,2023/5/10
China,15.527425,Industry,2023/5/10
China,0.069836,International Aviation,2023/5/10
China,12.238627,Power,2023/5/10
China,1.199862,Residential,2023/5/10
China,32.331726,Total,2023/5/10
China,0.215866,Domestic Aviation,2023/5/11
China,3.157774,Ground Transport,2023/5/11
China,15.335768,Industry,2023/5/11
China,0.073548,International Aviation,2023/5/11
China,12.087564,Power,2023/5/11
China,1.120055,Residential,2023/5/11
China,31.917027,Total,2023/5/11
China,0.241259,Domestic Aviation,2023/5/12
China,3.059272,Ground Transport,2023/5/12
China,15.128139,Industry,2023/5/12
China,0.073584,International Aviation,2023/5/12
China,11.923912,Power,2023/5/12
China,1.077417,Residential,2023/5/12
China,31.43,Total,2023/5/12
China,0.232167,Domestic Aviation,2023/5/13
China,2.993305,Ground Transport,2023/5/13
China,15.032311,Industry,2023/5/13
China,0.074134,International Aviation,2023/5/13
China,11.848381,Power,2023/5/13
China,1.078668,Residential,2023/5/13
China,31.184832,Total,2023/5/13
China,0.24012,Domestic Aviation,2023/5/14
China,3.142611,Ground Transport,2023/5/14
China,14.837459,Industry,2023/5/14
China,0.070706,International Aviation,2023/5/14
China,11.6948,Power,2023/5/14
China,1.035548,Residential,2023/5/14
China,30.950537,Total,2023/5/14
China,0.234913,Domestic Aviation,2023/5/15
China,3.141312,Ground Transport,2023/5/15
China,14.910928,Industry,2023/5/15
China,0.066395,International Aviation,2023/5/15
China,11.752707,Power,2023/5/15
China,1.051572,Residential,2023/5/15
China,31.091432,Total,2023/5/15
China,0.215124,Domestic Aviation,2023/5/16
China,3.151818,Ground Transport,2023/5/16
China,14.821488,Industry,2023/5/16
China,0.067979,International Aviation,2023/5/16
China,11.682211,Power,2023/5/16
China,1.052804,Residential,2023/5/16
China,30.923445,Total,2023/5/16
China,0.222954,Domestic Aviation,2023/5/17
China,3.140857,Ground Transport,2023/5/17
China,15.131334,Industry,2023/5/17
China,0.072327,International Aviation,2023/5/17
China,11.92643,Power,2023/5/17
China,1.082073,Residential,2023/5/17
China,31.503647,Total,2023/5/17
China,0.221532,Domestic Aviation,2023/5/18
China,3.169995,Ground Transport,2023/5/18
China,15.252716,Industry,2023/5/18
China,0.074402,International Aviation,2023/5/18
China,12.022103,Power,2023/5/18
China,1.034646,Residential,2023/5/18
China,31.700992,Total,2023/5/18
China,0.227328,Domestic Aviation,2023/5/19
China,3.050869,Ground Transport,2023/5/19
China,15.083419,Industry,2023/5/19
China,0.073091,International Aviation,2023/5/19
China,11.888664,Power,2023/5/19
China,1.028233,Residential,2023/5/19
China,31.278514,Total,2023/5/19
China,0.218615,Domestic Aviation,2023/5/20
China,3.004237,Ground Transport,2023/5/20
China,15.038699,Industry,2023/5/20
China,0.071718,International Aviation,2023/5/20
China,11.853416,Power,2023/5/20
China,1.094679,Residential,2023/5/20
China,31.209646,Total,2023/5/20
China,0.22476,Domestic Aviation,2023/5/21
China,3.147577,Ground Transport,2023/5/21
China,14.786351,Industry,2023/5/21
China,0.072847,International Aviation,2023/5/21
China,11.654516,Power,2023/5/21
China,1.206448,Residential,2023/5/21
China,31.019652,Total,2023/5/21
China,0.218428,Domestic Aviation,2023/5/22
China,3.135374,Ground Transport,2023/5/22
China,15.160082,Industry,2023/5/22
China,0.06446,International Aviation,2023/5/22
China,11.949089,Power,2023/5/22
China,1.139279,Residential,2023/5/22
China,31.602252,Total,2023/5/22
China,0.218482,Domestic Aviation,2023/5/23
China,3.117283,Ground Transport,2023/5/23
China,15.406042,Industry,2023/5/23
China,0.070495,International Aviation,2023/5/23
China,12.142954,Power,2023/5/23
China,1.072525,Residential,2023/5/23
China,31.957286,Total,2023/5/23
China,0.220504,Domestic Aviation,2023/5/24
China,3.094545,Ground Transport,2023/5/24
China,15.105779,Industry,2023/5/24
China,0.073627,International Aviation,2023/5/24
China,11.906288,Power,2023/5/24
China,1.047429,Residential,2023/5/24
China,31.374545,Total,2023/5/24
China,0.218509,Domestic Aviation,2023/5/25
China,3.110174,Ground Transport,2023/5/25
China,15.236745,Industry,2023/5/25
China,0.072784,International Aviation,2023/5/25
China,12.009515,Power,2023/5/25
China,1.042312,Residential,2023/5/25
China,31.617254,Total,2023/5/25
China,0.228435,Domestic Aviation,2023/5/26
China,2.943912,Ground Transport,2023/5/26
China,15.476316,Industry,2023/5/26
China,0.074443,International Aviation,2023/5/26
China,12.198343,Power,2023/5/26
China,1.038642,Residential,2023/5/26
China,31.885648,Total,2023/5/26
China,0.220845,Domestic Aviation,2023/5/27
China,2.919751,Ground Transport,2023/5/27
China,15.524231,Industry,2023/5/27
China,0.073698,International Aviation,2023/5/27
China,12.236109,Power,2023/5/27
China,1.052732,Residential,2023/5/27
China,31.953668,Total,2023/5/27
China,0.230249,Domestic Aviation,2023/5/28
China,3.087409,Ground Transport,2023/5/28
China,15.505065,Industry,2023/5/28
China,0.07322,International Aviation,2023/5/28
China,12.221003,Power,2023/5/28
China,1.033276,Residential,2023/5/28
China,32.077002,Total,2023/5/28
China,0.227466,Domestic Aviation,2023/5/29
China,3.105549,Ground Transport,2023/5/29
China,15.808522,Industry,2023/5/29
China,0.068484,International Aviation,2023/5/29
China,12.460186,Power,2023/5/29
China,1.032512,Residential,2023/5/29
China,32.634235,Total,2023/5/29
China,0.213647,Domestic Aviation,2023/5/30
China,3.117091,Ground Transport,2023/5/30
China,16.182254,Industry,2023/5/30
China,0.068819,International Aviation,2023/5/30
China,12.754759,Power,2023/5/30
China,1.023924,Residential,2023/5/30
China,33.291674,Total,2023/5/30
China,0.215984,Domestic Aviation,2023/5/31
China,3.119099,Ground Transport,2023/5/31
China,16.303637,Industry,2023/5/31
China,0.074323,International Aviation,2023/5/31
China,12.850432,Power,2023/5/31
China,1.038471,Residential,2023/5/31
China,33.527623,Total,2023/5/31
China,0.208403,Domestic Aviation,2023/6/1
China,3.241106,Ground Transport,2023/6/1
China,14.731511,Industry,2023/6/1
China,0.074311,International Aviation,2023/6/1
China,13.144253,Power,2023/6/1
China,1.085294,Residential,2023/6/1
China,32.410567,Total,2023/6/1
China,0.222505,Domestic Aviation,2023/6/2
China,3.111722,Ground Transport,2023/6/2
China,14.880728,Industry,2023/6/2
China,0.076214,International Aviation,2023/6/2
China,13.277392,Power,2023/6/2
China,1.098654,Residential,2023/6/2
China,32.591,Total,2023/6/2
China,0.199668,Domestic Aviation,2023/6/3
China,3.088726,Ground Transport,2023/6/3
China,14.78125,Industry,2023/6/3
China,0.076459,International Aviation,2023/6/3
China,13.188633,Power,2023/6/3
China,1.114789,Residential,2023/6/3
China,32.373066,Total,2023/6/3
China,0.215808,Domestic Aviation,2023/6/4
China,3.258652,Ground Transport,2023/6/4
China,14.798805,Industry,2023/6/4
China,0.073835,International Aviation,2023/6/4
China,13.204296,Power,2023/6/4
China,1.108313,Residential,2023/6/4
China,32.585874,Total,2023/6/4
China,0.207621,Domestic Aviation,2023/6/5
China,3.281446,Ground Transport,2023/6/5
China,14.83684,Industry,2023/6/5
China,0.068727,International Aviation,2023/6/5
China,13.238234,Power,2023/6/5
China,1.065158,Residential,2023/6/5
China,32.629298,Total,2023/6/5
China,0.195568,Domestic Aviation,2023/6/6
China,3.273745,Ground Transport,2023/6/6
China,14.953873,Industry,2023/6/6
China,0.069429,International Aviation,2023/6/6
China,13.342657,Power,2023/6/6
China,1.056885,Residential,2023/6/6
China,32.822727,Total,2023/6/6
China,0.199961,Domestic Aviation,2023/6/7
China,3.272018,Ground Transport,2023/6/7
China,14.769546,Industry,2023/6/7
China,0.078122,International Aviation,2023/6/7
China,13.178191,Power,2023/6/7
China,1.050363,Residential,2023/6/7
China,32.470079,Total,2023/6/7
China,0.205664,Domestic Aviation,2023/6/8
China,3.326604,Ground Transport,2023/6/8
China,14.915837,Industry,2023/6/8
China,0.074084,International Aviation,2023/6/8
China,13.308719,Power,2023/6/8
China,1.060851,Residential,2023/6/8
China,32.817676,Total,2023/6/8
China,0.22585,Domestic Aviation,2023/6/9
China,3.271502,Ground Transport,2023/6/9
China,15.01239,Industry,2023/6/9
China,0.075054,International Aviation,2023/6/9
China,13.394868,Power,2023/6/9
China,1.066056,Residential,2023/6/9
China,32.970667,Total,2023/6/9
China,0.219346,Domestic Aviation,2023/6/10
China,3.230464,Ground Transport,2023/6/10
China,15.000686,Industry,2023/6/10
China,0.076431,International Aviation,2023/6/10
China,13.384426,Power,2023/6/10
China,1.059074,Residential,2023/6/10
China,32.893996,Total,2023/6/10
China,0.23,Domestic Aviation,2023/6/11
China,3.230466,Ground Transport,2023/6/11
China,15.187939,Industry,2023/6/11
China,0.07462,International Aviation,2023/6/11
China,13.551503,Power,2023/6/11
China,1.066531,Residential,2023/6/11
China,33.266439,Total,2023/6/11
China,0.228918,Domestic Aviation,2023/6/12
China,3.2443,Ground Transport,2023/6/12
China,15.313749,Industry,2023/6/12
China,0.069461,International Aviation,2023/6/12
China,13.663758,Power,2023/6/12
China,1.068033,Residential,2023/6/12
China,33.518759,Total,2023/6/12
China,0.224492,Domestic Aviation,2023/6/13
China,3.245161,Ground Transport,2023/6/13
China,15.512705,Industry,2023/6/13
China,0.070295,International Aviation,2023/6/13
China,13.841277,Power,2023/6/13
China,1.048701,Residential,2023/6/13
China,33.872336,Total,2023/6/13
China,0.225998,Domestic Aviation,2023/6/14
China,3.237366,Ground Transport,2023/6/14
China,15.635589,Industry,2023/6/14
China,0.075255,International Aviation,2023/6/14
China,13.950921,Power,2023/6/14
China,1.054164,Residential,2023/6/14
China,34.104039,Total,2023/6/14
China,0.227015,Domestic Aviation,2023/6/15
China,3.252377,Ground Transport,2023/6/15
China,15.664848,Industry,2023/6/15
China,0.073769,International Aviation,2023/6/15
China,13.977027,Power,2023/6/15
China,1.050563,Residential,2023/6/15
China,34.171829,Total,2023/6/15
China,0.233137,Domestic Aviation,2023/6/16
China,3.143105,Ground Transport,2023/6/16
China,15.972059,Industry,2023/6/16
China,0.07809,International Aviation,2023/6/16
China,14.251137,Power,2023/6/16
China,1.048553,Residential,2023/6/16
China,34.647991,Total,2023/6/16
China,0.230466,Domestic Aviation,2023/6/17
China,3.095411,Ground Transport,2023/6/17
China,15.626812,Industry,2023/6/17
China,0.075678,International Aviation,2023/6/17
China,13.943089,Power,2023/6/17
China,1.047696,Residential,2023/6/17
China,33.943474,Total,2023/6/17
China,0.228193,Domestic Aviation,2023/6/18
China,3.267567,Ground Transport,2023/6/18
China,15.386895,Industry,2023/6/18
China,0.07523,International Aviation,2023/6/18
China,13.729022,Power,2023/6/18
China,1.042621,Residential,2023/6/18
China,33.654299,Total,2023/6/18
China,0.230561,Domestic Aviation,2023/6/19
China,3.265146,Ground Transport,2023/6/19
China,15.688254,Industry,2023/6/19
China,0.071939,International Aviation,2023/6/19
China,13.997912,Power,2023/6/19
China,1.039798,Residential,2023/6/19
China,34.22167,Total,2023/6/19
China,0.234701,Domestic Aviation,2023/6/20
China,3.293037,Ground Transport,2023/6/20
China,15.658996,Industry,2023/6/20
China,0.074051,International Aviation,2023/6/20
China,13.971806,Power,2023/6/20
China,1.042692,Residential,2023/6/20
China,34.201231,Total,2023/6/20
China,0.240805,Domestic Aviation,2023/6/21
China,3.220308,Ground Transport,2023/6/21
China,15.910617,Industry,2023/6/21
China,0.079358,International Aviation,2023/6/21
China,14.196315,Power,2023/6/21
China,1.047246,Residential,2023/6/21
China,34.615292,Total,2023/6/21
China,0.231168,Domestic Aviation,2023/6/22
China,3.216171,Ground Transport,2023/6/22
China,15.302046,Industry,2023/6/22
China,0.080681,International Aviation,2023/6/22
China,13.653315,Power,2023/6/22
China,1.045887,Residential,2023/6/22
China,33.448587,Total,2023/6/22
China,0.222505,Domestic Aviation,2023/6/23
China,3.216173,Ground Transport,2023/6/23
China,15.199642,Industry,2023/6/23
China,0.077042,International Aviation,2023/6/23
China,13.561945,Power,2023/6/23
China,1.045406,Residential,2023/6/23
China,33.245671,Total,2023/6/23
China,0.231373,Domestic Aviation,2023/6/24
China,3.261268,Ground Transport,2023/6/24
China,15.01239,Industry,2023/6/24
China,0.077752,International Aviation,2023/6/24
China,13.394868,Power,2023/6/24
China,1.040457,Residential,2023/6/24
China,32.940356,Total,2023/6/24
China,0.234063,Domestic Aviation,2023/6/25
China,3.243818,Ground Transport,2023/6/25
China,15.527334,Industry,2023/6/25
China,0.077464,International Aviation,2023/6/25
China,13.85433,Power,2023/6/25
China,1.03584,Residential,2023/6/25
China,33.895385,Total,2023/6/25
China,0.232703,Domestic Aviation,2023/6/26
China,3.236941,Ground Transport,2023/6/26
China,15.995466,Industry,2023/6/26
China,0.072286,International Aviation,2023/6/26
China,14.272022,Power,2023/6/26
China,1.035005,Residential,2023/6/26
China,34.772137,Total,2023/6/26
China,0.233323,Domestic Aviation,2023/6/27
China,3.239045,Ground Transport,2023/6/27
China,15.878433,Industry,2023/6/27
China,0.07201,International Aviation,2023/6/27
China,14.167599,Power,2023/6/27
China,1.034242,Residential,2023/6/27
China,34.552642,Total,2023/6/27
China,0.235074,Domestic Aviation,2023/6/28
China,3.243026,Ground Transport,2023/6/28
China,16.355342,Industry,2023/6/28
China,0.082705,International Aviation,2023/6/28
China,14.593123,Power,2023/6/28
China,1.038588,Residential,2023/6/28
China,35.465152,Total,2023/6/28
China,0.235778,Domestic Aviation,2023/6/29
China,3.240195,Ground Transport,2023/6/29
China,16.270493,Industry,2023/6/29
China,0.079628,International Aviation,2023/6/29
China,14.517416,Power,2023/6/29
China,1.035246,Residential,2023/6/29
China,35.299128,Total,2023/6/29
China,0.238467,Domestic Aviation,2023/6/30
China,3.109587,Ground Transport,2023/6/30
China,16.337787,Industry,2023/6/30
China,0.07796,International Aviation,2023/6/30
China,14.57746,Power,2023/6/30
China,1.032827,Residential,2023/6/30
China,35.296127,Total,2023/6/30
China,0.236526,Domestic Aviation,2023/7/1
China,3.011033,Ground Transport,2023/7/1
China,13.607111,Industry,2023/7/1
China,0.079709,International Aviation,2023/7/1
China,13.864907,Power,2023/7/1
China,1.005501,Residential,2023/7/1
China,31.725077,Total,2023/7/1
China,0.239442,Domestic Aviation,2023/7/2
China,3.209423,Ground Transport,2023/7/2
China,13.736031,Industry,2023/7/2
China,0.077042,International Aviation,2023/7/2
China,13.996269,Power,2023/7/2
China,1.012835,Residential,2023/7/2
China,32.193999,Total,2023/7/2
China,0.238826,Domestic Aviation,2023/7/3
China,3.218056,Ground Transport,2023/7/3
China,13.989005,Industry,2023/7/3
China,0.074035,International Aviation,2023/7/3
China,14.254036,Power,2023/7/3
China,1.031067,Residential,2023/7/3
China,32.73099,Total,2023/7/3
China,0.242566,Domestic Aviation,2023/7/4
China,3.205563,Ground Transport,2023/7/4
China,13.908734,Industry,2023/7/4
China,0.076477,International Aviation,2023/7/4
China,14.172244,Power,2023/7/4
China,1.012298,Residential,2023/7/4
China,32.541406,Total,2023/7/4
China,0.243418,Domestic Aviation,2023/7/5
China,3.197989,Ground Transport,2023/7/5
China,13.587651,Industry,2023/7/5
China,0.079567,International Aviation,2023/7/5
China,13.845078,Power,2023/7/5
China,1.008596,Residential,2023/7/5
China,31.882732,Total,2023/7/5
China,0.243193,Domestic Aviation,2023/7/6
China,3.210126,Ground Transport,2023/7/6
China,13.860085,Industry,2023/7/6
China,0.080024,International Aviation,2023/7/6
China,14.122674,Power,2023/7/6
China,1.004185,Residential,2023/7/6
China,32.440264,Total,2023/7/6
China,0.244486,Domestic Aviation,2023/7/7
China,3.023072,Ground Transport,2023/7/7
China,14.13252,Industry,2023/7/7
China,0.081755,International Aviation,2023/7/7
China,14.400269,Power,2023/7/7
China,1.004264,Residential,2023/7/7
China,32.804611,Total,2023/7/7
China,0.243005,Domestic Aviation,2023/7/8
China,3.000386,Ground Transport,2023/7/8
China,14.400089,Industry,2023/7/8
China,0.081495,International Aviation,2023/7/8
China,14.672908,Power,2023/7/8
China,1.00361,Residential,2023/7/8
China,33.319997,Total,2023/7/8
China,0.242755,Domestic Aviation,2023/7/9
China,3.176424,Ground Transport,2023/7/9
China,14.653063,Industry,2023/7/9
China,0.079157,International Aviation,2023/7/9
China,14.930675,Power,2023/7/9
China,1.000282,Residential,2023/7/9
China,34.003199,Total,2023/7/9
China,0.250097,Domestic Aviation,2023/7/10
China,3.156519,Ground Transport,2023/7/10
China,15.132255,Industry,2023/7/10
China,0.076928,International Aviation,2023/7/10
China,15.418946,Power,2023/7/10
China,0.999623,Residential,2023/7/10
China,34.95744,Total,2023/7/10
China,0.242549,Domestic Aviation,2023/7/11
China,3.132894,Ground Transport,2023/7/11
China,15.205229,Industry,2023/7/11
China,0.07744,International Aviation,2023/7/11
China,15.493302,Power,2023/7/11
China,1.002736,Residential,2023/7/11
China,35.076709,Total,2023/7/11
China,0.247924,Domestic Aviation,2023/7/12
China,3.136741,Ground Transport,2023/7/12
China,15.263608,Industry,2023/7/12
China,0.081744,International Aviation,2023/7/12
China,15.552787,Power,2023/7/12
China,1.019505,Residential,2023/7/12
China,35.220564,Total,2023/7/12
China,0.250286,Domestic Aviation,2023/7/13
China,3.159871,Ground Transport,2023/7/13
China,15.188202,Industry,2023/7/13
China,0.080757,International Aviation,2023/7/13
China,15.475952,Power,2023/7/13
China,1.024475,Residential,2023/7/13
China,35.098785,Total,2023/7/13
China,0.253661,Domestic Aviation,2023/7/14
China,3.005221,Ground Transport,2023/7/14
China,15.107931,Industry,2023/7/14
China,0.081323,International Aviation,2023/7/14
China,15.394161,Power,2023/7/14
China,1.016946,Residential,2023/7/14
China,34.77792,Total,2023/7/14
China,0.249542,Domestic Aviation,2023/7/15
China,2.977368,Ground Transport,2023/7/15
China,15.180904,Industry,2023/7/15
China,0.082249,International Aviation,2023/7/15
China,15.468517,Power,2023/7/15
China,1.00985,Residential,2023/7/15
China,34.886181,Total,2023/7/15
China,0.242959,Domestic Aviation,2023/7/16
China,3.151376,Ground Transport,2023/7/16
China,15.107931,Industry,2023/7/16
China,0.078234,International Aviation,2023/7/16
China,15.394161,Power,2023/7/16
China,1.006803,Residential,2023/7/16
China,34.90323,Total,2023/7/16
China,0.222451,Domestic Aviation,2023/7/17
China,3.149098,Ground Transport,2023/7/17
China,15.054417,Industry,2023/7/17
China,0.073878,International Aviation,2023/7/17
China,15.339633,Power,2023/7/17
China,1.006264,Residential,2023/7/17
China,34.771863,Total,2023/7/17
China,0.242099,Domestic Aviation,2023/7/18
China,3.158544,Ground Transport,2023/7/18
China,15.020363,Industry,2023/7/18
China,0.078374,International Aviation,2023/7/18
China,15.304933,Power,2023/7/18
China,1.005816,Residential,2023/7/18
China,34.731755,Total,2023/7/18
China,0.248466,Domestic Aviation,2023/7/19
China,3.163703,Ground Transport,2023/7/19
China,14.760091,Industry,2023/7/19
China,0.085288,International Aviation,2023/7/19
China,15.039731,Power,2023/7/19
China,1.009794,Residential,2023/7/19
China,34.221785,Total,2023/7/19
China,0.277115,Domestic Aviation,2023/7/20
China,3.193816,Ground Transport,2023/7/20
China,14.672523,Industry,2023/7/20
China,0.081295,International Aviation,2023/7/20
China,14.950503,Power,2023/7/20
China,1.009834,Residential,2023/7/20
China,34.103791,Total,2023/7/20
China,0.277428,Domestic Aviation,2023/7/21
China,3.003082,Ground Transport,2023/7/21
China,14.541171,Industry,2023/7/21
China,0.081767,International Aviation,2023/7/21
China,14.816663,Power,2023/7/21
China,1.006629,Residential,2023/7/21
China,33.644972,Total,2023/7/21
China,0.276537,Domestic Aviation,2023/7/22
China,2.959256,Ground Transport,2023/7/22
China,14.336845,Industry,2023/7/22
China,0.084014,International Aviation,2023/7/22
China,14.608466,Power,2023/7/22
China,1.003115,Residential,2023/7/22
China,33.184219,Total,2023/7/22
China,0.279601,Domestic Aviation,2023/7/23
China,3.144992,Ground Transport,2023/7/23
China,14.407386,Industry,2023/7/23
China,0.081471,International Aviation,2023/7/23
China,14.680343,Power,2023/7/23
China,1.005282,Residential,2023/7/23
China,33.517606,Total,2023/7/23
China,0.278137,Domestic Aviation,2023/7/24
China,3.165306,Ground Transport,2023/7/24
China,14.643334,Industry,2023/7/24
China,0.074246,International Aviation,2023/7/24
China,14.920761,Power,2023/7/24
China,1.005044,Residential,2023/7/24
China,34.012581,Total,2023/7/24
China,0.279586,Domestic Aviation,2023/7/25
China,3.166283,Ground Transport,2023/7/25
China,14.582522,Industry,2023/7/25
China,0.078144,International Aviation,2023/7/25
China,14.858798,Power,2023/7/25
China,1.00442,Residential,2023/7/25
China,33.89161,Total,2023/7/25
China,0.279294,Domestic Aviation,2023/7/26
China,3.172528,Ground Transport,2023/7/26
China,14.604414,Industry,2023/7/26
China,0.082891,International Aviation,2023/7/26
China,14.881105,Power,2023/7/26
China,1.006681,Residential,2023/7/26
China,33.944022,Total,2023/7/26
China,0.266822,Domestic Aviation,2023/7/27
China,3.154978,Ground Transport,2023/7/27
China,14.35144,Industry,2023/7/27
China,0.080091,International Aviation,2023/7/27
China,14.623337,Power,2023/7/27
China,1.011642,Residential,2023/7/27
China,33.408219,Total,2023/7/27
China,0.259369,Domestic Aviation,2023/7/28
China,2.973672,Ground Transport,2023/7/28
China,13.940356,Industry,2023/7/28
China,0.082616,International Aviation,2023/7/28
China,14.204465,Power,2023/7/28
China,1.005894,Residential,2023/7/28
China,32.383756,Total,2023/7/28
China,0.269028,Domestic Aviation,2023/7/29
China,2.915124,Ground Transport,2023/7/29
China,13.5463,Industry,2023/7/29
China,0.083177,International Aviation,2023/7/29
China,13.802943,Power,2023/7/29
China,1.004887,Residential,2023/7/29
China,31.538282,Total,2023/7/29
China,0.269288,Domestic Aviation,2023/7/30
China,3.149525,Ground Transport,2023/7/30
China,13.179,Industry,2023/7/30
China,0.079324,International Aviation,2023/7/30
China,13.428685,Power,2023/7/30
China,1.001104,Residential,2023/7/30
China,31.027602,Total,2023/7/30
China,0.269744,Domestic Aviation,2023/7/31
China,3.173488,Ground Transport,2023/7/31
China,13.461164,Industry,2023/7/31
China,0.07666,International Aviation,2023/7/31
China,13.716195,Power,2023/7/31
China,1.000546,Residential,2023/7/31
China,31.621137,Total,2023/7/31
China,0.274341,Domestic Aviation,2023/8/1
China,3.206438,Ground Transport,2023/8/1
China,13.759338,Industry,2023/8/1
China,0.079098,International Aviation,2023/8/1
China,15.218698,Power,2023/8/1
China,1.000581,Residential,2023/8/1
China,33.459397,Total,2023/8/1
China,0.277931,Domestic Aviation,2023/8/2
China,3.204066,Ground Transport,2023/8/2
China,14.034084,Industry,2023/8/2
China,0.08312,International Aviation,2023/8/2
China,15.522584,Power,2023/8/2
China,1.000101,Residential,2023/8/2
China,34.038765,Total,2023/8/2
China,0.280485,Domestic Aviation,2023/8/3
China,3.223138,Ground Transport,2023/8/3
China,14.487904,Industry,2023/8/3
China,0.084533,International Aviation,2023/8/3
China,16.024538,Power,2023/8/3
China,1.002833,Residential,2023/8/3
China,35.018898,Total,2023/8/3
China,0.28088,Domestic Aviation,2023/8/4
China,3.082008,Ground Transport,2023/8/4
China,14.833788,Industry,2023/8/4
China,0.084359,International Aviation,2023/8/4
China,16.407108,Power,2023/8/4
China,1.00662,Residential,2023/8/4
China,35.610405,Total,2023/8/4
China,0.274718,Domestic Aviation,2023/8/5
China,3.051555,Ground Transport,2023/8/5
China,14.858319,Industry,2023/8/5
China,0.08117,International Aviation,2023/8/5
China,16.434241,Power,2023/8/5
China,1.0065,Residential,2023/8/5
China,35.625333,Total,2023/8/5
China,0.279109,Domestic Aviation,2023/8/6
China,3.171598,Ground Transport,2023/8/6
China,14.647354,Industry,2023/8/6
China,0.08249,International Aviation,2023/8/6
China,16.2009,Power,2023/8/6
China,1.009138,Residential,2023/8/6
China,35.308099,Total,2023/8/6
China,0.27923,Domestic Aviation,2023/8/7
China,3.196125,Ground Transport,2023/8/7
China,14.541872,Industry,2023/8/7
China,0.076496,International Aviation,2023/8/7
China,16.08423,Power,2023/8/7
China,1.002682,Residential,2023/8/7
China,35.104139,Total,2023/8/7
China,0.276943,Domestic Aviation,2023/8/8
China,3.16625,Ground Transport,2023/8/8
China,14.718494,Industry,2023/8/8
China,0.079445,International Aviation,2023/8/8
China,16.279585,Power,2023/8/8
China,0.999942,Residential,2023/8/8
China,35.441214,Total,2023/8/8
China,0.282919,Domestic Aviation,2023/8/9
China,3.171201,Ground Transport,2023/8/9
China,14.600746,Industry,2023/8/9
China,0.084998,International Aviation,2023/8/9
China,16.149348,Power,2023/8/9
China,0.998355,Residential,2023/8/9
China,35.202569,Total,2023/8/9
China,0.274495,Domestic Aviation,2023/8/10
China,3.183941,Ground Transport,2023/8/10
China,14.703775,Industry,2023/8/10
China,0.079399,International Aviation,2023/8/10
China,16.263305,Power,2023/8/10
China,0.998922,Residential,2023/8/10
China,35.424437,Total,2023/8/10
China,0.281341,Domestic Aviation,2023/8/11
China,3.086574,Ground Transport,2023/8/11
China,14.772461,Industry,2023/8/11
China,0.085063,International Aviation,2023/8/11
China,16.339277,Power,2023/8/11
China,1.007706,Residential,2023/8/11
China,35.487358,Total,2023/8/11
China,0.278931,Domestic Aviation,2023/8/12
China,3.062505,Ground Transport,2023/8/12
China,14.679244,Industry,2023/8/12
China,0.083603,International Aviation,2023/8/12
China,16.236172,Power,2023/8/12
China,1.003503,Residential,2023/8/12
China,35.260355,Total,2023/8/12
China,0.280558,Domestic Aviation,2023/8/13
China,3.167434,Ground Transport,2023/8/13
China,14.448654,Industry,2023/8/13
China,0.079429,International Aviation,2023/8/13
China,15.981126,Power,2023/8/13
China,1.00102,Residential,2023/8/13
China,34.878792,Total,2023/8/13
China,0.280668,Domestic Aviation,2023/8/14
China,3.164708,Ground Transport,2023/8/14
China,14.534512,Industry,2023/8/14
China,0.076101,International Aviation,2023/8/14
China,16.07609,Power,2023/8/14
China,1.00588,Residential,2023/8/14
China,35.061858,Total,2023/8/14
China,0.281098,Domestic Aviation,2023/8/15
China,3.190987,Ground Transport,2023/8/15
China,14.745477,Industry,2023/8/15
China,0.078207,International Aviation,2023/8/15
China,16.309431,Power,2023/8/15
China,1.006212,Residential,2023/8/15
China,35.533205,Total,2023/8/15
China,0.282379,Domestic Aviation,2023/8/16
China,3.18895,Ground Transport,2023/8/16
China,14.936818,Industry,2023/8/16
China,0.083454,International Aviation,2023/8/16
China,16.521065,Power,2023/8/16
China,1.006296,Residential,2023/8/16
China,35.935509,Total,2023/8/16
China,0.276517,Domestic Aviation,2023/8/17
China,3.187518,Ground Transport,2023/8/17
China,15.039847,Industry,2023/8/17
China,0.08408,International Aviation,2023/8/17
China,16.635022,Power,2023/8/17
China,1.010159,Residential,2023/8/17
China,36.149064,Total,2023/8/17
China,0.281039,Domestic Aviation,2023/8/18
China,3.041807,Ground Transport,2023/8/18
China,14.976067,Industry,2023/8/18
China,0.083632,International Aviation,2023/8/18
China,16.564477,Power,2023/8/18
China,1.005475,Residential,2023/8/18
China,35.868865,Total,2023/8/18
China,0.279846,Domestic Aviation,2023/8/19
China,2.963229,Ground Transport,2023/8/19
China,14.855866,Industry,2023/8/19
China,0.081456,International Aviation,2023/8/19
China,16.431528,Power,2023/8/19
China,1.009276,Residential,2023/8/19
China,35.539745,Total,2023/8/19
China,0.276446,Domestic Aviation,2023/8/20
China,3.1813,Ground Transport,2023/8/20
China,14.394687,Industry,2023/8/20
China,0.08476,International Aviation,2023/8/20
China,15.921434,Power,2023/8/20
China,1.00545,Residential,2023/8/20
China,34.779317,Total,2023/8/20
China,0.27751,Domestic Aviation,2023/8/21
China,3.208295,Ground Transport,2023/8/21
China,14.402046,Industry,2023/8/21
China,0.076056,International Aviation,2023/8/21
China,15.929574,Power,2023/8/21
China,1.009408,Residential,2023/8/21
China,34.826833,Total,2023/8/21
China,0.273528,Domestic Aviation,2023/8/22
China,3.199657,Ground Transport,2023/8/22
China,14.436389,Industry,2023/8/22
China,0.080554,International Aviation,2023/8/22
China,15.967559,Power,2023/8/22
China,1.014314,Residential,2023/8/22
China,34.891448,Total,2023/8/22
China,0.274055,Domestic Aviation,2023/8/23
China,3.194107,Ground Transport,2023/8/23
China,14.384874,Industry,2023/8/23
China,0.086289,International Aviation,2023/8/23
China,15.910581,Power,2023/8/23
China,1.025639,Residential,2023/8/23
China,34.789256,Total,2023/8/23
China,0.275835,Domestic Aviation,2023/8/24
China,3.205087,Ground Transport,2023/8/24
China,14.372609,Industry,2023/8/24
China,0.083063,International Aviation,2023/8/24
China,15.897014,Power,2023/8/24
China,1.026585,Residential,2023/8/24
China,34.77713,Total,2023/8/24
China,0.27877,Domestic Aviation,2023/8/25
China,3.032544,Ground Transport,2023/8/25
China,14.173909,Industry,2023/8/25
China,0.084376,International Aviation,2023/8/25
China,15.67724,Power,2023/8/25
China,1.042253,Residential,2023/8/25
China,34.204716,Total,2023/8/25
China,0.274499,Domestic Aviation,2023/8/26
China,3.015157,Ground Transport,2023/8/26
China,13.911429,Industry,2023/8/26
China,0.083565,International Aviation,2023/8/26
China,15.386921,Power,2023/8/26
China,1.065111,Residential,2023/8/26
China,33.653117,Total,2023/8/26
China,0.273863,Domestic Aviation,2023/8/27
China,3.189539,Ground Transport,2023/8/27
China,13.25891,Industry,2023/8/27
China,0.082633,International Aviation,2023/8/27
China,14.665193,Power,2023/8/27
China,1.054853,Residential,2023/8/27
China,32.442357,Total,2023/8/27
China,0.267755,Domestic Aviation,2023/8/28
China,3.207906,Ground Transport,2023/8/28
China,13.170599,Industry,2023/8/28
China,0.076997,International Aviation,2023/8/28
China,14.567515,Power,2023/8/28
China,1.032672,Residential,2023/8/28
China,32.246446,Total,2023/8/28
China,0.264862,Domestic Aviation,2023/8/29
China,3.166933,Ground Transport,2023/8/29
China,12.736403,Industry,2023/8/29
China,0.079387,International Aviation,2023/8/29
China,14.087267,Power,2023/8/29
China,1.040528,Residential,2023/8/29
China,31.295993,Total,2023/8/29
China,0.260649,Domestic Aviation,2023/8/30
China,3.173035,Ground Transport,2023/8/30
China,12.756028,Industry,2023/8/30
China,0.0843,International Aviation,2023/8/30
China,14.108973,Power,2023/8/30
China,1.034335,Residential,2023/8/30
China,31.33302,Total,2023/8/30
China,0.257275,Domestic Aviation,2023/8/31
China,3.214758,Ground Transport,2023/8/31
China,12.930197,Industry,2023/8/31
China,0.081855,International Aviation,2023/8/31
China,14.301615,Power,2023/8/31
China,1.026821,Residential,2023/8/31
China,31.730666,Total,2023/8/31
China,0.222884,Domestic Aviation,2023/9/1
China,3.198553,Ground Transport,2023/9/1
China,14.425342,Industry,2023/9/1
China,0.071908,International Aviation,2023/9/1
China,12.301316,Power,2023/9/1
China,1.039266,Residential,2023/9/1
China,31.187361,Total,2023/9/1
China,0.221513,Domestic Aviation,2023/9/2
China,3.181174,Ground Transport,2023/9/2
China,14.474417,Industry,2023/9/2
China,0.062604,International Aviation,2023/9/2
China,12.343165,Power,2023/9/2
China,1.036723,Residential,2023/9/2
China,31.256991,Total,2023/9/2
China,0.251151,Domestic Aviation,2023/9/3
China,3.32693,Ground Transport,2023/9/3
China,14.444427,Industry,2023/9/3
China,0.088649,International Aviation,2023/9/3
China,12.317591,Power,2023/9/3
China,1.03622,Residential,2023/9/3
China,31.376319,Total,2023/9/3
China,0.236885,Domestic Aviation,2023/9/4
China,3.351202,Ground Transport,2023/9/4
China,14.823395,Industry,2023/9/4
China,0.07702,International Aviation,2023/9/4
China,12.640759,Power,2023/9/4
China,1.039504,Residential,2023/9/4
China,32.091746,Total,2023/9/4
China,0.235202,Domestic Aviation,2023/9/5
China,3.355315,Ground Transport,2023/9/5
China,14.867017,Industry,2023/9/5
China,0.08082,International Aviation,2023/9/5
China,12.677958,Power,2023/9/5
China,1.043042,Residential,2023/9/5
China,32.178534,Total,2023/9/5
China,0.241853,Domestic Aviation,2023/9/6
China,3.315386,Ground Transport,2023/9/6
China,14.926998,Industry,2023/9/6
China,0.08584,International Aviation,2023/9/6
China,12.729107,Power,2023/9/6
China,1.03412,Residential,2023/9/6
China,32.247465,Total,2023/9/6
China,0.236475,Domestic Aviation,2023/9/7
China,3.350684,Ground Transport,2023/9/7
China,15.226901,Industry,2023/9/7
China,0.08432,International Aviation,2023/9/7
China,12.984852,Power,2023/9/7
China,1.040981,Residential,2023/9/7
China,32.839893,Total,2023/9/7
China,0.250198,Domestic Aviation,2023/9/8
China,3.200926,Ground Transport,2023/9/8
China,15.319599,Industry,2023/9/8
China,0.087388,International Aviation,2023/9/8
China,13.0639,Power,2023/9/8
China,1.045806,Residential,2023/9/8
China,32.880428,Total,2023/9/8
China,0.243002,Domestic Aviation,2023/9/9
China,3.171534,Ground Transport,2023/9/9
China,15.450465,Industry,2023/9/9
China,0.082277,International Aviation,2023/9/9
China,13.175498,Power,2023/9/9
China,1.043011,Residential,2023/9/9
China,33.083511,Total,2023/9/9
China,0.252318,Domestic Aviation,2023/9/10
China,3.319876,Ground Transport,2023/9/10
China,15.267797,Industry,2023/9/10
China,0.083406,International Aviation,2023/9/10
China,13.019726,Power,2023/9/10
China,1.035801,Residential,2023/9/10
China,32.895519,Total,2023/9/10
China,0.242844,Domestic Aviation,2023/9/11
China,3.329436,Ground Transport,2023/9/11
China,15.404117,Industry,2023/9/11
China,0.081073,International Aviation,2023/9/11
China,13.135974,Power,2023/9/11
China,1.056942,Residential,2023/9/11
China,33.169312,Total,2023/9/11
China,0.23908,Domestic Aviation,2023/9/12
China,3.331338,Ground Transport,2023/9/12
China,15.344136,Industry,2023/9/12
China,0.084477,International Aviation,2023/9/12
China,13.084825,Power,2023/9/12
China,1.080624,Residential,2023/9/12
China,33.080003,Total,2023/9/12
China,0.242408,Domestic Aviation,2023/9/13
China,3.33956,Ground Transport,2023/9/13
China,15.006063,Industry,2023/9/13
China,0.085566,International Aviation,2023/9/13
China,12.796531,Power,2023/9/13
China,1.062055,Residential,2023/9/13
China,32.446617,Total,2023/9/13
China,0.237804,Domestic Aviation,2023/9/14
China,3.362859,Ground Transport,2023/9/14
China,14.787952,Industry,2023/9/14
China,0.087665,International Aviation,2023/9/14
China,12.610535,Power,2023/9/14
China,1.046158,Residential,2023/9/14
China,32.045308,Total,2023/9/14
China,0.249709,Domestic Aviation,2023/9/15
China,3.229751,Ground Transport,2023/9/15
China,14.760688,Industry,2023/9/15
China,0.087411,International Aviation,2023/9/15
China,12.587285,Power,2023/9/15
China,1.051149,Residential,2023/9/15
China,31.878583,Total,2023/9/15
China,0.242852,Domestic Aviation,2023/9/16
China,3.205197,Ground Transport,2023/9/16
China,14.632548,Industry,2023/9/16
China,0.084121,International Aviation,2023/9/16
China,12.478013,Power,2023/9/16
China,1.051964,Residential,2023/9/16
China,31.610573,Total,2023/9/16
China,0.253407,Domestic Aviation,2023/9/17
China,3.344935,Ground Transport,2023/9/17
China,14.834301,Industry,2023/9/17
China,0.082658,International Aviation,2023/9/17
China,12.650059,Power,2023/9/17
China,1.053487,Residential,2023/9/17
China,32.136189,Total,2023/9/17
China,0.244653,Domestic Aviation,2023/9/18
China,3.353851,Ground Transport,2023/9/18
China,15.123298,Industry,2023/9/18
China,0.079067,International Aviation,2023/9/18
China,12.896504,Power,2023/9/18
China,1.058903,Residential,2023/9/18
China,32.677209,Total,2023/9/18
China,0.238689,Domestic Aviation,2023/9/19
China,3.356106,Ground Transport,2023/9/19
China,15.363221,Industry,2023/9/19
China,0.083303,International Aviation,2023/9/19
China,13.101099,Power,2023/9/19
China,1.120381,Residential,2023/9/19
China,33.179497,Total,2023/9/19
China,0.24735,Domestic Aviation,2023/9/20
China,3.355525,Ground Transport,2023/9/20
China,15.033327,Industry,2023/9/20
China,0.083823,International Aviation,2023/9/20
China,12.81978,Power,2023/9/20
China,1.133529,Residential,2023/9/20
China,32.589511,Total,2023/9/20
China,0.242368,Domestic Aviation,2023/9/21
China,3.36521,Ground Transport,2023/9/21
China,14.959715,Industry,2023/9/21
China,0.089206,International Aviation,2023/9/21
China,12.757007,Power,2023/9/21
China,1.093521,Residential,2023/9/21
China,32.417821,Total,2023/9/21
China,0.252495,Domestic Aviation,2023/9/22
China,3.206266,Ground Transport,2023/9/22
China,14.763415,Industry,2023/9/22
China,0.089782,International Aviation,2023/9/22
China,12.58961,Power,2023/9/22
China,1.134538,Residential,2023/9/22
China,31.946323,Total,2023/9/22
China,0.246659,Domestic Aviation,2023/9/23
China,3.169148,Ground Transport,2023/9/23
China,14.629821,Industry,2023/9/23
China,0.086752,International Aviation,2023/9/23
China,12.475688,Power,2023/9/23
China,1.154116,Residential,2023/9/23
China,31.675431,Total,2023/9/23
China,0.255146,Domestic Aviation,2023/9/24
China,3.321914,Ground Transport,2023/9/24
China,14.741603,Industry,2023/9/24
China,0.083645,International Aviation,2023/9/24
China,12.571011,Power,2023/9/24
China,1.159103,Residential,2023/9/24
China,32.048776,Total,2023/9/24
China,0.251911,Domestic Aviation,2023/9/25
China,3.33347,Ground Transport,2023/9/25
China,14.959715,Industry,2023/9/25
China,0.083634,International Aviation,2023/9/25
China,12.757007,Power,2023/9/25
China,1.122049,Residential,2023/9/25
China,32.42415,Total,2023/9/25
China,0.260057,Domestic Aviation,2023/9/26
China,3.340274,Ground Transport,2023/9/26
China,15.027875,Industry,2023/9/26
China,0.083474,International Aviation,2023/9/26
China,12.81513,Power,2023/9/26
China,1.085386,Residential,2023/9/26
China,32.528722,Total,2023/9/26
China,0.271433,Domestic Aviation,2023/9/27
China,3.392338,Ground Transport,2023/9/27
China,14.926998,Industry,2023/9/27
China,0.089767,International Aviation,2023/9/27
China,12.729107,Power,2023/9/27
China,1.126216,Residential,2023/9/27
China,32.446093,Total,2023/9/27
China,0.277246,Domestic Aviation,2023/9/28
China,3.206309,Ground Transport,2023/9/28
China,14.550756,Industry,2023/9/28
China,0.09076,International Aviation,2023/9/28
China,12.408264,Power,2023/9/28
China,1.140122,Residential,2023/9/28
China,31.582697,Total,2023/9/28
China,0.276108,Domestic Aviation,2023/9/29
China,3.16207,Ground Transport,2023/9/29
China,13.479284,Industry,2023/9/29
China,0.091456,International Aviation,2023/9/29
China,11.494558,Power,2023/9/29
China,1.133575,Residential,2023/9/29
China,29.545595,Total,2023/9/29
China,0.271142,Domestic Aviation,2023/9/30
China,3.169148,Ground Transport,2023/9/30
China,12.615017,Industry,2023/9/30
China,0.088327,International Aviation,2023/9/30
China,10.757549,Power,2023/9/30
China,1.170467,Residential,2023/9/30
China,27.983323,Total,2023/9/30
China,0.254324,Domestic Aviation,2023/10/1
China,3.277875,Ground Transport,2023/10/1
China,13.499994,Industry,2023/10/1
China,0.086288,International Aviation,2023/10/1
China,11.201606,Power,2023/10/1
China,1.137178,Residential,2023/10/1
China,29.370977,Total,2023/10/1
China,0.24589,Domestic Aviation,2023/10/2
China,3.295216,Ground Transport,2023/10/2
China,13.766461,Industry,2023/10/2
China,0.080417,International Aviation,2023/10/2
China,11.422707,Power,2023/10/2
China,1.131155,Residential,2023/10/2
China,29.861428,Total,2023/10/2
China,0.254916,Domestic Aviation,2023/10/3
China,3.340514,Ground Transport,2023/10/3
China,14.077838,Industry,2023/10/3
China,0.080663,International Aviation,2023/10/3
China,11.681072,Power,2023/10/3
China,1.079168,Residential,2023/10/3
China,30.433507,Total,2023/10/3
China,0.267312,Domestic Aviation,2023/10/4
China,3.250756,Ground Transport,2023/10/4
China,14.089814,Industry,2023/10/4
China,0.083888,International Aviation,2023/10/4
China,11.691009,Power,2023/10/4
China,1.170555,Residential,2023/10/4
China,30.469444,Total,2023/10/4
China,0.272293,Domestic Aviation,2023/10/5
China,2.94202,Ground Transport,2023/10/5
China,14.092808,Industry,2023/10/5
China,0.083764,International Aviation,2023/10/5
China,11.693493,Power,2023/10/5
China,1.244361,Residential,2023/10/5
China,30.244975,Total,2023/10/5
China,0.274328,Domestic Aviation,2023/10/6
China,3.135571,Ground Transport,2023/10/6
China,14.595802,Industry,2023/10/6
China,0.084776,International Aviation,2023/10/6
China,12.110852,Power,2023/10/6
China,1.277657,Residential,2023/10/6
China,31.39421,Total,2023/10/6
China,0.269475,Domestic Aviation,2023/10/7
China,3.3613,Ground Transport,2023/10/7
China,14.619754,Industry,2023/10/7
China,0.083429,International Aviation,2023/10/7
China,12.130726,Power,2023/10/7
China,1.270058,Residential,2023/10/7
China,31.651312,Total,2023/10/7
China,0.236401,Domestic Aviation,2023/10/8
China,3.349711,Ground Transport,2023/10/8
China,14.437119,Industry,2023/10/8
China,0.080589,International Aviation,2023/10/8
China,11.979185,Power,2023/10/8
China,1.21339,Residential,2023/10/8
China,31.215807,Total,2023/10/8
China,0.224428,Domestic Aviation,2023/10/9
China,3.345997,Ground Transport,2023/10/9
China,14.332329,Industry,2023/10/9
China,0.077023,International Aviation,2023/10/9
China,11.892235,Power,2023/10/9
China,1.216966,Residential,2023/10/9
China,31.011956,Total,2023/10/9
China,0.230759,Domestic Aviation,2023/10/10
China,3.345181,Ground Transport,2023/10/10
China,14.488017,Industry,2023/10/10
China,0.082572,International Aviation,2023/10/10
China,12.021418,Power,2023/10/10
China,1.237689,Residential,2023/10/10
China,31.323064,Total,2023/10/10
China,0.226533,Domestic Aviation,2023/10/11
China,3.343227,Ground Transport,2023/10/11
China,14.556879,Industry,2023/10/11
China,0.086728,International Aviation,2023/10/11
China,12.078556,Power,2023/10/11
China,1.199555,Residential,2023/10/11
China,31.40475,Total,2023/10/11
China,0.226564,Domestic Aviation,2023/10/12
China,3.361385,Ground Transport,2023/10/12
China,14.63173,Industry,2023/10/12
China,0.086043,International Aviation,2023/10/12
China,12.140663,Power,2023/10/12
China,1.206194,Residential,2023/10/12
China,31.566535,Total,2023/10/12
China,0.24161,Domestic Aviation,2023/10/13
China,2.907759,Ground Transport,2023/10/13
China,14.613766,Industry,2023/10/13
China,0.088867,International Aviation,2023/10/13
China,12.125757,Power,2023/10/13
China,1.227602,Residential,2023/10/13
China,31.116494,Total,2023/10/13
China,0.228348,Domestic Aviation,2023/10/14
China,3.062139,Ground Transport,2023/10/14
China,14.317359,Industry,2023/10/14
China,0.086566,International Aviation,2023/10/14
China,11.879814,Power,2023/10/14
China,1.214128,Residential,2023/10/14
China,30.701787,Total,2023/10/14
China,0.243596,Domestic Aviation,2023/10/15
China,3.335802,Ground Transport,2023/10/15
China,14.038916,Industry,2023/10/15
China,0.085369,International Aviation,2023/10/15
China,11.648776,Power,2023/10/15
China,1.253011,Residential,2023/10/15
China,30.520101,Total,2023/10/15
China,0.23348,Domestic Aviation,2023/10/16
China,3.350057,Ground Transport,2023/10/16
China,13.907179,Industry,2023/10/16
China,0.08284,International Aviation,2023/10/16
China,11.539468,Power,2023/10/16
China,1.270806,Residential,2023/10/16
China,30.300991,Total,2023/10/16
China,0.226616,Domestic Aviation,2023/10/17
China,3.360353,Ground Transport,2023/10/17
China,13.817359,Industry,2023/10/17
China,0.082192,International Aviation,2023/10/17
China,11.464939,Power,2023/10/17
China,1.18329,Residential,2023/10/17
China,30.052557,Total,2023/10/17
China,0.229332,Domestic Aviation,2023/10/18
China,3.345495,Ground Transport,2023/10/18
China,13.874245,Industry,2023/10/18
China,0.088437,International Aviation,2023/10/18
China,11.512141,Power,2023/10/18
China,1.263716,Residential,2023/10/18
China,30.224929,Total,2023/10/18
China,0.233966,Domestic Aviation,2023/10/19
China,3.374321,Ground Transport,2023/10/19
China,14.023946,Industry,2023/10/19
China,0.088042,International Aviation,2023/10/19
China,11.636355,Power,2023/10/19
China,1.442797,Residential,2023/10/19
China,30.711384,Total,2023/10/19
China,0.249298,Domestic Aviation,2023/10/20
China,3.259592,Ground Transport,2023/10/20
China,13.895203,Industry,2023/10/20
China,0.089701,International Aviation,2023/10/20
China,11.529531,Power,2023/10/20
China,1.596369,Residential,2023/10/20
China,30.529993,Total,2023/10/20
China,0.234699,Domestic Aviation,2023/10/21
China,3.219328,Ground Transport,2023/10/21
China,13.862269,Industry,2023/10/21
China,0.087437,International Aviation,2023/10/21
China,11.502204,Power,2023/10/21
China,1.46908,Residential,2023/10/21
China,30.287579,Total,2023/10/21
China,0.243518,Domestic Aviation,2023/10/22
China,3.325381,Ground Transport,2023/10/22
China,13.999993,Industry,2023/10/22
China,0.08472,International Aviation,2023/10/22
China,11.61648,Power,2023/10/22
China,1.332225,Residential,2023/10/22
China,30.517598,Total,2023/10/22
China,0.23429,Domestic Aviation,2023/10/23
China,3.336537,Ground Transport,2023/10/23
China,14.05688,Industry,2023/10/23
China,0.080155,International Aviation,2023/10/23
China,11.663682,Power,2023/10/23
China,1.214126,Residential,2023/10/23
China,30.505514,Total,2023/10/23
China,0.22802,Domestic Aviation,2023/10/24
China,3.334623,Ground Transport,2023/10/24
China,14.287419,Industry,2023/10/24
China,0.084835,International Aviation,2023/10/24
China,11.854971,Power,2023/10/24
China,1.201379,Residential,2023/10/24
China,30.906412,Total,2023/10/24
China,0.234868,Domestic Aviation,2023/10/25
China,3.346043,Ground Transport,2023/10/25
China,14.60179,Industry,2023/10/25
China,0.088623,International Aviation,2023/10/25
China,12.11582,Power,2023/10/25
China,1.183807,Residential,2023/10/25
China,31.482327,Total,2023/10/25
China,0.233922,Domestic Aviation,2023/10/26
China,3.373621,Ground Transport,2023/10/26
China,14.61676,Industry,2023/10/26
China,0.089089,International Aviation,2023/10/26
China,12.128241,Power,2023/10/26
China,1.340589,Residential,2023/10/26
China,31.693133,Total,2023/10/26
China,0.24582,Domestic Aviation,2023/10/27
China,3.208327,Ground Transport,2023/10/27
China,14.604784,Industry,2023/10/27
China,0.090262,International Aviation,2023/10/27
China,12.118304,Power,2023/10/27
China,1.353585,Residential,2023/10/27
China,31.53082,Total,2023/10/27
China,0.229249,Domestic Aviation,2023/10/28
China,3.184906,Ground Transport,2023/10/28
China,14.730532,Industry,2023/10/28
China,0.085989,International Aviation,2023/10/28
China,12.222644,Power,2023/10/28
China,1.299715,Residential,2023/10/28
China,31.667046,Total,2023/10/28
China,0.231346,Domestic Aviation,2023/10/29
China,3.337643,Ground Transport,2023/10/29
China,14.323347,Industry,2023/10/29
China,0.088338,International Aviation,2023/10/29
China,11.884782,Power,2023/10/29
China,1.238134,Residential,2023/10/29
China,31.015252,Total,2023/10/29
China,0.224216,Domestic Aviation,2023/10/30
China,3.347231,Ground Transport,2023/10/30
China,14.293407,Industry,2023/10/30
China,0.08294,International Aviation,2023/10/30
China,11.85994,Power,2023/10/30
China,1.234547,Residential,2023/10/30
China,30.95934,Total,2023/10/30
China,0.218773,Domestic Aviation,2023/10/31
China,3.334623,Ground Transport,2023/10/31
China,14.568856,Industry,2023/10/31
China,0.087062,International Aviation,2023/10/31
China,12.088493,Power,2023/10/31
China,1.25092,Residential,2023/10/31
China,31.461664,Total,2023/10/31
China,0.221722,Domestic Aviation,2023/11/1
China,3.103651,Ground Transport,2023/11/1
China,13.214357,Industry,2023/11/1
China,0.0917,International Aviation,2023/11/1
China,12.344777,Power,2023/11/1
China,1.283699,Residential,2023/11/1
China,30.168206,Total,2023/11/1
China,0.215494,Domestic Aviation,2023/11/2
China,3.134348,Ground Transport,2023/11/2
China,13.190022,Industry,2023/11/2
China,0.089113,International Aviation,2023/11/2
China,12.322043,Power,2023/11/2
China,1.288196,Residential,2023/11/2
China,30.150102,Total,2023/11/2
China,0.238143,Domestic Aviation,2023/11/3
China,2.957498,Ground Transport,2023/11/3
China,13.544243,Industry,2023/11/3
China,0.089235,International Aviation,2023/11/3
China,12.652954,Power,2023/11/3
China,1.518622,Residential,2023/11/3
China,30.91146,Total,2023/11/3
China,0.214409,Domestic Aviation,2023/11/4
China,2.947598,Ground Transport,2023/11/4
China,13.71189,Industry,2023/11/4
China,0.091253,International Aviation,2023/11/4
China,12.809569,Power,2023/11/4
China,1.493554,Residential,2023/11/4
China,31.177019,Total,2023/11/4
China,0.230171,Domestic Aviation,2023/11/5
China,3.112471,Ground Transport,2023/11/5
China,13.582099,Industry,2023/11/5
China,0.09388,International Aviation,2023/11/5
China,12.688319,Power,2023/11/5
China,1.70032,Residential,2023/11/5
China,31.31338,Total,2023/11/5
China,0.202391,Domestic Aviation,2023/11/6
China,3.075843,Ground Transport,2023/11/6
China,13.452308,Industry,2023/11/6
China,0.082602,International Aviation,2023/11/6
China,12.567069,Power,2023/11/6
China,1.991226,Residential,2023/11/6
China,31.288837,Total,2023/11/6
China,0.210249,Domestic Aviation,2023/11/7
China,3.044114,Ground Transport,2023/11/7
China,13.606435,Industry,2023/11/7
China,0.088851,International Aviation,2023/11/7
China,12.711053,Power,2023/11/7
China,1.799507,Residential,2023/11/7
China,31.371357,Total,2023/11/7
China,0.21828,Domestic Aviation,2023/11/8
China,3.014786,Ground Transport,2023/11/8
China,13.890353,Industry,2023/11/8
China,0.089609,International Aviation,2023/11/8
China,12.976288,Power,2023/11/8
China,1.679769,Residential,2023/11/8
China,31.779476,Total,2023/11/8
China,0.219179,Domestic Aviation,2023/11/9
China,3.020209,Ground Transport,2023/11/9
China,14.07152,Industry,2023/11/9
China,0.088808,International Aviation,2023/11/9
China,13.145533,Power,2023/11/9
China,1.904506,Residential,2023/11/9
China,32.360947,Total,2023/11/9
China,0.236949,Domestic Aviation,2023/11/10
China,2.796447,Ground Transport,2023/11/10
China,14.076927,Industry,2023/11/10
China,0.091677,International Aviation,2023/11/10
China,13.150585,Power,2023/11/10
China,2.192235,Residential,2023/11/10
China,32.453143,Total,2023/11/10
China,0.221677,Domestic Aviation,2023/11/11
China,2.781502,Ground Transport,2023/11/11
China,14.131007,Industry,2023/11/11
China,0.090258,International Aviation,2023/11/11
China,13.201106,Power,2023/11/11
China,2.39527,Residential,2023/11/11
China,32.730562,Total,2023/11/11
China,0.219873,Domestic Aviation,2023/11/12
China,3.085608,Ground Transport,2023/11/12
China,13.893057,Industry,2023/11/12
China,0.092209,International Aviation,2023/11/12
China,12.978814,Power,2023/11/12
China,2.494047,Residential,2023/11/12
China,32.671399,Total,2023/11/12
China,0.224495,Domestic Aviation,2023/11/13
China,3.054264,Ground Transport,2023/11/13
China,14.033664,Industry,2023/11/13
China,0.085518,International Aviation,2023/11/13
China,13.110168,Power,2023/11/13
China,2.487197,Residential,2023/11/13
China,32.909788,Total,2023/11/13
China,0.218005,Domestic Aviation,2023/11/14
China,3.078967,Ground Transport,2023/11/14
China,14.25539,Industry,2023/11/14
China,0.088416,International Aviation,2023/11/14
China,13.317304,Power,2023/11/14
China,2.30288,Residential,2023/11/14
China,33.172545,Total,2023/11/14
China,0.225747,Domestic Aviation,2023/11/15
China,3.119674,Ground Transport,2023/11/15
China,14.666395,Industry,2023/11/15
China,0.092641,International Aviation,2023/11/15
China,13.701263,Power,2023/11/15
China,2.115347,Residential,2023/11/15
China,33.828426,Total,2023/11/15
China,0.222128,Domestic Aviation,2023/11/16
China,3.133677,Ground Transport,2023/11/16
China,14.212127,Industry,2023/11/16
China,0.09078,International Aviation,2023/11/16
China,13.276887,Power,2023/11/16
China,2.263866,Residential,2023/11/16
China,33.108684,Total,2023/11/16
China,0.237101,Domestic Aviation,2023/11/17
China,2.999105,Ground Transport,2023/11/17
China,14.298654,Industry,2023/11/17
China,0.092917,International Aviation,2023/11/17
China,13.357721,Power,2023/11/17
China,2.32086,Residential,2023/11/17
China,33.213439,Total,2023/11/17
China,0.217018,Domestic Aviation,2023/11/18
China,2.969435,Ground Transport,2023/11/18
China,14.417629,Industry,2023/11/18
China,0.093433,International Aviation,2023/11/18
China,13.468867,Power,2023/11/18
China,2.170049,Residential,2023/11/18
China,33.242998,Total,2023/11/18
China,0.23894,Domestic Aviation,2023/11/19
China,3.10779,Ground Transport,2023/11/19
China,14.463597,Industry,2023/11/19
China,0.09492,International Aviation,2023/11/19
China,13.511809,Power,2023/11/19
China,2.028065,Residential,2023/11/19
China,33.350202,Total,2023/11/19
China,0.21863,Domestic Aviation,2023/11/20
China,3.102069,Ground Transport,2023/11/20
China,14.633948,Industry,2023/11/20
China,0.087762,International Aviation,2023/11/20
China,13.67095,Power,2023/11/20
China,1.881944,Residential,2023/11/20
China,33.50754,Total,2023/11/20
China,0.216926,Domestic Aviation,2023/11/21
China,3.107947,Ground Transport,2023/11/21
China,14.598796,Industry,2023/11/21
China,0.089764,International Aviation,2023/11/21
China,13.638112,Power,2023/11/21
China,1.745011,Residential,2023/11/21
China,33.306791,Total,2023/11/21
China,0.219792,Domestic Aviation,2023/11/22
China,3.111552,Ground Transport,2023/11/22
China,14.715067,Industry,2023/11/22
China,0.093447,International Aviation,2023/11/22
China,13.746731,Power,2023/11/22
China,1.818189,Residential,2023/11/22
China,33.611332,Total,2023/11/22
China,0.222854,Domestic Aviation,2023/11/23
China,3.091441,Ground Transport,2023/11/23
China,14.496045,Industry,2023/11/23
China,0.092459,International Aviation,2023/11/23
China,13.542122,Power,2023/11/23
China,2.304787,Residential,2023/11/23
China,33.657248,Total,2023/11/23
China,0.239316,Domestic Aviation,2023/11/24
China,2.807405,Ground Transport,2023/11/24
China,14.769147,Industry,2023/11/24
China,0.093342,International Aviation,2023/11/24
China,13.797252,Power,2023/11/24
China,2.469501,Residential,2023/11/24
China,34.082621,Total,2023/11/24
China,0.222391,Domestic Aviation,2023/11/25
China,2.833946,Ground Transport,2023/11/25
China,15.263975,Industry,2023/11/25
China,0.0934,International Aviation,2023/11/25
China,14.259518,Power,2023/11/25
China,2.400963,Residential,2023/11/25
China,34.980793,Total,2023/11/25
China,0.233376,Domestic Aviation,2023/11/26
China,3.087538,Ground Transport,2023/11/26
China,15.434326,Industry,2023/11/26
China,0.095234,International Aviation,2023/11/26
China,14.418659,Power,2023/11/26
China,2.322615,Residential,2023/11/26
China,35.496515,Total,2023/11/26
China,0.22099,Domestic Aviation,2023/11/27
China,3.097452,Ground Transport,2023/11/27
China,15.558709,Industry,2023/11/27
China,0.088906,International Aviation,2023/11/27
China,14.534857,Power,2023/11/27
China,2.22452,Residential,2023/11/27
China,35.636528,Total,2023/11/27
China,0.215987,Domestic Aviation,2023/11/28
China,3.095421,Ground Transport,2023/11/28
China,15.307239,Industry,2023/11/28
China,0.089237,International Aviation,2023/11/28
China,14.299935,Power,2023/11/28
China,2.298855,Residential,2023/11/28
China,35.217438,Total,2023/11/28
China,0.225099,Domestic Aviation,2023/11/29
China,3.082281,Ground Transport,2023/11/29
China,15.269383,Industry,2023/11/29
China,0.093711,International Aviation,2023/11/29
China,14.26457,Power,2023/11/29
China,2.459912,Residential,2023/11/29
China,35.301245,Total,2023/11/29
China,0.227634,Domestic Aviation,2023/11/30
China,3.10877,Ground Transport,2023/11/30
China,15.512742,Industry,2023/11/30
China,0.091376,International Aviation,2023/11/30
China,14.491914,Power,2023/11/30
China,2.736699,Residential,2023/11/30
China,36.077758,Total,2023/11/30
China,0.240764,Domestic Aviation,2023/12/1
China,3.001783,Ground Transport,2023/12/1
China,11.934561,Industry,2023/12/1
China,0.096122,International Aviation,2023/12/1
China,14.504486,Power,2023/12/1
China,2.677335,Residential,2023/12/1
China,32.358927,Total,2023/12/1
China,0.216035,Domestic Aviation,2023/12/2
China,2.976768,Ground Transport,2023/12/2
China,11.965581,Industry,2023/12/2
China,0.095255,International Aviation,2023/12/2
China,14.542186,Power,2023/12/2
China,2.537494,Residential,2023/12/2
China,32.238065,Total,2023/12/2
China,0.2303,Domestic Aviation,2023/12/3
China,3.146176,Ground Transport,2023/12/3
China,11.969717,Industry,2023/12/3
China,0.094453,International Aviation,2023/12/3
China,14.547213,Power,2023/12/3
China,2.354335,Residential,2023/12/3
China,32.247741,Total,2023/12/3
China,0.222196,Domestic Aviation,2023/12/4
China,3.151568,Ground Transport,2023/12/4
China,12.124819,Industry,2023/12/4
China,0.088464,International Aviation,2023/12/4
China,14.735713,Power,2023/12/4
China,2.258344,Residential,2023/12/4
China,32.492641,Total,2023/12/4
China,0.212355,Domestic Aviation,2023/12/5
China,3.150555,Ground Transport,2023/12/5
China,11.876656,Industry,2023/12/5
China,0.091584,International Aviation,2023/12/5
China,14.434112,Power,2023/12/5
China,2.025874,Residential,2023/12/5
China,31.699552,Total,2023/12/5
China,0.217877,Domestic Aviation,2023/12/6
China,3.149819,Ground Transport,2023/12/6
China,11.682262,Industry,2023/12/6
China,0.095228,International Aviation,2023/12/6
China,14.197858,Power,2023/12/6
China,2.157792,Residential,2023/12/6
China,31.405607,Total,2023/12/6
China,0.220356,Domestic Aviation,2023/12/7
China,3.183214,Ground Transport,2023/12/7
China,11.686398,Industry,2023/12/7
China,0.095652,International Aviation,2023/12/7
China,14.202885,Power,2023/12/7
China,1.94906,Residential,2023/12/7
China,31.241913,Total,2023/12/7
China,0.234985,Domestic Aviation,2023/12/8
China,3.045008,Ground Transport,2023/12/8
China,11.591269,Industry,2023/12/8
China,0.096129,International Aviation,2023/12/8
China,14.087271,Power,2023/12/8
China,1.821526,Residential,2023/12/8
China,30.780059,Total,2023/12/8
China,0.213712,Domestic Aviation,2023/12/9
China,3.015784,Ground Transport,2023/12/9
China,11.787731,Industry,2023/12/9
China,0.09599,International Aviation,2023/12/9
China,14.326039,Power,2023/12/9
China,1.975809,Residential,2023/12/9
China,31.319075,Total,2023/12/9
China,0.222161,Domestic Aviation,2023/12/10
China,3.175123,Ground Transport,2023/12/10
China,12.120683,Industry,2023/12/10
China,0.09756,International Aviation,2023/12/10
China,14.730686,Power,2023/12/10
China,2.354095,Residential,2023/12/10
China,32.602748,Total,2023/12/10
China,0.215913,Domestic Aviation,2023/12/11
China,3.14882,Ground Transport,2023/12/11
China,12.654233,Industry,2023/12/11
China,0.091769,International Aviation,2023/12/11
China,15.379128,Power,2023/12/11
China,2.694944,Residential,2023/12/11
China,34.093038,Total,2023/12/11
China,0.204886,Domestic Aviation,2023/12/12
China,3.121931,Ground Transport,2023/12/12
China,12.815538,Industry,2023/12/12
China,0.094922,International Aviation,2023/12/12
China,15.575169,Power,2023/12/12
China,2.692429,Residential,2023/12/12
China,34.409953,Total,2023/12/12
China,0.193278,Domestic Aviation,2023/12/13
China,3.120013,Ground Transport,2023/12/13
China,13.125742,Industry,2023/12/13
China,0.097873,International Aviation,2023/12/13
China,15.95217,Power,2023/12/13
China,2.516762,Residential,2023/12/13
China,34.907964,Total,2023/12/13
China,0.188173,Domestic Aviation,2023/12/14
China,3.110325,Ground Transport,2023/12/14
China,13.053361,Industry,2023/12/14
China,0.096302,International Aviation,2023/12/14
China,15.864203,Power,2023/12/14
China,2.56972,Residential,2023/12/14
China,34.785782,Total,2023/12/14
China,0.225783,Domestic Aviation,2023/12/15
China,2.921675,Ground Transport,2023/12/15
China,12.923076,Industry,2023/12/15
China,0.103025,International Aviation,2023/12/15
China,15.705862,Power,2023/12/15
China,3.134599,Residential,2023/12/15
China,34.910994,Total,2023/12/15
China,0.217011,Domestic Aviation,2023/12/16
China,2.913373,Ground Transport,2023/12/16
China,12.889987,Industry,2023/12/16
China,0.097036,International Aviation,2023/12/16
China,15.665649,Power,2023/12/16
China,3.558028,Residential,2023/12/16
China,35.244048,Total,2023/12/16
China,0.232645,Domestic Aviation,2023/12/17
China,3.102737,Ground Transport,2023/12/17
China,13.063701,Industry,2023/12/17
China,0.099077,International Aviation,2023/12/17
China,15.876769,Power,2023/12/17
China,3.510802,Residential,2023/12/17
China,35.786655,Total,2023/12/17
China,0.223881,Domestic Aviation,2023/12/18
China,3.109691,Ground Transport,2023/12/18
China,13.53521,Industry,2023/12/18
China,0.093548,International Aviation,2023/12/18
China,16.449811,Power,2023/12/18
China,3.366908,Residential,2023/12/18
China,36.685502,Total,2023/12/18
China,0.212085,Domestic Aviation,2023/12/19
China,3.161372,Ground Transport,2023/12/19
China,13.338748,Industry,2023/12/19
China,0.093531,International Aviation,2023/12/19
China,16.211044,Power,2023/12/19
China,3.394579,Residential,2023/12/19
China,36.317827,Total,2023/12/19
China,0.221071,Domestic Aviation,2023/12/20
China,3.152812,Ground Transport,2023/12/20
China,13.241551,Industry,2023/12/20
China,0.101104,International Aviation,2023/12/20
China,16.092917,Power,2023/12/20
China,3.580105,Residential,2023/12/20
China,36.288456,Total,2023/12/20
China,0.223204,Domestic Aviation,2023/12/21
China,3.232943,Ground Transport,2023/12/21
China,13.297388,Industry,2023/12/21
China,0.09527,International Aviation,2023/12/21
China,16.160777,Power,2023/12/21
China,3.704136,Residential,2023/12/21
China,36.618448,Total,2023/12/21
China,0.240287,Domestic Aviation,2023/12/22
China,3.070489,Ground Transport,2023/12/22
China,13.433877,Industry,2023/12/22
China,0.101024,International Aviation,2023/12/22
China,16.326657,Power,2023/12/22
China,3.531233,Residential,2023/12/22
China,36.602543,Total,2023/12/22
China,0.226414,Domestic Aviation,2023/12/23
China,3.08165,Ground Transport,2023/12/23
China,13.440081,Industry,2023/12/23
China,0.09881,International Aviation,2023/12/23
China,16.334197,Power,2023/12/23
China,3.367068,Residential,2023/12/23
China,36.44941,Total,2023/12/23
China,0.230747,Domestic Aviation,2023/12/24
China,3.185794,Ground Transport,2023/12/24
China,13.258095,Industry,2023/12/24
China,0.09626,International Aviation,2023/12/24
China,16.113023,Power,2023/12/24
China,3.240657,Residential,2023/12/24
China,36.028317,Total,2023/12/24
China,0.229849,Domestic Aviation,2023/12/25
China,3.196869,Ground Transport,2023/12/25
China,13.17951,Industry,2023/12/25
China,0.087307,International Aviation,2023/12/25
China,16.017516,Power,2023/12/25
China,2.955015,Residential,2023/12/25
China,35.578759,Total,2023/12/25
China,0.226569,Domestic Aviation,2023/12/26
China,3.157424,Ground Transport,2023/12/26
China,13.316,Industry,2023/12/26
China,0.090131,International Aviation,2023/12/26
China,16.183397,Power,2023/12/26
China,2.809306,Residential,2023/12/26
China,35.692696,Total,2023/12/26
China,0.231544,Domestic Aviation,2023/12/27
China,3.164885,Ground Transport,2023/12/27
China,13.245687,Industry,2023/12/27
China,0.091845,International Aviation,2023/12/27
China,16.097943,Power,2023/12/27
China,2.781571,Residential,2023/12/27
China,35.521631,Total,2023/12/27
China,0.233225,Domestic Aviation,2023/12/28
China,3.157628,Ground Transport,2023/12/28
China,13.260163,Industry,2023/12/28
China,0.09339,International Aviation,2023/12/28
China,16.115537,Power,2023/12/28
China,2.667671,Residential,2023/12/28
China,35.434225,Total,2023/12/28
China,0.237594,Domestic Aviation,2023/12/29
China,2.903397,Ground Transport,2023/12/29
China,13.187782,Industry,2023/12/29
China,0.094631,International Aviation,2023/12/29
China,16.02757,Power,2023/12/29
China,2.568696,Residential,2023/12/29
China,34.925039,Total,2023/12/29
China,0.227713,Domestic Aviation,2023/12/30
China,3.0023,Ground Transport,2023/12/30
China,13.090585,Industry,2023/12/30
China,0.091936,International Aviation,2023/12/30
China,15.909443,Power,2023/12/30
China,2.520319,Residential,2023/12/30
China,34.75036,Total,2023/12/30
China,0.206021,Domestic Aviation,2023/12/31
China,3.185794,Ground Transport,2023/12/31
China,12.728681,Industry,2023/12/31
China,0.093661,International Aviation,2023/12/31
China,15.469608,Power,2023/12/31
China,2.720511,Residential,2023/12/31
China,34.310616,Total,2023/12/31
China,0.233947,Domestic Aviation,2024/1/1
China,3.30272,Ground Transport,2024/1/1
China,12.551798,Industry,2024/1/1
China,0.080221,International Aviation,2024/1/1
China,13.657507,Power,2024/1/1
China,2.736816,Residential,2024/1/1
China,32.482787,Total,2024/1/1
China,0.229128,Domestic Aviation,2024/1/2
China,3.30782,Ground Transport,2024/1/2
China,12.943977,Industry,2024/1/2
China,0.088726,International Aviation,2024/1/2
China,14.084233,Power,2024/1/2
China,2.700363,Residential,2024/1/2
China,33.265522,Total,2024/1/2
China,0.223112,Domestic Aviation,2024/1/3
China,3.328478,Ground Transport,2024/1/3
China,13.109105,Industry,2024/1/3
China,0.088861,International Aviation,2024/1/3
China,14.263908,Power,2024/1/3
China,2.769682,Residential,2024/1/3
China,33.694285,Total,2024/1/3
China,0.219702,Domestic Aviation,2024/1/4
China,3.34486,Ground Transport,2024/1/4
China,12.997644,Industry,2024/1/4
China,0.093327,International Aviation,2024/1/4
China,14.142628,Power,2024/1/4
China,2.600562,Residential,2024/1/4
China,33.305395,Total,2024/1/4
China,0.237773,Domestic Aviation,2024/1/5
China,3.149323,Ground Transport,2024/1/5
China,13.107041,Industry,2024/1/5
China,0.094685,International Aviation,2024/1/5
China,14.261662,Power,2024/1/5
China,2.611197,Residential,2024/1/5
China,33.366998,Total,2024/1/5
China,0.226375,Domestic Aviation,2024/1/6
China,3.114976,Ground Transport,2024/1/6
China,13.082272,Industry,2024/1/6
China,0.095226,International Aviation,2024/1/6
China,14.234711,Power,2024/1/6
China,2.678659,Residential,2024/1/6
China,33.336993,Total,2024/1/6
China,0.234228,Domestic Aviation,2024/1/7
China,3.268845,Ground Transport,2024/1/7
China,12.863477,Industry,2024/1/7
China,0.093094,International Aviation,2024/1/7
China,13.996642,Power,2024/1/7
China,2.816824,Residential,2024/1/7
China,33.180016,Total,2024/1/7
China,0.22916,Domestic Aviation,2024/1/8
China,3.259379,Ground Transport,2024/1/8
China,13.152452,Industry,2024/1/8
China,0.086832,International Aviation,2024/1/8
China,14.311072,Power,2024/1/8
China,2.666595,Residential,2024/1/8
China,33.618658,Total,2024/1/8
China,0.23031,Domestic Aviation,2024/1/9
China,3.254629,Ground Transport,2024/1/9
China,13.043054,Industry,2024/1/9
China,0.091266,International Aviation,2024/1/9
China,14.192038,Power,2024/1/9
China,2.648987,Residential,2024/1/9
China,33.369018,Total,2024/1/9
China,0.23873,Domestic Aviation,2024/1/10
China,3.250565,Ground Transport,2024/1/10
China,12.793298,Industry,2024/1/10
China,0.093599,International Aviation,2024/1/10
China,13.92028,Power,2024/1/10
China,2.685292,Residential,2024/1/10
China,32.888165,Total,2024/1/10
China,0.238677,Domestic Aviation,2024/1/11
China,3.259199,Ground Transport,2024/1/11
China,12.818067,Industry,2024/1/11
China,0.093708,International Aviation,2024/1/11
China,13.947232,Power,2024/1/11
China,2.559744,Residential,2024/1/11
China,32.822918,Total,2024/1/11
China,0.247296,Domestic Aviation,2024/1/12
China,3.143289,Ground Transport,2024/1/12
China,12.913016,Industry,2024/1/12
China,0.096578,International Aviation,2024/1/12
China,14.050544,Power,2024/1/12
China,2.492789,Residential,2024/1/12
China,32.846935,Total,2024/1/12
China,0.234951,Domestic Aviation,2024/1/13
China,3.126427,Ground Transport,2024/1/13
China,12.688029,Industry,2024/1/13
China,0.096304,International Aviation,2024/1/13
China,13.805738,Power,2024/1/13
China,2.356307,Residential,2024/1/13
China,32.211451,Total,2024/1/13
China,0.243643,Domestic Aviation,2024/1/14
China,3.269834,Ground Transport,2024/1/14
China,12.504324,Industry,2024/1/14
China,0.096707,International Aviation,2024/1/14
China,13.60585,Power,2024/1/14
China,2.529583,Residential,2024/1/14
China,32.153234,Total,2024/1/14
China,0.242697,Domestic Aviation,2024/1/15
China,3.271406,Ground Transport,2024/1/15
China,12.87999,Industry,2024/1/15
China,0.088831,International Aviation,2024/1/15
China,14.01461,Power,2024/1/15
China,2.707723,Residential,2024/1/15
China,33.116426,Total,2024/1/15
China,0.241268,Domestic Aviation,2024/1/16
China,3.255744,Ground Transport,2024/1/16
China,13.063695,Industry,2024/1/16
China,0.090721,International Aviation,2024/1/16
China,14.214497,Power,2024/1/16
China,2.574849,Residential,2024/1/16
China,33.350054,Total,2024/1/16
China,0.248136,Domestic Aviation,2024/1/17
China,3.264775,Ground Transport,2024/1/17
China,13.206118,Industry,2024/1/17
China,0.091394,International Aviation,2024/1/17
China,14.369467,Power,2024/1/17
China,2.506146,Residential,2024/1/17
China,33.594641,Total,2024/1/17
China,0.251761,Domestic Aviation,2024/1/18
China,3.270948,Ground Transport,2024/1/18
China,13.010029,Industry,2024/1/18
China,0.09621,International Aviation,2024/1/18
China,14.156103,Power,2024/1/18
China,2.646625,Residential,2024/1/18
China,33.335466,Total,2024/1/18
China,0.256163,Domestic Aviation,2024/1/19
China,3.102189,Ground Transport,2024/1/19
China,13.148323,Industry,2024/1/19
China,0.095684,International Aviation,2024/1/19
China,14.306581,Power,2024/1/19
China,2.777059,Residential,2024/1/19
China,33.590315,Total,2024/1/19
China,0.254815,Domestic Aviation,2024/1/20
China,3.080848,Ground Transport,2024/1/20
China,12.846965,Industry,2024/1/20
China,0.099778,International Aviation,2024/1/20
China,13.978675,Power,2024/1/20
China,2.97246,Residential,2024/1/20
China,33.133761,Total,2024/1/20
China,0.252232,Domestic Aviation,2024/1/21
China,3.251429,Ground Transport,2024/1/21
China,12.745824,Industry,2024/1/21
China,0.098109,International Aviation,2024/1/21
China,13.868624,Power,2024/1/21
China,3.313381,Residential,2024/1/21
China,33.431489,Total,2024/1/21
China,0.247586,Domestic Aviation,2024/1/22
China,3.18441,Ground Transport,2024/1/22
China,12.888247,Industry,2024/1/22
China,0.087641,International Aviation,2024/1/22
China,14.023593,Power,2024/1/22
China,3.721485,Residential,2024/1/22
China,34.065321,Total,2024/1/22
China,0.255602,Domestic Aviation,2024/1/23
China,3.190905,Ground Transport,2024/1/23
China,12.964618,Industry,2024/1/23
China,0.095671,International Aviation,2024/1/23
China,14.106693,Power,2024/1/23
China,3.632891,Residential,2024/1/23
China,34.150708,Total,2024/1/23
China,0.258759,Domestic Aviation,2024/1/24
China,3.174352,Ground Transport,2024/1/24
China,13.032734,Industry,2024/1/24
China,0.093759,International Aviation,2024/1/24
China,14.180808,Power,2024/1/24
China,3.409958,Residential,2024/1/24
China,34.056611,Total,2024/1/24
China,0.261627,Domestic Aviation,2024/1/25
China,3.183341,Ground Transport,2024/1/25
China,13.0059,Industry,2024/1/25
China,0.099131,International Aviation,2024/1/25
China,14.151611,Power,2024/1/25
China,3.197641,Residential,2024/1/25
China,33.80012,Total,2024/1/25
China,0.272797,Domestic Aviation,2024/1/26
China,2.955216,Ground Transport,2024/1/26
China,13.127682,Industry,2024/1/26
China,0.099833,International Aviation,2024/1/26
China,14.284121,Power,2024/1/26
China,3.114699,Residential,2024/1/26
China,33.754515,Total,2024/1/26
China,0.272214,Domestic Aviation,2024/1/27
China,2.835192,Ground Transport,2024/1/27
China,13.160708,Industry,2024/1/27
China,0.098728,International Aviation,2024/1/27
China,14.320056,Power,2024/1/27
China,3.0982,Residential,2024/1/27
China,33.686371,Total,2024/1/27
China,0.272209,Domestic Aviation,2024/1/28
China,3.251429,Ground Transport,2024/1/28
China,13.022413,Industry,2024/1/28
China,0.100303,International Aviation,2024/1/28
China,14.169579,Power,2024/1/28
China,2.922023,Residential,2024/1/28
China,33.637653,Total,2024/1/28
China,0.275496,Domestic Aviation,2024/1/29
China,3.18441,Ground Transport,2024/1/29
China,13.043054,Industry,2024/1/29
China,0.088088,International Aviation,2024/1/29
China,14.192038,Power,2024/1/29
China,2.754827,Residential,2024/1/29
China,33.449826,Total,2024/1/29
China,0.274455,Domestic Aviation,2024/1/30
China,3.190905,Ground Transport,2024/1/30
China,13.0059,Industry,2024/1/30
China,0.094737,International Aviation,2024/1/30
China,14.151611,Power,2024/1/30
China,2.597763,Residential,2024/1/30
China,33.220634,Total,2024/1/30
China,0.27316,Domestic Aviation,2024/1/31
China,3.174352,Ground Transport,2024/1/31
China,12.725183,Industry,2024/1/31
China,0.098054,International Aviation,2024/1/31
China,13.846165,Power,2024/1/31
China,2.680853,Residential,2024/1/31
China,32.699713,Total,2024/1/31
China,0.276316,Domestic Aviation,2024/2/1
China,3.335461,Ground Transport,2024/2/1
China,14.55245,Industry,2024/2/1
China,0.101788,International Aviation,2024/2/1
China,17.690947,Power,2024/2/1
China,3.032134,Residential,2024/2/1
China,38.887308,Total,2024/2/1
China,0.276853,Domestic Aviation,2024/2/2
China,3.187718,Ground Transport,2024/2/2
China,14.342134,Industry,2024/2/2
China,0.103548,International Aviation,2024/2/2
China,17.435272,Power,2024/2/2
China,3.080128,Residential,2024/2/2
China,38.322105,Total,2024/2/2
China,0.271469,Domestic Aviation,2024/2/3
China,3.2885,Ground Transport,2024/2/3
China,14.167667,Industry,2024/2/3
China,0.10303,International Aviation,2024/2/3
China,17.223179,Power,2024/2/3
China,3.090891,Residential,2024/2/3
China,38.041706,Total,2024/2/3
China,0.265419,Domestic Aviation,2024/2/4
China,3.183843,Ground Transport,2024/2/4
China,13.856973,Industry,2024/2/4
China,0.103513,International Aviation,2024/2/4
China,16.845477,Power,2024/2/4
China,3.139444,Residential,2024/2/4
China,37.291156,Total,2024/2/4
China,0.276061,Domestic Aviation,2024/2/5
China,3.091879,Ground Transport,2024/2/5
China,13.620367,Industry,2024/2/5
China,0.09444,International Aviation,2024/2/5
China,16.557843,Power,2024/2/5
China,3.17496,Residential,2024/2/5
China,36.721111,Total,2024/2/5
China,0.278284,Domestic Aviation,2024/2/6
China,3.028585,Ground Transport,2024/2/6
China,13.319232,Industry,2024/2/6
China,0.103135,International Aviation,2024/2/6
China,16.191764,Power,2024/2/6
China,3.13981,Residential,2024/2/6
China,35.957675,Total,2024/2/6
China,0.280116,Domestic Aviation,2024/2/7
China,2.963933,Ground Transport,2024/2/7
China,12.752812,Industry,2024/2/7
China,0.101655,International Aviation,2024/2/7
China,15.503185,Power,2024/2/7
China,3.1744,Residential,2024/2/7
China,34.674446,Total,2024/2/7
China,0.280047,Domestic Aviation,2024/2/8
China,2.856629,Ground Transport,2024/2/8
China,11.964126,Industry,2024/2/8
China,0.10073,International Aviation,2024/2/8
China,14.544405,Power,2024/2/8
China,3.095177,Residential,2024/2/8
China,32.740384,Total,2024/2/8
China,0.239653,Domestic Aviation,2024/2/9
China,2.61931,Ground Transport,2024/2/9
China,11.703621,Industry,2024/2/9
China,0.101922,International Aviation,2024/2/9
China,14.227717,Power,2024/2/9
China,2.879213,Residential,2024/2/9
China,31.669515,Total,2024/2/9
China,0.256311,Domestic Aviation,2024/2/10
China,2.655352,Ground Transport,2024/2/10
China,10.319836,Industry,2024/2/10
China,0.097634,International Aviation,2024/2/10
China,12.545494,Power,2024/2/10
China,2.703582,Residential,2024/2/10
China,28.480574,Total,2024/2/10
China,0.268222,Domestic Aviation,2024/2/11
China,2.765641,Ground Transport,2024/2/11
China,9.54788,Industry,2024/2/11
China,0.092371,International Aviation,2024/2/11
China,11.607051,Power,2024/2/11
China,2.421726,Residential,2024/2/11
China,26.610521,Total,2024/2/11
China,0.271452,Domestic Aviation,2024/2/12
China,2.776303,Ground Transport,2024/2/12
China,8.859572,Industry,2024/2/12
China,0.083584,International Aviation,2024/2/12
China,10.770297,Power,2024/2/12
China,2.083467,Residential,2024/2/12
China,24.761091,Total,2024/2/12
China,0.273455,Domestic Aviation,2024/2/13
China,2.893652,Ground Transport,2024/2/13
China,8.639696,Industry,2024/2/13
China,0.084377,International Aviation,2024/2/13
China,10.503001,Power,2024/2/13
China,1.896252,Residential,2024/2/13
China,24.206057,Total,2024/2/13
China,0.27727,Domestic Aviation,2024/2/14
China,2.553619,Ground Transport,2024/2/14
China,8.818943,Industry,2024/2/14
China,0.084688,International Aviation,2024/2/14
China,10.720906,Power,2024/2/14
China,2.04441,Residential,2024/2/14
China,24.415148,Total,2024/2/14
China,0.280053,Domestic Aviation,2024/2/15
China,2.288733,Ground Transport,2024/2/15
China,9.375803,Industry,2024/2/15
China,0.086594,International Aviation,2024/2/15
China,11.397863,Power,2024/2/15
China,2.519513,Residential,2024/2/15
China,25.861964,Total,2024/2/15
China,0.279993,Domestic Aviation,2024/2/16
China,2.554538,Ground Transport,2024/2/16
China,9.323224,Industry,2024/2/16
China,0.09112,International Aviation,2024/2/16
China,11.333944,Power,2024/2/16
China,2.294264,Residential,2024/2/16
China,25.785964,Total,2024/2/16
China,0.279405,Domestic Aviation,2024/2/17
China,2.771907,Ground Transport,2024/2/17
China,9.273035,Industry,2024/2/17
China,0.091315,International Aviation,2024/2/17
China,11.272931,Power,2024/2/17
China,1.878765,Residential,2024/2/17
China,25.476043,Total,2024/2/17
China,0.278662,Domestic Aviation,2024/2/18
China,3.18428,Ground Transport,2024/2/18
China,9.973292,Industry,2024/2/18
China,0.091152,International Aviation,2024/2/18
China,12.124211,Power,2024/2/18
China,1.90024,Residential,2024/2/18
China,27.460685,Total,2024/2/18
China,0.280106,Domestic Aviation,2024/2/19
China,3.305123,Ground Transport,2024/2/19
China,10.324616,Industry,2024/2/19
China,0.081477,International Aviation,2024/2/19
China,12.551304,Power,2024/2/19
China,2.42977,Residential,2024/2/19
China,28.890919,Total,2024/2/19
China,0.269154,Domestic Aviation,2024/2/20
China,3.140369,Ground Transport,2024/2/20
China,11.548274,Industry,2024/2/20
China,0.084384,International Aviation,2024/2/20
China,14.038866,Power,2024/2/20
China,2.822906,Residential,2024/2/20
China,31.819569,Total,2024/2/20
China,0.257359,Domestic Aviation,2024/2/21
China,3.210951,Ground Transport,2024/2/21
China,12.246141,Industry,2024/2/21
China,0.088808,International Aviation,2024/2/21
China,14.887241,Power,2024/2/21
China,3.097666,Residential,2024/2/21
China,33.699359,Total,2024/2/21
China,0.265381,Domestic Aviation,2024/2/22
China,3.252084,Ground Transport,2024/2/22
China,13.811564,Industry,2024/2/22
China,0.088763,International Aviation,2024/2/22
China,16.790275,Power,2024/2/22
China,3.210627,Residential,2024/2/22
China,37.32993,Total,2024/2/22
China,0.268647,Domestic Aviation,2024/2/23
China,2.759777,Ground Transport,2024/2/23
China,14.370814,Industry,2024/2/23
China,0.092939,International Aviation,2024/2/23
China,17.470137,Power,2024/2/23
China,3.201946,Residential,2024/2/23
China,38.071321,Total,2024/2/23
China,0.265305,Domestic Aviation,2024/2/24
China,2.831199,Ground Transport,2024/2/24
China,14.048169,Industry,2024/2/24
China,0.093132,International Aviation,2024/2/24
China,17.077909,Power,2024/2/24
China,3.152113,Residential,2024/2/24
China,37.374695,Total,2024/2/24
China,0.275584,Domestic Aviation,2024/2/25
China,3.24322,Ground Transport,2024/2/25
China,13.338352,Industry,2024/2/25
China,0.092903,International Aviation,2024/2/25
China,16.215007,Power,2024/2/25
China,2.95844,Residential,2024/2/25
China,36.030603,Total,2024/2/25
China,0.273383,Domestic Aviation,2024/2/26
China,3.265992,Ground Transport,2024/2/26
China,13.367031,Industry,2024/2/26
China,0.087781,International Aviation,2024/2/26
China,16.249872,Power,2024/2/26
China,2.899431,Residential,2024/2/26
China,36.055709,Total,2024/2/26
China,0.26665,Domestic Aviation,2024/2/27
China,3.267674,Ground Transport,2024/2/27
China,13.849803,Industry,2024/2/27
China,0.090638,International Aviation,2024/2/27
China,16.836761,Power,2024/2/27
China,2.732118,Residential,2024/2/27
China,36.953006,Total,2024/2/27
China,0.261807,Domestic Aviation,2024/2/28
China,3.477427,Ground Transport,2024/2/28
China,14.160497,Industry,2024/2/28
China,0.090764,International Aviation,2024/2/28
China,17.214462,Power,2024/2/28
China,2.696092,Residential,2024/2/28
China,37.810285,Total,2024/2/28
China,0.258394,Domestic Aviation,2024/2/29
China,3.475592,Ground Transport,2024/2/29
China,13.44351,Industry,2024/2/29
China,0.096387,International Aviation,2024/2/29
China,16.342844,Power,2024/2/29
China,2.887722,Residential,2024/2/29
China,36.408063,Total,2024/2/29
China,0.260828,Domestic Aviation,2024/3/1
China,3.031855,Ground Transport,2024/3/1
China,16.083605,Industry,2024/3/1
China,0.095087,International Aviation,2024/3/1
China,13.870401,Power,2024/3/1
China,2.929325,Residential,2024/3/1
China,36.176013,Total,2024/3/1
China,0.250539,Domestic Aviation,2024/3/2
China,2.992898,Ground Transport,2024/3/2
China,15.345531,Industry,2024/3/2
China,0.09367,International Aviation,2024/3/2
China,13.233891,Power,2024/3/2
China,2.626,Residential,2024/3/2
China,34.44886,Total,2024/3/2
China,0.254004,Domestic Aviation,2024/3/3
China,3.182055,Ground Transport,2024/3/3
China,15.548937,Industry,2024/3/3
China,0.098163,International Aviation,2024/3/3
China,13.409307,Power,2024/3/3
China,2.324902,Residential,2024/3/3
China,34.719207,Total,2024/3/3
China,0.240051,Domestic Aviation,2024/3/4
China,3.192715,Ground Transport,2024/3/4
China,16.287011,Industry,2024/3/4
China,0.086778,International Aviation,2024/3/4
China,14.045817,Power,2024/3/4
China,2.214547,Residential,2024/3/4
China,35.980141,Total,2024/3/4
China,0.227958,Domestic Aviation,2024/3/5
China,3.204121,Ground Transport,2024/3/5
China,16.6822,Industry,2024/3/5
China,0.093053,International Aviation,2024/3/5
China,14.386626,Power,2024/3/5
China,2.298229,Residential,2024/3/5
China,36.799133,Total,2024/3/5
China,0.232905,Domestic Aviation,2024/3/6
China,3.182083,Ground Transport,2024/3/6
China,16.333504,Industry,2024/3/6
China,0.091835,International Aviation,2024/3/6
China,14.085912,Power,2024/3/6
China,2.411419,Residential,2024/3/6
China,36.245822,Total,2024/3/6
China,0.230661,Domestic Aviation,2024/3/7
China,3.20309,Ground Transport,2024/3/7
China,16.336409,Industry,2024/3/7
China,0.093208,International Aviation,2024/3/7
China,14.088418,Power,2024/3/7
China,2.317553,Residential,2024/3/7
China,36.176131,Total,2024/3/7
China,0.244217,Domestic Aviation,2024/3/8
China,3.060918,Ground Transport,2024/3/8
China,16.147532,Industry,2024/3/8
China,0.096956,International Aviation,2024/3/8
China,13.925532,Power,2024/3/8
China,2.31074,Residential,2024/3/8
China,35.688939,Total,2024/3/8
China,0.22237,Domestic Aviation,2024/3/9
China,3.044816,Ground Transport,2024/3/9
China,16.388714,Industry,2024/3/9
China,0.095931,International Aviation,2024/3/9
China,14.133525,Power,2024/3/9
China,2.217971,Residential,2024/3/9
China,36.007396,Total,2024/3/9
China,0.240682,Domestic Aviation,2024/3/10
China,3.207071,Ground Transport,2024/3/10
China,15.932503,Industry,2024/3/10
China,0.09956,International Aviation,2024/3/10
China,13.740092,Power,2024/3/10
China,2.003227,Residential,2024/3/10
China,35.123574,Total,2024/3/10
China,0.228726,Domestic Aviation,2024/3/11
China,3.18189,Ground Transport,2024/3/11
China,15.633206,Industry,2024/3/11
China,0.086617,International Aviation,2024/3/11
China,13.48198,Power,2024/3/11
China,1.859887,Residential,2024/3/11
China,34.385688,Total,2024/3/11
China,0.224031,Domestic Aviation,2024/3/12
China,3.187097,Ground Transport,2024/3/12
China,14.999741,Industry,2024/3/12
China,0.093557,International Aviation,2024/3/12
China,12.935684,Power,2024/3/12
China,1.841597,Residential,2024/3/12
China,33.188151,Total,2024/3/12
China,0.227833,Domestic Aviation,2024/3/13
China,3.191856,Ground Transport,2024/3/13
China,15.496633,Industry,2024/3/13
China,0.0941,International Aviation,2024/3/13
China,13.3642,Power,2024/3/13
China,2.13276,Residential,2024/3/13
China,34.413283,Total,2024/3/13
China,0.231831,Domestic Aviation,2024/3/14
China,3.210426,Ground Transport,2024/3/14
China,15.653546,Industry,2024/3/14
China,0.096875,International Aviation,2024/3/14
China,13.499521,Power,2024/3/14
China,2.068906,Residential,2024/3/14
China,34.664231,Total,2024/3/14
China,0.247455,Domestic Aviation,2024/3/15
China,3.073806,Ground Transport,2024/3/15
China,15.438517,Industry,2024/3/15
China,0.100746,International Aviation,2024/3/15
China,13.314081,Power,2024/3/15
China,1.613579,Residential,2024/3/15
China,33.687439,Total,2024/3/15
China,0.231415,Domestic Aviation,2024/3/16
China,3.029023,Ground Transport,2024/3/16
China,15.147937,Industry,2024/3/16
China,0.096715,International Aviation,2024/3/16
China,13.063487,Power,2024/3/16
China,1.525071,Residential,2024/3/16
China,32.996934,Total,2024/3/16
China,0.242492,Domestic Aviation,2024/3/17
China,3.192703,Ground Transport,2024/3/17
China,15.046234,Industry,2024/3/17
China,0.099177,International Aviation,2024/3/17
China,12.975779,Power,2024/3/17
China,1.898461,Residential,2024/3/17
China,33.355668,Total,2024/3/17
China,0.237695,Domestic Aviation,2024/3/18
China,3.19837,Ground Transport,2024/3/18
China,15.275792,Industry,2024/3/18
China,0.091212,International Aviation,2024/3/18
China,13.173749,Power,2024/3/18
China,1.98844,Residential,2024/3/18
China,33.874045,Total,2024/3/18
China,0.232402,Domestic Aviation,2024/3/19
China,3.205197,Ground Transport,2024/3/19
China,14.816676,Industry,2024/3/19
China,0.095998,International Aviation,2024/3/19
China,12.777809,Power,2024/3/19
China,1.907401,Residential,2024/3/19
China,32.939485,Total,2024/3/19
China,0.238091,Domestic Aviation,2024/3/20
China,3.209818,Ground Transport,2024/3/20
China,15.156654,Industry,2024/3/20
China,0.096572,International Aviation,2024/3/20
China,13.071005,Power,2024/3/20
China,1.803165,Residential,2024/3/20
China,33.478733,Total,2024/3/20
China,0.237607,Domestic Aviation,2024/3/21
China,3.226018,Ground Transport,2024/3/21
China,14.46798,Industry,2024/3/21
China,0.102171,International Aviation,2024/3/21
China,12.477096,Power,2024/3/21
China,1.473909,Residential,2024/3/21
China,31.882609,Total,2024/3/21
China,0.249842,Domestic Aviation,2024/3/22
China,3.085542,Ground Transport,2024/3/22
China,14.258762,Industry,2024/3/22
China,0.101056,International Aviation,2024/3/22
China,12.296668,Power,2024/3/22
China,1.364726,Residential,2024/3/22
China,31.255541,Total,2024/3/22
China,0.237986,Domestic Aviation,2024/3/23
China,3.06309,Ground Transport,2024/3/23
China,14.941625,Industry,2024/3/23
China,0.096572,International Aviation,2024/3/23
China,12.885565,Power,2024/3/23
China,1.452226,Residential,2024/3/23
China,32.580492,Total,2024/3/23
China,0.245511,Domestic Aviation,2024/3/24
China,3.22099,Ground Transport,2024/3/24
China,15.136314,Industry,2024/3/24
China,0.102349,International Aviation,2024/3/24
China,13.053463,Power,2024/3/24
China,1.673339,Residential,2024/3/24
China,33.329618,Total,2024/3/24
China,0.241525,Domestic Aviation,2024/3/25
China,3.207951,Ground Transport,2024/3/25
China,15.328097,Industry,2024/3/25
China,0.092265,International Aviation,2024/3/25
China,13.218856,Power,2024/3/25
China,1.779384,Residential,2024/3/25
China,33.775812,Total,2024/3/25
China,0.236859,Domestic Aviation,2024/3/26
China,3.211029,Ground Transport,2024/3/26
China,15.33972,Industry,2024/3/26
China,0.09678,International Aviation,2024/3/26
China,13.228879,Power,2024/3/26
China,1.553947,Residential,2024/3/26
China,33.570433,Total,2024/3/26
China,0.239831,Domestic Aviation,2024/3/27
China,3.219453,Ground Transport,2024/3/27
China,14.441828,Industry,2024/3/27
China,0.100139,International Aviation,2024/3/27
China,12.454543,Power,2024/3/27
China,1.530708,Residential,2024/3/27
China,31.886362,Total,2024/3/27
China,0.243726,Domestic Aviation,2024/3/28
China,3.225689,Ground Transport,2024/3/28
China,14.534813,Industry,2024/3/28
China,0.10271,International Aviation,2024/3/28
China,12.534733,Power,2024/3/28
China,1.427885,Residential,2024/3/28
China,31.966846,Total,2024/3/28
China,0.251694,Domestic Aviation,2024/3/29
China,3.082063,Ground Transport,2024/3/29
China,14.415675,Industry,2024/3/29
China,0.10163,International Aviation,2024/3/29
China,12.431989,Power,2024/3/29
China,1.313193,Residential,2024/3/29
China,31.494615,Total,2024/3/29
China,0.239614,Domestic Aviation,2024/3/30
China,2.979435,Ground Transport,2024/3/30
China,14.386617,Industry,2024/3/30
China,0.096986,International Aviation,2024/3/30
China,12.40693,Power,2024/3/30
China,1.329389,Residential,2024/3/30
China,31.341984,Total,2024/3/30
China,0.246795,Domestic Aviation,2024/3/31
China,3.22099,Ground Transport,2024/3/31
China,14.441828,Industry,2024/3/31
China,0.103727,International Aviation,2024/3/31
China,12.454543,Power,2024/3/31
China,1.340559,Residential,2024/3/31
China,31.704714,Total,2024/3/31
China,0.237711,Domestic Aviation,2024/4/1
China,3.184678,Ground Transport,2024/4/1
China,15.242643,Industry,2024/4/1
China,0.089683,International Aviation,2024/4/1
China,12.319108,Power,2024/4/1
China,1.362488,Residential,2024/4/1
China,32.346627,Total,2024/4/1
China,0.222621,Domestic Aviation,2024/4/2
China,3.224729,Ground Transport,2024/4/2
China,15.333789,Industry,2024/4/2
China,0.098892,International Aviation,2024/4/2
China,12.392772,Power,2024/4/2
China,1.435548,Residential,2024/4/2
China,32.60946,Total,2024/4/2
China,0.247495,Domestic Aviation,2024/4/3
China,3.150765,Ground Transport,2024/4/3
China,15.184917,Industry,2024/4/3
China,0.098302,International Aviation,2024/4/3
China,12.272454,Power,2024/4/3
China,1.585807,Residential,2024/4/3
China,32.441438,Total,2024/4/3
China,0.214997,Domestic Aviation,2024/4/4
China,3.176851,Ground Transport,2024/4/4
China,14.777798,Industry,2024/4/4
China,0.101594,International Aviation,2024/4/4
China,11.943421,Power,2024/4/4
China,1.670245,Residential,2024/4/4
China,31.783312,Total,2024/4/4
China,0.201399,Domestic Aviation,2024/4/5
China,3.17544,Ground Transport,2024/4/5
China,14.835524,Industry,2024/4/5
China,0.099086,International Aviation,2024/4/5
China,11.990075,Power,2024/4/5
China,1.516315,Residential,2024/4/5
China,31.718752,Total,2024/4/5
China,0.23894,Domestic Aviation,2024/4/6
China,3.221743,Ground Transport,2024/4/6
China,15.160611,Industry,2024/4/6
China,0.097634,International Aviation,2024/4/6
China,12.25281,Power,2024/4/6
China,1.421691,Residential,2024/4/6
China,32.295796,Total,2024/4/6
China,0.244508,Domestic Aviation,2024/4/7
China,3.200009,Ground Transport,2024/4/7
China,15.452278,Industry,2024/4/7
China,0.099766,International Aviation,2024/4/7
China,12.488536,Power,2024/4/7
China,1.412154,Residential,2024/4/7
China,32.797485,Total,2024/4/7
China,0.243467,Domestic Aviation,2024/4/8
China,3.221346,Ground Transport,2024/4/8
China,15.519119,Industry,2024/4/8
China,0.091807,International Aviation,2024/4/8
China,12.542556,Power,2024/4/8
China,1.461484,Residential,2024/4/8
China,32.987972,Total,2024/4/8
China,0.235136,Domestic Aviation,2024/4/9
China,3.219594,Ground Transport,2024/4/9
China,15.294292,Industry,2024/4/9
China,0.099523,International Aviation,2024/4/9
China,12.360851,Power,2024/4/9
China,1.406724,Residential,2024/4/9
China,32.516597,Total,2024/4/9
China,0.235433,Domestic Aviation,2024/4/10
China,3.203741,Ground Transport,2024/4/10
China,15.121115,Industry,2024/4/10
China,0.097582,International Aviation,2024/4/10
China,12.220889,Power,2024/4/10
China,1.301062,Residential,2024/4/10
China,32.08224,Total,2024/4/10
China,0.240912,Domestic Aviation,2024/4/11
China,3.196475,Ground Transport,2024/4/11
China,14.619812,Industry,2024/4/11
China,0.101799,International Aviation,2024/4/11
China,11.815736,Power,2024/4/11
China,1.163206,Residential,2024/4/11
China,31.03614,Total,2024/4/11
China,0.252683,Domestic Aviation,2024/4/12
China,3.035998,Ground Transport,2024/4/12
China,14.619812,Industry,2024/4/12
China,0.099037,International Aviation,2024/4/12
China,11.815736,Power,2024/4/12
China,1.122093,Residential,2024/4/12
China,30.846322,Total,2024/4/12
China,0.237911,Domestic Aviation,2024/4/13
China,2.93051,Ground Transport,2024/4/13
China,14.027363,Industry,2024/4/13
China,0.10385,International Aviation,2024/4/13
China,11.336919,Power,2024/4/13
China,1.129662,Residential,2024/4/13
China,29.662365,Total,2024/4/13
China,0.248018,Domestic Aviation,2024/4/14
China,3.159777,Ground Transport,2024/4/14
China,14.019768,Industry,2024/4/14
China,0.098713,International Aviation,2024/4/14
China,11.33078,Power,2024/4/14
China,1.155898,Residential,2024/4/14
China,29.91424,Total,2024/4/14
China,0.252391,Domestic Aviation,2024/4/15
China,3.132533,Ground Transport,2024/4/15
China,14.261305,Industry,2024/4/15
China,0.089787,International Aviation,2024/4/15
China,11.52599,Power,2024/4/15
China,1.173447,Residential,2024/4/15
China,30.345665,Total,2024/4/15
China,0.229635,Domestic Aviation,2024/4/16
China,3.14673,Ground Transport,2024/4/16
China,14.546895,Industry,2024/4/16
China,0.09771,International Aviation,2024/4/16
China,11.756805,Power,2024/4/16
China,1.173109,Residential,2024/4/16
China,30.853173,Total,2024/4/16
China,0.244228,Domestic Aviation,2024/4/17
China,3.149296,Ground Transport,2024/4/17
China,14.753493,Industry,2024/4/17
China,0.098145,International Aviation,2024/4/17
China,11.923777,Power,2024/4/17
China,1.168695,Residential,2024/4/17
China,31.239489,Total,2024/4/17
China,0.238305,Domestic Aviation,2024/4/18
China,3.171055,Ground Transport,2024/4/18
China,14.209655,Industry,2024/4/18
China,0.100675,International Aviation,2024/4/18
China,11.484247,Power,2024/4/18
China,1.141466,Residential,2024/4/18
China,30.244728,Total,2024/4/18
China,0.231113,Domestic Aviation,2024/4/19
China,3.082727,Ground Transport,2024/4/19
China,14.328145,Industry,2024/4/19
China,0.100712,International Aviation,2024/4/19
China,11.580011,Power,2024/4/19
China,1.247866,Residential,2024/4/19
China,30.469862,Total,2024/4/19
China,0.209908,Domestic Aviation,2024/4/20
China,3.031132,Ground Transport,2024/4/20
China,14.695767,Industry,2024/4/20
China,0.099389,International Aviation,2024/4/20
China,11.877123,Power,2024/4/20
China,1.253403,Residential,2024/4/20
China,31.067332,Total,2024/4/20
China,0.222781,Domestic Aviation,2024/4/21
China,3.161111,Ground Transport,2024/4/21
China,14.419291,Industry,2024/4/21
China,0.100828,International Aviation,2024/4/21
China,11.653675,Power,2024/4/21
China,1.155369,Residential,2024/4/21
China,30.612227,Total,2024/4/21
China,0.23836,Domestic Aviation,2024/4/22
China,3.164633,Ground Transport,2024/4/22
China,14.528666,Industry,2024/4/22
China,0.091828,International Aviation,2024/4/22
China,11.742072,Power,2024/4/22
China,1.168488,Residential,2024/4/22
China,30.842218,Total,2024/4/22
China,0.228309,Domestic Aviation,2024/4/23
China,3.169476,Ground Transport,2024/4/23
China,14.601583,Industry,2024/4/23
China,0.098855,International Aviation,2024/4/23
China,11.801003,Power,2024/4/23
China,1.266375,Residential,2024/4/23
China,31.066746,Total,2024/4/23
China,0.247597,Domestic Aviation,2024/4/24
China,3.154415,Ground Transport,2024/4/24
China,14.410176,Industry,2024/4/24
China,0.099592,International Aviation,2024/4/24
China,11.646308,Power,2024/4/24
China,1.133676,Residential,2024/4/24
China,30.592173,Total,2024/4/24
China,0.2261,Domestic Aviation,2024/4/25
China,3.175962,Ground Transport,2024/4/25
China,14.407138,Industry,2024/4/25
China,0.105571,International Aviation,2024/4/25
China,11.643853,Power,2024/4/25
China,1.09651,Residential,2024/4/25
China,30.549562,Total,2024/4/25
China,0.244512,Domestic Aviation,2024/4/26
China,3.095009,Ground Transport,2024/4/26
China,14.410176,Industry,2024/4/26
China,0.100723,International Aviation,2024/4/26
China,11.646308,Power,2024/4/26
China,1.120456,Residential,2024/4/26
China,30.516461,Total,2024/4/26
China,0.236498,Domestic Aviation,2024/4/27
China,3.159692,Ground Transport,2024/4/27
China,14.379794,Industry,2024/4/27
China,0.102106,International Aviation,2024/4/27
China,11.621754,Power,2024/4/27
China,1.146544,Residential,2024/4/27
China,30.544282,Total,2024/4/27
China,0.248555,Domestic Aviation,2024/4/28
China,3.144763,Ground Transport,2024/4/28
China,14.240037,Industry,2024/4/28
China,0.103241,International Aviation,2024/4/28
China,11.508802,Power,2024/4/28
China,1.279464,Residential,2024/4/28
China,30.421621,Total,2024/4/28
China,0.252308,Domestic Aviation,2024/4/29
China,3.212854,Ground Transport,2024/4/29
China,14.519551,Industry,2024/4/29
China,0.092777,International Aviation,2024/4/29
China,11.734705,Power,2024/4/29
China,1.383377,Residential,2024/4/29
China,31.102796,Total,2024/4/29
China,0.241243,Domestic Aviation,2024/4/30
China,3.115516,Ground Transport,2024/4/30
China,13.586824,Industry,2024/4/30
China,0.101213,International Aviation,2024/4/30
China,10.980875,Power,2024/4/30
China,1.415282,Residential,2024/4/30
China,29.339741,Total,2024/4/30
China,0.262856,Domestic Aviation,2024/5/1
China,3.023388,Ground Transport,2024/5/1
China,13.648226,Industry,2024/5/1
China,0.104448,International Aviation,2024/5/1
China,10.37989,Power,2024/5/1
China,1.220891,Residential,2024/5/1
China,28.535251,Total,2024/5/1
China,0.23769,Domestic Aviation,2024/5/2
China,3.030435,Ground Transport,2024/5/2
China,13.800196,Industry,2024/5/2
China,0.100805,International Aviation,2024/5/2
China,10.495468,Power,2024/5/2
China,1.176977,Residential,2024/5/2
China,28.740766,Total,2024/5/2
China,0.235673,Domestic Aviation,2024/5/3
China,3.03499,Ground Transport,2024/5/3
China,14.045935,Industry,2024/5/3
China,0.100139,International Aviation,2024/5/3
China,10.68236,Power,2024/5/3
China,1.181244,Residential,2024/5/3
China,29.180201,Total,2024/5/3
China,0.244466,Domestic Aviation,2024/5/4
China,3.038771,Ground Transport,2024/5/4
China,14.627949,Industry,2024/5/4
China,0.096032,International Aviation,2024/5/4
China,11.124999,Power,2024/5/4
China,1.206648,Residential,2024/5/4
China,30.242833,Total,2024/5/4
China,0.271888,Domestic Aviation,2024/5/5
China,3.076605,Ground Transport,2024/5/5
China,15.125895,Industry,2024/5/5
China,0.102908,International Aviation,2024/5/5
China,11.503701,Power,2024/5/5
China,1.151886,Residential,2024/5/5
China,31.129975,Total,2024/5/5
China,0.263062,Domestic Aviation,2024/5/6
China,3.070889,Ground Transport,2024/5/6
China,14.935123,Industry,2024/5/6
China,0.089192,International Aviation,2024/5/6
China,11.358614,Power,2024/5/6
China,1.090668,Residential,2024/5/6
China,30.718356,Total,2024/5/6
China,0.237924,Domestic Aviation,2024/5/7
China,3.085684,Ground Transport,2024/5/7
China,15.138828,Industry,2024/5/7
China,0.100927,International Aviation,2024/5/7
China,11.513538,Power,2024/5/7
China,1.067001,Residential,2024/5/7
China,31.042974,Total,2024/5/7
China,0.233855,Domestic Aviation,2024/5/8
China,3.073003,Ground Transport,2024/5/8
China,14.805787,Industry,2024/5/8
China,0.101245,International Aviation,2024/5/8
China,11.26025,Power,2024/5/8
China,1.043672,Residential,2024/5/8
China,30.416566,Total,2024/5/8
China,0.225338,Domestic Aviation,2024/5/9
China,3.059529,Ground Transport,2024/5/9
China,14.715251,Industry,2024/5/9
China,0.102128,International Aviation,2024/5/9
China,11.191395,Power,2024/5/9
China,1.040674,Residential,2024/5/9
China,30.232187,Total,2024/5/9
China,0.23231,Domestic Aviation,2024/5/10
China,3.078688,Ground Transport,2024/5/10
China,14.304608,Industry,2024/5/10
China,0.101733,International Aviation,2024/5/10
China,10.879088,Power,2024/5/10
China,1.088842,Residential,2024/5/10
China,29.583537,Total,2024/5/10
China,0.221287,Domestic Aviation,2024/5/11
China,2.957196,Ground Transport,2024/5/11
China,15.038592,Industry,2024/5/11
China,0.102955,International Aviation,2024/5/11
China,11.437305,Power,2024/5/11
China,1.12802,Residential,2024/5/11
China,30.782402,Total,2024/5/11
China,0.234222,Domestic Aviation,2024/5/12
China,3.097841,Ground Transport,2024/5/12
China,15.352233,Industry,2024/5/12
China,0.105507,International Aviation,2024/5/12
China,11.675839,Power,2024/5/12
China,1.104281,Residential,2024/5/12
China,31.464417,Total,2024/5/12
China,0.237332,Domestic Aviation,2024/5/13
China,3.089302,Ground Transport,2024/5/13
China,15.09356,Industry,2024/5/13
China,0.089942,International Aviation,2024/5/13
China,11.47911,Power,2024/5/13
China,1.025182,Residential,2024/5/13
China,30.924487,Total,2024/5/13
China,0.227998,Domestic Aviation,2024/5/14
China,3.093243,Ground Transport,2024/5/14
China,14.618249,Industry,2024/5/14
China,0.10156,International Aviation,2024/5/14
China,11.117622,Power,2024/5/14
China,1.074117,Residential,2024/5/14
China,30.131229,Total,2024/5/14
China,0.240135,Domestic Aviation,2024/5/15
China,3.0933,Ground Transport,2024/5/15
China,14.838121,Industry,2024/5/15
China,0.098991,International Aviation,2024/5/15
China,11.284841,Power,2024/5/15
China,1.097714,Residential,2024/5/15
China,30.554111,Total,2024/5/15
China,0.238459,Domestic Aviation,2024/5/16
China,3.106381,Ground Transport,2024/5/16
China,14.834888,Industry,2024/5/16
China,0.106148,International Aviation,2024/5/16
China,11.282382,Power,2024/5/16
China,1.03594,Residential,2024/5/16
China,30.498049,Total,2024/5/16
China,0.248911,Domestic Aviation,2024/5/17
China,2.884297,Ground Transport,2024/5/17
China,14.530947,Industry,2024/5/17
China,0.100942,International Aviation,2024/5/17
China,11.051226,Power,2024/5/17
China,1.006663,Residential,2024/5/17
China,29.722043,Total,2024/5/17
China,0.235435,Domestic Aviation,2024/5/18
China,2.840513,Ground Transport,2024/5/18
China,14.585915,Industry,2024/5/18
China,0.105585,International Aviation,2024/5/18
China,11.093031,Power,2024/5/18
China,1.035534,Residential,2024/5/18
China,29.790427,Total,2024/5/18
China,0.231157,Domestic Aviation,2024/5/19
China,3.017006,Ground Transport,2024/5/19
China,14.663517,Industry,2024/5/19
China,0.103748,International Aviation,2024/5/19
China,11.152049,Power,2024/5/19
China,1.098085,Residential,2024/5/19
China,30.161814,Total,2024/5/19
China,0.236156,Domestic Aviation,2024/5/20
China,3.009516,Ground Transport,2024/5/20
China,15.032126,Industry,2024/5/20
China,0.092677,International Aviation,2024/5/20
China,11.432387,Power,2024/5/20
China,1.047495,Residential,2024/5/20
China,30.75768,Total,2024/5/20
China,0.236626,Domestic Aviation,2024/5/21
China,3.0076,Ground Transport,2024/5/21
China,15.135595,Industry,2024/5/21
China,0.101018,International Aviation,2024/5/21
China,11.511079,Power,2024/5/21
China,1.007345,Residential,2024/5/21
China,30.898244,Total,2024/5/21
China,0.239926,Domestic Aviation,2024/5/22
China,3.013764,Ground Transport,2024/5/22
China,15.003025,Industry,2024/5/22
China,0.101238,International Aviation,2024/5/22
China,11.410255,Power,2024/5/22
China,1.009044,Residential,2024/5/22
China,30.676014,Total,2024/5/22
China,0.236646,Domestic Aviation,2024/5/23
China,3.034519,Ground Transport,2024/5/23
China,15.3393,Industry,2024/5/23
China,0.103805,International Aviation,2024/5/23
China,11.666002,Power,2024/5/23
China,1.060195,Residential,2024/5/23
China,31.336663,Total,2024/5/23
China,0.246776,Domestic Aviation,2024/5/24
China,2.951701,Ground Transport,2024/5/24
China,15.520371,Industry,2024/5/24
China,0.101547,International Aviation,2024/5/24
China,11.803712,Power,2024/5/24
China,1.05127,Residential,2024/5/24
China,31.573829,Total,2024/5/24
China,0.232576,Domestic Aviation,2024/5/25
China,2.93153,Ground Transport,2024/5/25
China,15.255231,Industry,2024/5/25
China,0.10471,International Aviation,2024/5/25
China,11.602066,Power,2024/5/25
China,1.064269,Residential,2024/5/25
China,31.085672,Total,2024/5/25
China,0.24254,Domestic Aviation,2024/5/26
China,3.048763,Ground Transport,2024/5/26
China,14.737885,Industry,2024/5/26
China,0.104494,International Aviation,2024/5/26
China,11.208609,Power,2024/5/26
China,1.066729,Residential,2024/5/26
China,30.304526,Total,2024/5/26
China,0.230345,Domestic Aviation,2024/5/27
China,3.043667,Ground Transport,2024/5/27
China,14.977158,Industry,2024/5/27
China,0.091662,International Aviation,2024/5/27
China,11.390582,Power,2024/5/27
China,1.048944,Residential,2024/5/27
China,30.690697,Total,2024/5/27
China,0.229119,Domestic Aviation,2024/5/28
China,3.048448,Ground Transport,2024/5/28
China,14.886622,Industry,2024/5/28
China,0.102229,International Aviation,2024/5/28
China,11.321727,Power,2024/5/28
China,1.035201,Residential,2024/5/28
China,30.521118,Total,2024/5/28
China,0.23374,Domestic Aviation,2024/5/29
China,3.061026,Ground Transport,2024/5/29
China,14.543881,Industry,2024/5/29
China,0.098548,International Aviation,2024/5/29
China,11.061062,Power,2024/5/29
China,1.074211,Residential,2024/5/29
China,29.973919,Total,2024/5/29
China,0.232745,Domestic Aviation,2024/5/30
China,3.079437,Ground Transport,2024/5/30
China,14.763753,Industry,2024/5/30
China,0.10334,International Aviation,2024/5/30
China,11.228281,Power,2024/5/30
China,1.057558,Residential,2024/5/30
China,30.361774,Total,2024/5/30
China,0.236513,Domestic Aviation,2024/5/31
China,2.954499,Ground Transport,2024/5/31
China,14.873688,Industry,2024/5/31
China,0.101376,International Aviation,2024/5/31
China,11.311891,Power,2024/5/31
China,1.060245,Residential,2024/5/31
China,30.436837,Total,2024/5/31
China,0.224929,Domestic Aviation,2024/6/1
China,2.956045,Ground Transport,2024/6/1
China,14.138807,Industry,2024/6/1
China,0.106515,International Aviation,2024/6/1
China,11.951732,Power,2024/6/1
China,1.115867,Residential,2024/6/1
China,30.38738,Total,2024/6/1
China,0.242593,Domestic Aviation,2024/6/2
China,3.100218,Ground Transport,2024/6/2
China,14.163498,Industry,2024/6/2
China,0.104719,International Aviation,2024/6/2
China,11.972604,Power,2024/6/2
China,1.086014,Residential,2024/6/2
China,30.564926,Total,2024/6/2
China,0.228041,Domestic Aviation,2024/6/3
China,3.091195,Ground Transport,2024/6/3
China,14.382633,Industry,2024/6/3
China,0.095967,International Aviation,2024/6/3
China,12.157841,Power,2024/6/3
China,1.087007,Residential,2024/6/3
China,30.946717,Total,2024/6/3
China,0.220141,Domestic Aviation,2024/6/4
China,3.106073,Ground Transport,2024/6/4
China,14.564731,Industry,2024/6/4
China,0.099118,International Aviation,2024/6/4
China,12.311771,Power,2024/6/4
China,1.103467,Residential,2024/6/4
China,31.306183,Total,2024/6/4
China,0.231027,Domestic Aviation,2024/6/5
China,3.086935,Ground Transport,2024/6/5
China,14.373374,Industry,2024/6/5
China,0.104831,International Aviation,2024/6/5
China,12.150014,Power,2024/6/5
China,1.070026,Residential,2024/6/5
China,30.911376,Total,2024/6/5
China,0.237189,Domestic Aviation,2024/6/6
China,3.107213,Ground Transport,2024/6/6
China,14.413497,Industry,2024/6/6
China,0.104976,International Aviation,2024/6/6
China,12.183931,Power,2024/6/6
China,1.074756,Residential,2024/6/6
China,31.016586,Total,2024/6/6
China,0.250806,Domestic Aviation,2024/6/7
China,2.973855,Ground Transport,2024/6/7
China,14.330164,Industry,2024/6/7
China,0.103085,International Aviation,2024/6/7
China,12.113488,Power,2024/6/7
China,1.061761,Residential,2024/6/7
China,30.730074,Total,2024/6/7
China,0.232751,Domestic Aviation,2024/6/8
China,2.974572,Ground Transport,2024/6/8
China,14.246831,Industry,2024/6/8
China,0.105538,International Aviation,2024/6/8
China,12.043046,Power,2024/6/8
China,1.066902,Residential,2024/6/8
China,30.564102,Total,2024/6/8
China,0.213566,Domestic Aviation,2024/6/9
China,3.021075,Ground Transport,2024/6/9
China,14.259177,Industry,2024/6/9
China,0.104456,International Aviation,2024/6/9
China,12.053482,Power,2024/6/9
China,1.05255,Residential,2024/6/9
China,30.59985,Total,2024/6/9
China,0.246441,Domestic Aviation,2024/6/10
China,3.101232,Ground Transport,2024/6/10
China,13.851772,Industry,2024/6/10
China,0.095883,International Aviation,2024/6/10
China,11.709097,Power,2024/6/10
China,1.036904,Residential,2024/6/10
China,29.945447,Total,2024/6/10
China,0.242565,Domestic Aviation,2024/6/11
China,3.09863,Ground Transport,2024/6/11
China,14.598681,Industry,2024/6/11
China,0.095765,International Aviation,2024/6/11
China,12.34047,Power,2024/6/11
China,1.038428,Residential,2024/6/11
China,31.318774,Total,2024/6/11
China,0.242358,Domestic Aviation,2024/6/12
China,3.089592,Ground Transport,2024/6/12
China,15.200529,Industry,2024/6/12
China,0.102886,International Aviation,2024/6/12
China,12.849221,Power,2024/6/12
China,1.039881,Residential,2024/6/12
China,32.421581,Total,2024/6/12
China,0.236711,Domestic Aviation,2024/6/13
China,3.089268,Ground Transport,2024/6/13
China,15.456701,Industry,2024/6/13
China,0.102756,International Aviation,2024/6/13
China,13.065766,Power,2024/6/13
China,1.046308,Residential,2024/6/13
China,32.894754,Total,2024/6/13
China,0.242008,Domestic Aviation,2024/6/14
China,2.92346,Ground Transport,2024/6/14
China,15.561638,Industry,2024/6/14
China,0.105131,International Aviation,2024/6/14
China,13.154471,Power,2024/6/14
China,1.051096,Residential,2024/6/14
China,32.932673,Total,2024/6/14
China,0.229931,Domestic Aviation,2024/6/15
China,2.846089,Ground Transport,2024/6/15
China,15.793119,Industry,2024/6/15
China,0.106624,International Aviation,2024/6/15
China,13.350144,Power,2024/6/15
China,1.052515,Residential,2024/6/15
China,33.271797,Total,2024/6/15
China,0.240053,Domestic Aviation,2024/6/16
China,3.034026,Ground Transport,2024/6/16
China,15.370282,Industry,2024/6/16
China,0.105383,International Aviation,2024/6/16
China,12.992714,Power,2024/6/16
China,1.043797,Residential,2024/6/16
China,32.680871,Total,2024/6/16
China,0.247986,Domestic Aviation,2024/6/17
China,3.02174,Ground Transport,2024/6/17
China,15.339417,Industry,2024/6/17
China,0.09622,International Aviation,2024/6/17
China,12.966625,Power,2024/6/17
China,1.042685,Residential,2024/6/17
China,32.618453,Total,2024/6/17
China,0.245244,Domestic Aviation,2024/6/18
China,3.077579,Ground Transport,2024/6/18
China,15.46596,Industry,2024/6/18
China,0.102244,International Aviation,2024/6/18
China,13.073593,Power,2024/6/18
China,1.036215,Residential,2024/6/18
China,32.898591,Total,2024/6/18
China,0.24909,Domestic Aviation,2024/6/19
China,3.098071,Ground Transport,2024/6/19
China,15.123369,Industry,2024/6/19
China,0.104289,International Aviation,2024/6/19
China,12.783996,Power,2024/6/19
China,1.035082,Residential,2024/6/19
China,32.289608,Total,2024/6/19
China,0.250875,Domestic Aviation,2024/6/20
China,3.122508,Ground Transport,2024/6/20
China,15.506083,Industry,2024/6/20
China,0.105734,International Aviation,2024/6/20
China,13.107509,Power,2024/6/20
China,1.050735,Residential,2024/6/20
China,33.03771,Total,2024/6/20
China,0.251746,Domestic Aviation,2024/6/21
China,2.997593,Ground Transport,2024/6/21
China,15.913488,Industry,2024/6/21
China,0.104382,International Aviation,2024/6/21
China,13.451895,Power,2024/6/21
China,1.049123,Residential,2024/6/21
China,33.663845,Total,2024/6/21
China,0.252747,Domestic Aviation,2024/6/22
China,2.993447,Ground Transport,2024/6/22
China,14.759174,Industry,2024/6/22
China,0.105832,International Aviation,2024/6/22
China,12.476137,Power,2024/6/22
China,1.059889,Residential,2024/6/22
China,31.541394,Total,2024/6/22
China,0.256523,Domestic Aviation,2024/6/23
China,3.115925,Ground Transport,2024/6/23
China,14.564731,Industry,2024/6/23
China,0.107502,International Aviation,2024/6/23
China,12.311771,Power,2024/6/23
China,1.073731,Residential,2024/6/23
China,31.32268,Total,2024/6/23
China,0.254024,Domestic Aviation,2024/6/24
China,3.113963,Ground Transport,2024/6/24
China,15.333245,Industry,2024/6/24
China,0.098031,International Aviation,2024/6/24
China,12.961407,Power,2024/6/24
China,1.066398,Residential,2024/6/24
China,32.729036,Total,2024/6/24
China,0.251501,Domestic Aviation,2024/6/25
China,3.121777,Ground Transport,2024/6/25
China,15.31164,Industry,2024/6/25
China,0.100571,International Aviation,2024/6/25
China,12.943144,Power,2024/6/25
China,1.036098,Residential,2024/6/25
China,32.664159,Total,2024/6/25
China,0.260601,Domestic Aviation,2024/6/26
China,3.118235,Ground Transport,2024/6/26
China,15.058555,Industry,2024/6/26
China,0.105587,International Aviation,2024/6/26
China,12.729207,Power,2024/6/26
China,1.033688,Residential,2024/6/26
China,32.200286,Total,2024/6/26
China,0.260668,Domestic Aviation,2024/6/27
China,3.12977,Ground Transport,2024/6/27
China,14.765347,Industry,2024/6/27
China,0.105926,International Aviation,2024/6/27
China,12.481354,Power,2024/6/27
China,1.033354,Residential,2024/6/27
China,31.670493,Total,2024/6/27
China,0.262563,Domestic Aviation,2024/6/28
China,2.998869,Ground Transport,2024/6/28
China,14.978308,Industry,2024/6/28
China,0.108137,International Aviation,2024/6/28
China,12.661374,Power,2024/6/28
China,1.035489,Residential,2024/6/28
China,31.936603,Total,2024/6/28
China,0.259627,Domestic Aviation,2024/6/29
China,2.982958,Ground Transport,2024/6/29
China,15.188184,Industry,2024/6/29
China,0.105893,International Aviation,2024/6/29
China,12.838785,Power,2024/6/29
China,1.035221,Residential,2024/6/29
China,32.304774,Total,2024/6/29
China,0.261408,Domestic Aviation,2024/6/30
China,3.101095,Ground Transport,2024/6/30
China,15.410405,Industry,2024/6/30
China,0.108046,International Aviation,2024/6/30
China,13.026631,Power,2024/6/30
China,1.045705,Residential,2024/6/30
China,32.845244,Total,2024/6/30
China,0.265893,Domestic Aviation,2024/7/1
China,3.072129,Ground Transport,2024/7/1
China,12.461235,Industry,2024/7/1
China,0.099338,International Aviation,2024/7/1
China,13.704338,Power,2024/7/1
China,1.018216,Residential,2024/7/1
China,30.521811,Total,2024/7/1
China,0.268656,Domestic Aviation,2024/7/2
China,3.062049,Ground Transport,2024/7/2
China,12.332091,Industry,2024/7/2
China,0.10271,International Aviation,2024/7/2
China,13.562311,Power,2024/7/2
China,1.023587,Residential,2024/7/2
China,30.248694,Total,2024/7/2
China,0.277659,Domestic Aviation,2024/7/3
China,3.07443,Ground Transport,2024/7/3
China,12.078499,Industry,2024/7/3
China,0.10746,International Aviation,2024/7/3
China,13.283421,Power,2024/7/3
China,1.009033,Residential,2024/7/3
China,29.723041,Total,2024/7/3
China,0.273886,Domestic Aviation,2024/7/4
China,3.065046,Ground Transport,2024/7/4
China,12.637341,Industry,2024/7/4
China,0.105574,International Aviation,2024/7/4
China,13.898012,Power,2024/7/4
China,1.015919,Residential,2024/7/4
China,30.890203,Total,2024/7/4
China,0.273853,Domestic Aviation,2024/7/5
China,2.906322,Ground Transport,2024/7/5
China,12.7477,Industry,2024/7/5
China,0.110712,International Aviation,2024/7/5
China,14.01938,Power,2024/7/5
China,1.009796,Residential,2024/7/5
China,30.957052,Total,2024/7/5
China,0.276865,Domestic Aviation,2024/7/6
China,2.849844,Ground Transport,2024/7/6
China,12.684302,Industry,2024/7/6
China,0.106249,International Aviation,2024/7/6
China,13.949658,Power,2024/7/6
China,1.007663,Residential,2024/7/6
China,30.768333,Total,2024/7/6
China,0.276928,Domestic Aviation,2024/7/7
China,3.041571,Ground Transport,2024/7/7
China,12.876844,Industry,2024/7/7
China,0.108942,International Aviation,2024/7/7
China,14.161408,Power,2024/7/7
China,1.006157,Residential,2024/7/7
China,31.362909,Total,2024/7/7
China,0.282079,Domestic Aviation,2024/7/8
China,3.031062,Ground Transport,2024/7/8
China,13.132785,Industry,2024/7/8
China,0.099787,International Aviation,2024/7/8
China,14.44288,Power,2024/7/8
China,1.003697,Residential,2024/7/8
China,31.892502,Total,2024/7/8
China,0.281096,Domestic Aviation,2024/7/9
China,3.038529,Ground Transport,2024/7/9
China,12.825187,Industry,2024/7/9
China,0.103247,International Aviation,2024/7/9
China,14.104597,Power,2024/7/9
China,1.00434,Residential,2024/7/9
China,31.253749,Total,2024/7/9
China,0.277676,Domestic Aviation,2024/7/10
China,3.033072,Ground Transport,2024/7/10
China,12.895629,Industry,2024/7/10
China,0.108865,International Aviation,2024/7/10
China,14.182066,Power,2024/7/10
China,1.005147,Residential,2024/7/10
China,31.39359,Total,2024/7/10
China,0.283899,Domestic Aviation,2024/7/11
China,3.034682,Ground Transport,2024/7/11
China,12.841623,Industry,2024/7/11
China,0.108077,International Aviation,2024/7/11
China,14.122673,Power,2024/7/11
China,1.005685,Residential,2024/7/11
China,31.288563,Total,2024/7/11
China,0.276686,Domestic Aviation,2024/7/12
China,2.916653,Ground Transport,2024/7/12
China,13.12574,Industry,2024/7/12
China,0.11019,International Aviation,2024/7/12
China,14.435133,Power,2024/7/12
China,1.006856,Residential,2024/7/12
China,31.761068,Total,2024/7/12
China,0.278945,Domestic Aviation,2024/7/13
China,2.894039,Ground Transport,2024/7/13
China,13.182094,Industry,2024/7/13
China,0.107238,International Aviation,2024/7/13
China,14.497108,Power,2024/7/13
China,1.005931,Residential,2024/7/13
China,31.858118,Total,2024/7/13
China,0.283163,Domestic Aviation,2024/7/14
China,3.035142,Ground Transport,2024/7/14
China,12.806402,Industry,2024/7/14
China,0.110366,International Aviation,2024/7/14
China,14.083938,Power,2024/7/14
China,1.000805,Residential,2024/7/14
China,31.209451,Total,2024/7/14
China,0.286494,Domestic Aviation,2024/7/15
China,3.025926,Ground Transport,2024/7/15
China,12.700739,Industry,2024/7/15
China,0.099485,International Aviation,2024/7/15
China,13.967734,Power,2024/7/15
China,0.998804,Residential,2024/7/15
China,30.979697,Total,2024/7/15
China,0.284707,Domestic Aviation,2024/7/16
China,3.026371,Ground Transport,2024/7/16
China,12.912066,Industry,2024/7/16
China,0.104427,International Aviation,2024/7/16
China,14.200142,Power,2024/7/16
China,1.001192,Residential,2024/7/16
China,31.424478,Total,2024/7/16
China,0.285072,Domestic Aviation,2024/7/17
China,3.035357,Ground Transport,2024/7/17
China,13.158613,Industry,2024/7/17
China,0.108662,International Aviation,2024/7/17
China,14.471285,Power,2024/7/17
China,0.999948,Residential,2024/7/17
China,31.950277,Total,2024/7/17
China,0.284909,Domestic Aviation,2024/7/18
China,3.038115,Ground Transport,2024/7/18
China,13.501432,Industry,2024/7/18
China,0.107645,International Aviation,2024/7/18
China,14.848303,Power,2024/7/18
China,0.999011,Residential,2024/7/18
China,32.67177,Total,2024/7/18
China,0.286743,Domestic Aviation,2024/7/19
China,2.872467,Ground Transport,2024/7/19
China,13.654057,Industry,2024/7/19
China,0.109214,International Aviation,2024/7/19
China,15.016153,Power,2024/7/19
China,0.997812,Residential,2024/7/19
China,32.827233,Total,2024/7/19
China,0.28346,Domestic Aviation,2024/7/20
China,2.845694,Ground Transport,2024/7/20
China,13.632925,Industry,2024/7/20
China,0.108069,International Aviation,2024/7/20
China,14.992913,Power,2024/7/20
China,0.997912,Residential,2024/7/20
China,32.752903,Total,2024/7/20
China,0.285444,Domestic Aviation,2024/7/21
China,3.0241,Ground Transport,2024/7/21
China,13.813726,Industry,2024/7/21
China,0.110834,International Aviation,2024/7/21
China,15.191751,Power,2024/7/21
China,1.00028,Residential,2024/7/21
China,33.315302,Total,2024/7/21
China,0.277649,Domestic Aviation,2024/7/22
China,3.032089,Ground Transport,2024/7/22
China,14.257513,Industry,2024/7/22
China,0.098334,International Aviation,2024/7/22
China,15.679808,Power,2024/7/22
China,1.001525,Residential,2024/7/22
China,34.248585,Total,2024/7/22
China,0.283719,Domestic Aviation,2024/7/23
China,3.037319,Ground Transport,2024/7/23
China,14.569807,Industry,2024/7/23
China,0.105495,International Aviation,2024/7/23
China,16.023256,Power,2024/7/23
China,1.003688,Residential,2024/7/23
China,34.917789,Total,2024/7/23
China,0.28088,Domestic Aviation,2024/7/24
China,3.028215,Ground Transport,2024/7/24
China,14.673122,Industry,2024/7/24
China,0.108054,International Aviation,2024/7/24
China,16.136878,Power,2024/7/24
China,1.005035,Residential,2024/7/24
China,35.12413,Total,2024/7/24
China,0.265139,Domestic Aviation,2024/7/25
China,3.045373,Ground Transport,2024/7/25
China,14.28569,Industry,2024/7/25
China,0.104197,International Aviation,2024/7/25
China,15.710796,Power,2024/7/25
China,0.999056,Residential,2024/7/25
China,34.306053,Total,2024/7/25
China,0.280917,Domestic Aviation,2024/7/26
China,2.866255,Ground Transport,2024/7/26
China,13.921738,Industry,2024/7/26
China,0.110139,International Aviation,2024/7/26
China,15.310537,Power,2024/7/26
China,1.00073,Residential,2024/7/26
China,33.380178,Total,2024/7/26
China,0.276927,Domestic Aviation,2024/7/27
China,2.804343,Ground Transport,2024/7/27
China,13.428642,Industry,2024/7/27
China,0.107536,International Aviation,2024/7/27
China,14.768251,Power,2024/7/27
China,1.002308,Residential,2024/7/27
China,32.280471,Total,2024/7/27
China,0.283883,Domestic Aviation,2024/7/28
China,2.967035,Ground Transport,2024/7/28
China,13.440382,Industry,2024/7/28
China,0.110803,International Aviation,2024/7/28
China,14.781163,Power,2024/7/28
China,1.006525,Residential,2024/7/28
China,32.478989,Total,2024/7/28
China,0.285516,Domestic Aviation,2024/7/29
China,2.974892,Ground Transport,2024/7/29
China,13.750328,Industry,2024/7/29
China,0.100562,International Aviation,2024/7/29
China,15.122028,Power,2024/7/29
China,1.012385,Residential,2024/7/29
China,33.14515,Total,2024/7/29
China,0.277066,Domestic Aviation,2024/7/30
China,2.972007,Ground Transport,2024/7/30
China,13.846599,Industry,2024/7/30
China,0.102846,International Aviation,2024/7/30
China,15.227903,Power,2024/7/30
China,1.0062,Residential,2024/7/30
China,33.329776,Total,2024/7/30
China,0.286129,Domestic Aviation,2024/7/31
China,2.96472,Ground Transport,2024/7/31
China,13.841903,Industry,2024/7/31
China,0.111122,International Aviation,2024/7/31
China,15.222739,Power,2024/7/31
China,1.001281,Residential,2024/7/31
China,33.316772,Total,2024/7/31
China,0.287445,Domestic Aviation,2024/8/1
China,3.019465,Ground Transport,2024/8/1
China,13.180725,Industry,2024/8/1
China,0.10602,International Aviation,2024/8/1
China,15.658366,Power,2024/8/1
China,0.998451,Residential,2024/8/1
China,33.144451,Total,2024/8/1
China,0.289524,Domestic Aviation,2024/8/2
China,2.837526,Ground Transport,2024/8/2
China,13.403276,Industry,2024/8/2
China,0.111554,International Aviation,2024/8/2
China,15.922751,Power,2024/8/2
China,1.007585,Residential,2024/8/2
China,33.460663,Total,2024/8/2
China,0.286639,Domestic Aviation,2024/8/3
China,2.778053,Ground Transport,2024/8/3
China,13.484006,Industry,2024/8/3
China,0.106713,International Aviation,2024/8/3
China,16.018656,Power,2024/8/3
China,1.002945,Residential,2024/8/3
China,33.570299,Total,2024/8/3
China,0.286558,Domestic Aviation,2024/8/4
China,2.979829,Ground Transport,2024/8/4
China,13.180725,Industry,2024/8/4
China,0.111227,International Aviation,2024/8/4
China,15.658366,Power,2024/8/4
China,1.000309,Residential,2024/8/4
China,33.105786,Total,2024/8/4
China,0.286528,Domestic Aviation,2024/8/5
China,2.981338,Ground Transport,2024/8/5
China,13.326911,Industry,2024/8/5
China,0.098214,International Aviation,2024/8/5
China,15.832031,Power,2024/8/5
China,0.998142,Residential,2024/8/5
China,33.424949,Total,2024/8/5
China,0.287733,Domestic Aviation,2024/8/6
China,3.007085,Ground Transport,2024/8/6
China,13.466551,Industry,2024/8/6
China,0.102409,International Aviation,2024/8/6
China,15.99792,Power,2024/8/6
China,1.002523,Residential,2024/8/6
China,33.761811,Total,2024/8/6
China,0.289719,Domestic Aviation,2024/8/7
China,3.021351,Ground Transport,2024/8/7
China,13.560371,Industry,2024/8/7
China,0.110773,International Aviation,2024/8/7
China,16.109376,Power,2024/8/7
China,1.000593,Residential,2024/8/7
China,33.98141,Total,2024/8/7
China,0.289347,Domestic Aviation,2024/8/8
China,3.046823,Ground Transport,2024/8/8
China,13.518916,Industry,2024/8/8
China,0.106271,International Aviation,2024/8/8
China,16.060128,Power,2024/8/8
China,1.00489,Residential,2024/8/8
China,33.920104,Total,2024/8/8
China,0.287336,Domestic Aviation,2024/8/9
China,2.833532,Ground Transport,2024/8/9
China,13.243999,Industry,2024/8/9
China,0.111597,International Aviation,2024/8/9
China,15.733534,Power,2024/8/9
China,1.005569,Residential,2024/8/9
China,33.10397,Total,2024/8/9
China,0.286218,Domestic Aviation,2024/8/10
China,2.708533,Ground Transport,2024/8/10
China,12.76835,Industry,2024/8/10
China,0.107007,International Aviation,2024/8/10
China,15.168475,Power,2024/8/10
China,1.011401,Residential,2024/8/10
China,31.942976,Total,2024/8/10
China,0.291016,Domestic Aviation,2024/8/11
China,2.922523,Ground Transport,2024/8/11
China,12.66362,Industry,2024/8/11
China,0.10969,International Aviation,2024/8/11
China,15.044058,Power,2024/8/11
China,1.009103,Residential,2024/8/11
China,31.930319,Total,2024/8/11
China,0.282719,Domestic Aviation,2024/8/12
China,2.953662,Ground Transport,2024/8/12
China,13.217817,Industry,2024/8/12
China,0.097423,International Aviation,2024/8/12
China,15.70243,Power,2024/8/12
China,1.003537,Residential,2024/8/12
China,33.160165,Total,2024/8/12
China,0.287644,Domestic Aviation,2024/8/13
China,2.9696,Ground Transport,2024/8/13
China,13.566917,Industry,2024/8/13
China,0.104629,International Aviation,2024/8/13
China,16.117152,Power,2024/8/13
China,1.003634,Residential,2024/8/13
China,33.944947,Total,2024/8/13
China,0.285777,Domestic Aviation,2024/8/14
China,2.964609,Ground Transport,2024/8/14
China,13.693466,Industry,2024/8/14
China,0.106162,International Aviation,2024/8/14
China,16.267489,Power,2024/8/14
China,1.011933,Residential,2024/8/14
China,34.223274,Total,2024/8/14
China,0.285518,Domestic Aviation,2024/8/15
China,2.988578,Ground Transport,2024/8/15
China,13.6171,Industry,2024/8/15
China,0.109252,International Aviation,2024/8/15
China,16.176769,Power,2024/8/15
China,1.011637,Residential,2024/8/15
China,34.079602,Total,2024/8/15
China,0.288307,Domestic Aviation,2024/8/16
China,2.949343,Ground Transport,2024/8/16
China,13.560371,Industry,2024/8/16
China,0.105634,International Aviation,2024/8/16
China,16.109376,Power,2024/8/16
China,1.01183,Residential,2024/8/16
China,33.919228,Total,2024/8/16
China,0.285521,Domestic Aviation,2024/8/17
China,2.774867,Ground Transport,2024/8/17
China,13.497097,Industry,2024/8/17
China,0.108228,International Aviation,2024/8/17
China,16.034208,Power,2024/8/17
China,1.012426,Residential,2024/8/17
China,33.60412,Total,2024/8/17
China,0.28593,Domestic Aviation,2024/8/18
China,3.002309,Ground Transport,2024/8/18
China,13.23309,Industry,2024/8/18
China,0.108159,International Aviation,2024/8/18
China,15.720574,Power,2024/8/18
China,1.008933,Residential,2024/8/18
China,33.250836,Total,2024/8/18
China,0.285213,Domestic Aviation,2024/8/19
China,3.00564,Ground Transport,2024/8/19
China,13.019266,Industry,2024/8/19
China,0.099736,International Aviation,2024/8/19
China,15.466556,Power,2024/8/19
China,1.010659,Residential,2024/8/19
China,32.787335,Total,2024/8/19
China,0.279649,Domestic Aviation,2024/8/20
China,3.015952,Ground Transport,2024/8/20
China,13.102177,Industry,2024/8/20
China,0.102731,International Aviation,2024/8/20
China,15.565053,Power,2024/8/20
China,1.007148,Residential,2024/8/20
China,32.969979,Total,2024/8/20
China,0.282402,Domestic Aviation,2024/8/21
China,3.005534,Ground Transport,2024/8/21
China,13.298546,Industry,2024/8/21
China,0.109053,International Aviation,2024/8/21
China,15.798334,Power,2024/8/21
China,1.001303,Residential,2024/8/21
China,33.386119,Total,2024/8/21
China,0.275954,Domestic Aviation,2024/8/22
China,3.029218,Ground Transport,2024/8/22
China,13.529825,Industry,2024/8/22
China,0.105977,International Aviation,2024/8/22
China,16.073088,Power,2024/8/22
China,0.99897,Residential,2024/8/22
China,33.907055,Total,2024/8/22
China,0.286175,Domestic Aviation,2024/8/23
China,2.858962,Ground Transport,2024/8/23
China,13.743649,Industry,2024/8/23
China,0.108544,International Aviation,2024/8/23
China,16.327106,Power,2024/8/23
China,0.99895,Residential,2024/8/23
China,34.214841,Total,2024/8/23
China,0.280232,Domestic Aviation,2024/8/24
China,2.83369,Ground Transport,2024/8/24
China,13.649828,Industry,2024/8/24
China,0.107199,International Aviation,2024/8/24
China,16.215649,Power,2024/8/24
China,0.998101,Residential,2024/8/24
China,33.9775,Total,2024/8/24
China,0.280856,Domestic Aviation,2024/8/25
China,3.006718,Ground Transport,2024/8/25
China,13.588736,Industry,2024/8/25
China,0.110283,International Aviation,2024/8/25
China,16.143073,Power,2024/8/25
China,1.006475,Residential,2024/8/25
China,34.025857,Total,2024/8/25
China,0.277859,Domestic Aviation,2024/8/26
China,3.026014,Ground Transport,2024/8/26
China,13.390185,Industry,2024/8/26
China,0.097317,International Aviation,2024/8/26
China,15.907199,Power,2024/8/26
China,1.013076,Residential,2024/8/26
China,33.614333,Total,2024/8/26
China,0.275526,Domestic Aviation,2024/8/27
China,3.030605,Ground Transport,2024/8/27
China,13.16327,Industry,2024/8/27
China,0.104498,International Aviation,2024/8/27
China,15.63763,Power,2024/8/27
China,0.999774,Residential,2024/8/27
China,33.106804,Total,2024/8/27
China,0.27351,Domestic Aviation,2024/8/28
China,3.036494,Ground Transport,2024/8/28
China,12.879626,Industry,2024/8/28
China,0.109061,International Aviation,2024/8/28
China,15.300667,Power,2024/8/28
China,0.997787,Residential,2024/8/28
China,32.488085,Total,2024/8/28
China,0.27152,Domestic Aviation,2024/8/29
China,3.032961,Ground Transport,2024/8/29
China,13.185088,Industry,2024/8/29
China,0.107807,International Aviation,2024/8/29
China,15.66355,Power,2024/8/29
China,1.001866,Residential,2024/8/29
China,33.154985,Total,2024/8/29
China,0.273298,Domestic Aviation,2024/8/30
China,2.879094,Ground Transport,2024/8/30
China,13.139269,Industry,2024/8/30
China,0.10894,International Aviation,2024/8/30
China,15.609117,Power,2024/8/30
China,1.004486,Residential,2024/8/30
China,32.905264,Total,2024/8/30
China,0.265551,Domestic Aviation,2024/8/31
China,2.855313,Ground Transport,2024/8/31
China,12.918899,Industry,2024/8/31
China,0.10636,International Aviation,2024/8/31
China,15.347324,Power,2024/8/31
China,1.009507,Residential,2024/8/31
China,32.396594,Total,2024/8/31
China,0.258448,Domestic Aviation,2024/9/1
China,3.125034,Ground Transport,2024/9/1
China,14.985624,Industry,2024/9/1
China,0.112837,International Aviation,2024/9/1
China,15.337895,Power,2024/9/1
China,1.047419,Residential,2024/9/1
China,34.75442,Total,2024/9/1
China,0.251296,Domestic Aviation,2024/9/2
China,3.135107,Ground Transport,2024/9/2
China,14.763452,Industry,2024/9/2
China,0.099906,International Aviation,2024/9/2
China,15.110501,Power,2024/9/2
China,1.035321,Residential,2024/9/2
China,34.295677,Total,2024/9/2
China,0.246012,Domestic Aviation,2024/9/3
China,3.143398,Ground Transport,2024/9/3
China,14.599875,Industry,2024/9/3
China,0.103036,International Aviation,2024/9/3
China,14.943078,Power,2024/9/3
China,1.034396,Residential,2024/9/3
China,33.966759,Total,2024/9/3
China,0.24665,Domestic Aviation,2024/9/4
China,3.15322,Ground Transport,2024/9/4
China,14.614524,Industry,2024/9/4
China,0.108726,International Aviation,2024/9/4
China,14.958071,Power,2024/9/4
China,1.056855,Residential,2024/9/4
China,34.029321,Total,2024/9/4
China,0.241411,Domestic Aviation,2024/9/5
China,3.18183,Ground Transport,2024/9/5
China,14.619407,Industry,2024/9/5
China,0.104607,International Aviation,2024/9/5
China,14.963069,Power,2024/9/5
China,1.061281,Residential,2024/9/5
China,34.066998,Total,2024/9/5
China,0.218964,Domestic Aviation,2024/9/6
China,3.042129,Ground Transport,2024/9/6
China,14.494893,Industry,2024/9/6
China,0.106638,International Aviation,2024/9/6
China,14.835628,Power,2024/9/6
China,1.05716,Residential,2024/9/6
China,33.648774,Total,2024/9/6
China,0.232715,Domestic Aviation,2024/9/7
China,2.965789,Ground Transport,2024/9/7
China,14.504658,Industry,2024/9/7
China,0.107141,International Aviation,2024/9/7
China,14.845623,Power,2024/9/7
China,1.045999,Residential,2024/9/7
China,33.594784,Total,2024/9/7
China,0.246004,Domestic Aviation,2024/9/8
China,3.132273,Ground Transport,2024/9/8
China,14.52419,Industry,2024/9/8
China,0.110019,International Aviation,2024/9/8
China,14.865614,Power,2024/9/8
China,1.035376,Residential,2024/9/8
China,33.803457,Total,2024/9/8
China,0.243485,Domestic Aviation,2024/9/9
China,3.143767,Ground Transport,2024/9/9
China,14.568136,Industry,2024/9/9
China,0.099244,International Aviation,2024/9/9
China,14.910593,Power,2024/9/9
China,1.058356,Residential,2024/9/9
China,33.924337,Total,2024/9/9
China,0.239806,Domestic Aviation,2024/9/10
China,3.155457,Ground Transport,2024/9/10
China,14.748804,Industry,2024/9/10
China,0.10636,International Aviation,2024/9/10
China,15.095507,Power,2024/9/10
China,1.06718,Residential,2024/9/10
China,34.306754,Total,2024/9/10
China,0.241015,Domestic Aviation,2024/9/11
China,3.150514,Ground Transport,2024/9/11
China,14.631614,Industry,2024/9/11
China,0.108996,International Aviation,2024/9/11
China,14.975563,Power,2024/9/11
China,1.05299,Residential,2024/9/11
China,34.051695,Total,2024/9/11
China,0.244122,Domestic Aviation,2024/9/12
China,3.148419,Ground Transport,2024/9/12
China,14.350847,Industry,2024/9/12
China,0.107753,International Aviation,2024/9/12
China,14.688196,Power,2024/9/12
China,1.048606,Residential,2024/9/12
China,33.48019,Total,2024/9/12
China,0.252986,Domestic Aviation,2024/9/13
China,3.218825,Ground Transport,2024/9/13
China,14.494893,Industry,2024/9/13
China,0.112552,International Aviation,2024/9/13
China,14.835628,Power,2024/9/13
China,1.103597,Residential,2024/9/13
China,33.905928,Total,2024/9/13
China,0.253447,Domestic Aviation,2024/9/14
China,3.090945,Ground Transport,2024/9/14
China,14.951444,Industry,2024/9/14
China,0.109751,International Aviation,2024/9/14
China,15.302911,Power,2024/9/14
China,1.139125,Residential,2024/9/14
China,34.737872,Total,2024/9/14
China,0.22674,Domestic Aviation,2024/9/15
China,3.157961,Ground Transport,2024/9/15
China,13.945566,Industry,2024/9/15
China,0.110347,International Aviation,2024/9/15
China,14.273388,Power,2024/9/15
China,1.079608,Residential,2024/9/15
China,32.683264,Total,2024/9/15
China,0.18381,Domestic Aviation,2024/9/16
China,3.146677,Ground Transport,2024/9/16
China,13.496339,Industry,2024/9/16
China,0.091301,International Aviation,2024/9/16
China,13.813601,Power,2024/9/16
China,1.059987,Residential,2024/9/16
China,31.700414,Total,2024/9/16
China,0.240488,Domestic Aviation,2024/9/17
China,3.220692,Ground Transport,2024/9/17
China,13.064203,Industry,2024/9/17
China,0.107761,International Aviation,2024/9/17
China,13.371306,Power,2024/9/17
China,1.04854,Residential,2024/9/17
China,30.945228,Total,2024/9/17
China,0.253644,Domestic Aviation,2024/9/18
China,3.21082,Ground Transport,2024/9/18
China,14.177504,Industry,2024/9/18
China,0.108819,International Aviation,2024/9/18
China,14.510778,Power,2024/9/18
China,1.048621,Residential,2024/9/18
China,33.201367,Total,2024/9/18
China,0.240505,Domestic Aviation,2024/9/19
China,3.219884,Ground Transport,2024/9/19
China,14.299577,Industry,2024/9/19
China,0.105252,International Aviation,2024/9/19
China,14.63572,Power,2024/9/19
China,1.082605,Residential,2024/9/19
China,33.478291,Total,2024/9/19
China,0.250674,Domestic Aviation,2024/9/20
China,3.157533,Ground Transport,2024/9/20
China,14.179946,Industry,2024/9/20
China,0.110549,International Aviation,2024/9/20
China,14.513277,Power,2024/9/20
China,1.208922,Residential,2024/9/20
China,33.310352,Total,2024/9/20
China,0.242471,Domestic Aviation,2024/9/21
China,3.1189,Ground Transport,2024/9/21
China,13.572024,Industry,2024/9/21
China,0.10982,International Aviation,2024/9/21
China,13.891065,Power,2024/9/21
China,1.192334,Residential,2024/9/21
China,32.016794,Total,2024/9/21
China,0.250673,Domestic Aviation,2024/9/22
China,3.181016,Ground Transport,2024/9/22
China,12.759021,Industry,2024/9/22
China,0.11179,International Aviation,2024/9/22
China,13.058951,Power,2024/9/22
China,1.181848,Residential,2024/9/22
China,30.431509,Total,2024/9/22
China,0.246252,Domestic Aviation,2024/9/23
China,3.17484,Ground Transport,2024/9/23
China,13.081293,Industry,2024/9/23
China,0.101921,International Aviation,2024/9/23
China,13.388798,Power,2024/9/23
China,1.115296,Residential,2024/9/23
China,31.006479,Total,2024/9/23
China,0.240175,Domestic Aviation,2024/9/24
China,3.148246,Ground Transport,2024/9/24
China,13.27905,Industry,2024/9/24
China,0.104732,International Aviation,2024/9/24
China,13.591204,Power,2024/9/24
China,1.07192,Residential,2024/9/24
China,31.330596,Total,2024/9/24
China,0.247326,Domestic Aviation,2024/9/25
China,3.125428,Ground Transport,2024/9/25
China,13.740484,Industry,2024/9/25
China,0.110264,International Aviation,2024/9/25
China,14.063486,Power,2024/9/25
China,1.111801,Residential,2024/9/25
China,32.288525,Total,2024/9/25
China,0.253615,Domestic Aviation,2024/9/26
China,3.139089,Ground Transport,2024/9/26
China,13.71607,Industry,2024/9/26
China,0.108848,International Aviation,2024/9/26
China,14.038497,Power,2024/9/26
China,1.108326,Residential,2024/9/26
China,32.255598,Total,2024/9/26
China,0.266113,Domestic Aviation,2024/9/27
China,3.101789,Ground Transport,2024/9/27
China,13.364501,Industry,2024/9/27
China,0.114588,International Aviation,2024/9/27
China,13.678664,Power,2024/9/27
China,1.093069,Residential,2024/9/27
China,31.504136,Total,2024/9/27
China,0.267565,Domestic Aviation,2024/9/28
China,3.159339,Ground Transport,2024/9/28
China,13.100824,Industry,2024/9/28
China,0.109714,International Aviation,2024/9/28
China,13.408789,Power,2024/9/28
China,1.078496,Residential,2024/9/28
China,31.015013,Total,2024/9/28
China,0.272216,Domestic Aviation,2024/9/29
China,3.209469,Ground Transport,2024/9/29
China,12.937247,Industry,2024/9/29
China,0.112559,International Aviation,2024/9/29
China,13.241366,Power,2024/9/29
China,1.155848,Residential,2024/9/29
China,30.816146,Total,2024/9/29
China,0.281152,Domestic Aviation,2024/9/30
China,3.104516,Ground Transport,2024/9/30
China,12.834706,Industry,2024/9/30
China,0.102194,International Aviation,2024/9/30
China,13.136415,Power,2024/9/30
China,1.252339,Residential,2024/9/30
China,30.609128,Total,2024/9/30
China,0.279992,Domestic Aviation,2024/10/1
China,3.066795,Ground Transport,2024/10/1
China,13.106849,Industry,2024/10/1
China,0.108931,International Aviation,2024/10/1
China,11.142639,Power,2024/10/1
China,1.388634,Residential,2024/10/1
China,28.98491,Total,2024/10/1
China,0.271622,Domestic Aviation,2024/10/2
China,3.05635,Ground Transport,2024/10/2
China,12.903531,Industry,2024/10/2
China,0.105066,International Aviation,2024/10/2
China,10.969791,Power,2024/10/2
China,1.378227,Residential,2024/10/2
China,28.579521,Total,2024/10/2
China,0.253383,Domestic Aviation,2024/10/3
China,3.066086,Ground Transport,2024/10/3
China,12.820486,Industry,2024/10/3
China,0.103186,International Aviation,2024/10/3
China,10.899191,Power,2024/10/3
China,1.269598,Residential,2024/10/3
China,28.308744,Total,2024/10/3
China,0.255917,Domestic Aviation,2024/10/4
China,3.032698,Ground Transport,2024/10/4
China,13.295849,Industry,2024/10/4
China,0.104926,International Aviation,2024/10/4
China,11.303315,Power,2024/10/4
China,1.163506,Residential,2024/10/4
China,29.051286,Total,2024/10/4
China,0.272269,Domestic Aviation,2024/10/5
China,3.037539,Ground Transport,2024/10/5
China,14.300984,Industry,2024/10/5
China,0.104183,International Aviation,2024/10/5
China,12.15782,Power,2024/10/5
China,1.130977,Residential,2024/10/5
China,30.899589,Total,2024/10/5
China,0.278088,Domestic Aviation,2024/10/6
China,3.034636,Ground Transport,2024/10/6
China,15.303256,Industry,2024/10/6
China,0.108042,International Aviation,2024/10/6
China,13.00989,Power,2024/10/6
China,1.243485,Residential,2024/10/6
China,32.869355,Total,2024/10/6
China,0.281308,Domestic Aviation,2024/10/7
China,2.968293,Ground Transport,2024/10/7
China,15.034074,Industry,2024/10/7
China,0.098354,International Aviation,2024/10/7
China,12.781048,Power,2024/10/7
China,1.306301,Residential,2024/10/7
China,32.371024,Total,2024/10/7
China,0.269926,Domestic Aviation,2024/10/8
China,3.152345,Ground Transport,2024/10/8
China,14.764893,Industry,2024/10/8
China,0.10469,International Aviation,2024/10/8
China,12.552206,Power,2024/10/8
China,1.226029,Residential,2024/10/8
China,31.965399,Total,2024/10/8
China,0.251075,Domestic Aviation,2024/10/9
China,3.142373,Ground Transport,2024/10/9
China,14.13203,Industry,2024/10/9
China,0.105921,International Aviation,2024/10/9
China,12.014185,Power,2024/10/9
China,1.173735,Residential,2024/10/9
China,30.713398,Total,2024/10/9
China,0.236831,Domestic Aviation,2024/10/10
China,3.128514,Ground Transport,2024/10/10
China,14.003166,Industry,2024/10/10
China,0.106057,International Aviation,2024/10/10
China,11.904633,Power,2024/10/10
China,1.265024,Residential,2024/10/10
China,30.538168,Total,2024/10/10
China,0.232623,Domestic Aviation,2024/10/11
China,3.14033,Ground Transport,2024/10/11
China,14.303848,Industry,2024/10/11
China,0.110826,International Aviation,2024/10/11
China,12.160254,Power,2024/10/11
China,1.190668,Residential,2024/10/11
China,31.027722,Total,2024/10/11
China,0.229932,Domestic Aviation,2024/10/12
China,2.963796,Ground Transport,2024/10/12
China,14.126302,Industry,2024/10/12
China,0.109309,International Aviation,2024/10/12
China,12.009316,Power,2024/10/12
China,1.17351,Residential,2024/10/12
China,30.502856,Total,2024/10/12
China,0.241039,Domestic Aviation,2024/10/13
China,3.10908,Ground Transport,2024/10/13
China,14.114848,Industry,2024/10/13
China,0.109375,International Aviation,2024/10/13
China,11.999578,Power,2024/10/13
China,1.129514,Residential,2024/10/13
China,30.594059,Total,2024/10/13
China,0.239736,Domestic Aviation,2024/10/14
China,3.116936,Ground Transport,2024/10/14
China,14.06903,Industry,2024/10/14
China,0.103871,International Aviation,2024/10/14
China,11.960626,Power,2024/10/14
China,1.130471,Residential,2024/10/14
China,30.5168,Total,2024/10/14
China,0.237453,Domestic Aviation,2024/10/15
China,3.13742,Ground Transport,2024/10/15
China,14.492847,Industry,2024/10/15
China,0.10517,International Aviation,2024/10/15
China,12.32093,Power,2024/10/15
China,1.251557,Residential,2024/10/15
China,31.440208,Total,2024/10/15
China,0.240415,Domestic Aviation,2024/10/16
China,3.141303,Ground Transport,2024/10/16
China,14.349666,Industry,2024/10/16
China,0.110731,International Aviation,2024/10/16
China,12.199206,Power,2024/10/16
China,1.218078,Residential,2024/10/16
China,31.148668,Total,2024/10/16
China,0.239033,Domestic Aviation,2024/10/17
China,3.154666,Ground Transport,2024/10/17
China,14.730529,Industry,2024/10/17
China,0.109453,International Aviation,2024/10/17
China,12.522993,Power,2024/10/17
China,1.182283,Residential,2024/10/17
China,31.829503,Total,2024/10/17
China,0.248727,Domestic Aviation,2024/10/18
China,3.021451,Ground Transport,2024/10/18
China,14.083348,Industry,2024/10/18
China,0.112402,International Aviation,2024/10/18
China,11.972799,Power,2024/10/18
China,1.352822,Residential,2024/10/18
China,30.679147,Total,2024/10/18
China,0.239197,Domestic Aviation,2024/10/19
China,2.978501,Ground Transport,2024/10/19
China,13.318758,Industry,2024/10/19
China,0.111402,International Aviation,2024/10/19
China,11.322791,Power,2024/10/19
China,1.692308,Residential,2024/10/19
China,29.551555,Total,2024/10/19
China,0.244291,Domestic Aviation,2024/10/20
China,3.090259,Ground Transport,2024/10/20
China,13.396076,Industry,2024/10/20
China,0.111018,International Aviation,2024/10/20
China,11.388522,Power,2024/10/20
China,1.676992,Residential,2024/10/20
China,29.79614,Total,2024/10/20
China,0.242798,Domestic Aviation,2024/10/21
China,3.121249,Ground Transport,2024/10/21
China,14.189302,Industry,2024/10/21
China,0.101779,International Aviation,2024/10/21
China,12.062875,Power,2024/10/21
China,1.571363,Residential,2024/10/21
China,31.187587,Total,2024/10/21
China,0.238989,Domestic Aviation,2024/10/22
China,3.115903,Ground Transport,2024/10/22
China,14.372575,Industry,2024/10/22
China,0.108586,International Aviation,2024/10/22
China,12.218682,Power,2024/10/22
China,1.667462,Residential,2024/10/22
China,31.61361,Total,2024/10/22
China,0.240369,Domestic Aviation,2024/10/23
China,3.106896,Ground Transport,2024/10/23
China,13.948757,Industry,2024/10/23
China,0.109647,International Aviation,2024/10/23
China,11.858378,Power,2024/10/23
China,1.547875,Residential,2024/10/23
China,30.702275,Total,2024/10/23
China,0.241234,Domestic Aviation,2024/10/24
China,3.133385,Ground Transport,2024/10/24
China,13.965939,Industry,2024/10/24
China,0.110662,International Aviation,2024/10/24
China,11.872985,Power,2024/10/24
China,1.378886,Residential,2024/10/24
China,30.592429,Total,2024/10/24
China,0.249561,Domestic Aviation,2024/10/25
China,2.983156,Ground Transport,2024/10/25
China,13.630894,Industry,2024/10/25
China,0.110862,International Aviation,2024/10/25
China,11.58815,Power,2024/10/25
China,1.320331,Residential,2024/10/25
China,29.772092,Total,2024/10/25
China,0.23542,Domestic Aviation,2024/10/26
China,2.91795,Ground Transport,2024/10/26
China,14.169257,Industry,2024/10/26
China,0.108538,International Aviation,2024/10/26
China,12.045833,Power,2024/10/26
China,1.359308,Residential,2024/10/26
China,30.727768,Total,2024/10/26
China,0.238794,Domestic Aviation,2024/10/27
China,3.091605,Ground Transport,2024/10/27
China,13.854257,Industry,2024/10/27
China,0.111017,International Aviation,2024/10/27
China,11.77804,Power,2024/10/27
China,1.504088,Residential,2024/10/27
China,30.466785,Total,2024/10/27
China,0.236955,Domestic Aviation,2024/10/28
China,3.098629,Ground Transport,2024/10/28
China,13.934439,Industry,2024/10/28
China,0.10147,International Aviation,2024/10/28
China,11.846206,Power,2024/10/28
China,1.509495,Residential,2024/10/28
China,30.625723,Total,2024/10/28
China,0.227783,Domestic Aviation,2024/10/29
China,3.107272,Ground Transport,2024/10/29
China,13.91153,Industry,2024/10/29
China,0.107016,International Aviation,2024/10/29
China,11.82673,Power,2024/10/29
China,1.391562,Residential,2024/10/29
China,30.464877,Total,2024/10/29
China,0.230595,Domestic Aviation,2024/10/30
China,3.114739,Ground Transport,2024/10/30
China,14.166393,Industry,2024/10/30
China,0.110595,International Aviation,2024/10/30
China,12.043399,Power,2024/10/30
China,1.361752,Residential,2024/10/30
China,30.916879,Total,2024/10/30
China,0.226616,Domestic Aviation,2024/10/31
China,3.144566,Ground Transport,2024/10/31
China,13.965939,Industry,2024/10/31
China,0.109179,International Aviation,2024/10/31
China,11.872985,Power,2024/10/31
China,1.343095,Residential,2024/10/31
China,30.553201,Total,2024/10/31
China,0.224006,Domestic Aviation,2024/11/1
China,2.941571,Ground Transport,2024/11/1
China,13.283903,Industry,2024/11/1
China,0.108782,International Aviation,2024/11/1
China,12.862233,Power,2024/11/1
China,1.450873,Residential,2024/11/1
China,30.762587,Total,2024/11/1
China,0.223107,Domestic Aviation,2024/11/2
China,2.923296,Ground Transport,2024/11/2
China,13.118985,Industry,2024/11/2
China,0.111528,International Aviation,2024/11/2
China,12.70255,Power,2024/11/2
China,1.443746,Residential,2024/11/2
China,30.411684,Total,2024/11/2
China,0.233918,Domestic Aviation,2024/11/3
China,3.03585,Ground Transport,2024/11/3
China,12.898207,Industry,2024/11/3
China,0.109162,International Aviation,2024/11/3
China,12.48878,Power,2024/11/3
China,1.425835,Residential,2024/11/3
China,30.08259,Total,2024/11/3
China,0.234065,Domestic Aviation,2024/11/4
China,3.046388,Ground Transport,2024/11/4
China,12.991306,Industry,2024/11/4
China,0.102792,International Aviation,2024/11/4
China,12.578924,Power,2024/11/4
China,1.729465,Residential,2024/11/4
China,30.580148,Total,2024/11/4
China,0.224772,Domestic Aviation,2024/11/5
China,3.054633,Ground Transport,2024/11/5
China,13.275923,Industry,2024/11/5
China,0.106126,International Aviation,2024/11/5
China,12.854507,Power,2024/11/5
China,1.810909,Residential,2024/11/5
China,31.220744,Total,2024/11/5
China,0.227941,Domestic Aviation,2024/11/6
China,3.056628,Ground Transport,2024/11/6
China,13.547241,Industry,2024/11/6
China,0.107077,International Aviation,2024/11/6
China,13.117212,Power,2024/11/6
China,1.766031,Residential,2024/11/6
China,31.715052,Total,2024/11/6
China,0.234105,Domestic Aviation,2024/11/7
China,3.073099,Ground Transport,2024/11/7
China,13.387642,Industry,2024/11/7
China,0.108023,International Aviation,2024/11/7
China,12.962679,Power,2024/11/7
China,1.683531,Residential,2024/11/7
China,31.341057,Total,2024/11/7
China,0.230982,Domestic Aviation,2024/11/8
China,2.875092,Ground Transport,2024/11/8
China,13.331783,Industry,2024/11/8
China,0.112706,International Aviation,2024/11/8
China,12.908593,Power,2024/11/8
China,1.569051,Residential,2024/11/8
China,30.915501,Total,2024/11/8
China,0.22752,Domestic Aviation,2024/11/9
China,2.860819,Ground Transport,2024/11/9
China,13.190804,Industry,2024/11/9
China,0.106672,International Aviation,2024/11/9
China,12.77209,Power,2024/11/9
China,1.476292,Residential,2024/11/9
China,30.527525,Total,2024/11/9
China,0.237892,Domestic Aviation,2024/11/10
China,3.015535,Ground Transport,2024/11/10
China,13.222724,Industry,2024/11/10
China,0.110604,International Aviation,2024/11/10
China,12.802996,Power,2024/11/10
China,1.483353,Residential,2024/11/10
China,30.762501,Total,2024/11/10
China,0.232874,Domestic Aviation,2024/11/11
China,3.016097,Ground Transport,2024/11/11
China,13.440842,Industry,2024/11/11
China,0.103218,International Aviation,2024/11/11
China,13.01419,Power,2024/11/11
China,1.531533,Residential,2024/11/11
China,31.235536,Total,2024/11/11
China,0.221985,Domestic Aviation,2024/11/12
China,3.016045,Ground Transport,2024/11/12
China,14.180314,Industry,2024/11/12
China,0.105574,International Aviation,2024/11/12
China,13.730189,Power,2024/11/12
China,1.512237,Residential,2024/11/12
China,32.66077,Total,2024/11/12
China,0.227469,Domestic Aviation,2024/11/13
China,3.028048,Ground Transport,2024/11/13
China,14.198934,Industry,2024/11/13
China,0.111618,International Aviation,2024/11/13
China,13.748218,Power,2024/11/13
China,1.470915,Residential,2024/11/13
China,32.673583,Total,2024/11/13
China,0.225233,Domestic Aviation,2024/11/14
China,3.072132,Ground Transport,2024/11/14
China,14.334592,Industry,2024/11/14
China,0.11109,International Aviation,2024/11/14
China,13.879571,Power,2024/11/14
China,1.467498,Residential,2024/11/14
China,32.979026,Total,2024/11/14
China,0.235984,Domestic Aviation,2024/11/15
China,2.949382,Ground Transport,2024/11/15
China,13.911657,Industry,2024/11/15
China,0.113534,International Aviation,2024/11/15
China,13.47006,Power,2024/11/15
China,1.458118,Residential,2024/11/15
China,32.025201,Total,2024/11/15
China,0.227753,Domestic Aviation,2024/11/16
China,2.918062,Ground Transport,2024/11/16
China,13.863777,Industry,2024/11/16
China,0.114152,International Aviation,2024/11/16
China,13.4237,Power,2024/11/16
China,1.715482,Residential,2024/11/16
China,32.148775,Total,2024/11/16
China,0.235601,Domestic Aviation,2024/11/17
China,3.059865,Ground Transport,2024/11/17
China,13.810578,Industry,2024/11/17
China,0.112856,International Aviation,2024/11/17
China,13.37219,Power,2024/11/17
China,2.080809,Residential,2024/11/17
China,32.559043,Total,2024/11/17
China,0.232325,Domestic Aviation,2024/11/18
China,3.049314,Ground Transport,2024/11/18
China,14.504831,Industry,2024/11/18
China,0.105844,International Aviation,2024/11/18
China,14.044405,Power,2024/11/18
China,2.195546,Residential,2024/11/18
China,34.026421,Total,2024/11/18
China,0.222971,Domestic Aviation,2024/11/19
China,3.056589,Ground Transport,2024/11/19
China,14.794768,Industry,2024/11/19
China,0.10972,International Aviation,2024/11/19
China,14.325139,Power,2024/11/19
China,2.153197,Residential,2024/11/19
China,34.552663,Total,2024/11/19
China,0.229999,Domestic Aviation,2024/11/20
China,3.057223,Ground Transport,2024/11/20
China,15.092685,Industry,2024/11/20
China,0.109324,International Aviation,2024/11/20
China,14.613599,Power,2024/11/20
China,2.102347,Residential,2024/11/20
China,35.095852,Total,2024/11/20
China,0.228614,Domestic Aviation,2024/11/21
China,3.063415,Ground Transport,2024/11/21
China,15.098005,Industry,2024/11/21
China,0.113167,International Aviation,2024/11/21
China,14.61875,Power,2024/11/21
China,2.092052,Residential,2024/11/21
China,35.100834,Total,2024/11/21
China,0.236787,Domestic Aviation,2024/11/22
China,2.924657,Ground Transport,2024/11/22
China,15.111304,Industry,2024/11/22
China,0.11263,International Aviation,2024/11/22
China,14.631627,Power,2024/11/22
China,2.115949,Residential,2024/11/22
China,35.020325,Total,2024/11/22
China,0.225089,Domestic Aviation,2024/11/23
China,2.916432,Ground Transport,2024/11/23
China,14.691029,Industry,2024/11/23
China,0.112902,International Aviation,2024/11/23
China,14.224693,Power,2024/11/23
China,2.09691,Residential,2024/11/23
China,34.154152,Total,2024/11/23
China,0.235079,Domestic Aviation,2024/11/24
China,3.049042,Ground Transport,2024/11/24
China,14.996926,Industry,2024/11/24
China,0.116218,International Aviation,2024/11/24
China,14.520879,Power,2024/11/24
China,2.045337,Residential,2024/11/24
China,34.847263,Total,2024/11/24
China,0.229253,Domestic Aviation,2024/11/25
China,2.991171,Ground Transport,2024/11/25
China,15.172484,Industry,2024/11/25
China,0.104066,International Aviation,2024/11/25
China,14.690865,Power,2024/11/25
China,2.3331,Residential,2024/11/25
China,35.416872,Total,2024/11/25
China,0.217189,Domestic Aviation,2024/11/26
China,2.970544,Ground Transport,2024/11/26
China,14.470251,Industry,2024/11/26
China,0.109132,International Aviation,2024/11/26
China,14.010923,Power,2024/11/26
China,2.570201,Residential,2024/11/26
China,34.239108,Total,2024/11/26
China,0.222522,Domestic Aviation,2024/11/27
China,2.974669,Ground Transport,2024/11/27
China,14.345232,Industry,2024/11/27
China,0.112741,International Aviation,2024/11/27
China,13.889873,Power,2024/11/27
China,2.543405,Residential,2024/11/27
China,33.975701,Total,2024/11/27
China,0.223137,Domestic Aviation,2024/11/28
China,2.999682,Ground Transport,2024/11/28
China,14.440991,Industry,2024/11/28
China,0.109761,International Aviation,2024/11/28
China,13.982592,Power,2024/11/28
China,2.478739,Residential,2024/11/28
China,34.125141,Total,2024/11/28
China,0.234406,Domestic Aviation,2024/11/29
China,2.854779,Ground Transport,2024/11/29
China,14.760188,Industry,2024/11/29
China,0.11578,International Aviation,2024/11/29
China,14.291657,Power,2024/11/29
China,2.348714,Residential,2024/11/29
China,34.489744,Total,2024/11/29
China,0.223568,Domestic Aviation,2024/11/30
China,2.821373,Ground Transport,2024/11/30
China,14.874567,Industry,2024/11/30
China,0.11413,International Aviation,2024/11/30
China,14.402405,Power,2024/11/30
China,2.249806,Residential,2024/11/30
China,34.571718,Total,2024/11/30
China,0.231177,Domestic Aviation,2024/12/1
China,3.195306,Ground Transport,2024/12/1
China,12.293995,Industry,2024/12/1
China,0.11519,International Aviation,2024/12/1
China,14.16937,Power,2024/12/1
China,2.103057,Residential,2024/12/1
China,31.992904,Total,2024/12/1
China,0.225904,Domestic Aviation,2024/12/2
China,3.17559,Ground Transport,2024/12/2
China,12.563434,Industry,2024/12/2
China,0.103686,International Aviation,2024/12/2
China,14.47991,Power,2024/12/2
China,2.26925,Residential,2024/12/2
China,32.714088,Total,2024/12/2
China,0.214815,Domestic Aviation,2024/12/3
China,3.185378,Ground Transport,2024/12/3
China,12.677,Industry,2024/12/3
China,0.111649,International Aviation,2024/12/3
China,14.610799,Power,2024/12/3
China,2.315561,Residential,2024/12/3
China,33.003552,Total,2024/12/3
China,0.219929,Domestic Aviation,2024/12/4
China,3.179395,Ground Transport,2024/12/4
China,12.848461,Industry,2024/12/4
China,0.110256,International Aviation,2024/12/4
China,14.808416,Power,2024/12/4
China,2.321954,Residential,2024/12/4
China,33.378154,Total,2024/12/4
China,0.220612,Domestic Aviation,2024/12/5
China,3.196595,Ground Transport,2024/12/5
China,12.75271,Industry,2024/12/5
China,0.112825,International Aviation,2024/12/5
China,14.698058,Power,2024/12/5
China,2.420123,Residential,2024/12/5
China,33.288098,Total,2024/12/5
China,0.23319,Domestic Aviation,2024/12/6
China,2.970877,Ground Transport,2024/12/6
China,13.247053,Industry,2024/12/6
China,0.116757,International Aviation,2024/12/6
China,15.26781,Power,2024/12/6
China,2.487388,Residential,2024/12/6
China,34.206317,Total,2024/12/6
China,0.218234,Domestic Aviation,2024/12/7
China,2.973557,Ground Transport,2024/12/7
China,13.113446,Industry,2024/12/7
China,0.113657,International Aviation,2024/12/7
China,15.113823,Power,2024/12/7
China,2.666923,Residential,2024/12/7
China,34.085983,Total,2024/12/7
China,0.228368,Domestic Aviation,2024/12/8
China,3.158951,Ground Transport,2024/12/8
China,13.260413,Industry,2024/12/8
China,0.114458,International Aviation,2024/12/8
China,15.283209,Power,2024/12/8
China,2.719635,Residential,2024/12/8
China,34.650576,Total,2024/12/8
China,0.221853,Domestic Aviation,2024/12/9
China,3.109422,Ground Transport,2024/12/9
China,13.817106,Industry,2024/12/9
China,0.103785,International Aviation,2024/12/9
China,15.924821,Power,2024/12/9
China,2.608509,Residential,2024/12/9
China,35.681711,Total,2024/12/9
China,0.214361,Domestic Aviation,2024/12/10
China,3.039714,Ground Transport,2024/12/10
China,14.144441,Industry,2024/12/10
China,0.112854,International Aviation,2024/12/10
China,16.302089,Power,2024/12/10
China,2.571294,Residential,2024/12/10
China,36.271898,Total,2024/12/10
China,0.218371,Domestic Aviation,2024/12/11
China,2.998487,Ground Transport,2024/12/11
China,13.812652,Industry,2024/12/11
China,0.113046,International Aviation,2024/12/11
China,15.919688,Power,2024/12/11
China,2.729474,Residential,2024/12/11
China,35.678673,Total,2024/12/11
China,0.22089,Domestic Aviation,2024/12/12
China,3.033509,Ground Transport,2024/12/12
China,14.1244,Industry,2024/12/12
China,0.113886,International Aviation,2024/12/12
China,16.278991,Power,2024/12/12
China,2.750418,Residential,2024/12/12
China,36.408209,Total,2024/12/12
China,0.232383,Domestic Aviation,2024/12/13
China,2.797662,Ground Transport,2024/12/13
China,13.612243,Industry,2024/12/13
China,0.117371,International Aviation,2024/12/13
China,15.688708,Power,2024/12/13
China,2.91395,Residential,2024/12/13
China,35.244946,Total,2024/12/13
China,0.220178,Domestic Aviation,2024/12/14
China,2.750966,Ground Transport,2024/12/14
China,12.917491,Industry,2024/12/14
China,0.11398,International Aviation,2024/12/14
China,14.887976,Power,2024/12/14
China,2.968642,Residential,2024/12/14
China,33.745251,Total,2024/12/14
China,0.231038,Domestic Aviation,2024/12/15
China,2.973059,Ground Transport,2024/12/15
China,13.394019,Industry,2024/12/15
China,0.112803,International Aviation,2024/12/15
China,15.437196,Power,2024/12/15
China,2.895546,Residential,2024/12/15
China,34.930858,Total,2024/12/15
China,0.223066,Domestic Aviation,2024/12/16
China,3.003676,Ground Transport,2024/12/16
China,13.937351,Industry,2024/12/16
China,0.108524,International Aviation,2024/12/16
China,16.06341,Power,2024/12/16
China,2.811413,Residential,2024/12/16
China,36.038916,Total,2024/12/16
China,0.216629,Domestic Aviation,2024/12/17
China,2.996861,Ground Transport,2024/12/17
China,14.019742,Industry,2024/12/17
China,0.111975,International Aviation,2024/12/17
China,16.158368,Power,2024/12/17
China,2.78707,Residential,2024/12/17
China,36.17867,Total,2024/12/17
China,0.221257,Domestic Aviation,2024/12/18
China,2.991071,Ground Transport,2024/12/18
China,13.868321,Industry,2024/12/18
China,0.115561,International Aviation,2024/12/18
China,15.98385,Power,2024/12/18
China,2.911595,Residential,2024/12/18
China,35.976094,Total,2024/12/18
China,0.223736,Domestic Aviation,2024/12/19
China,3.040438,Ground Transport,2024/12/19
China,14.195656,Industry,2024/12/19
China,0.114821,International Aviation,2024/12/19
China,16.361118,Power,2024/12/19
China,3.012375,Residential,2024/12/19
China,36.833324,Total,2024/12/19
China,0.233225,Domestic Aviation,2024/12/20
China,2.81918,Ground Transport,2024/12/20
China,13.932898,Industry,2024/12/20
China,0.116349,International Aviation,2024/12/20
China,16.058277,Power,2024/12/20
China,2.931969,Residential,2024/12/20
China,35.975549,Total,2024/12/20
China,0.212017,Domestic Aviation,2024/12/21
China,2.747668,Ground Transport,2024/12/21
China,13.253733,Industry,2024/12/21
China,0.114169,International Aviation,2024/12/21
China,15.27551,Power,2024/12/21
China,3.008728,Residential,2024/12/21
China,34.497656,Total,2024/12/21
China,0.215279,Domestic Aviation,2024/12/22
China,3.011984,Ground Transport,2024/12/22
China,13.712447,Industry,2024/12/22
China,0.115834,International Aviation,2024/12/22
China,15.804198,Power,2024/12/22
China,2.985297,Residential,2024/12/22
China,35.729206,Total,2024/12/22
China,0.218845,Domestic Aviation,2024/12/23
China,3.051695,Ground Transport,2024/12/23
China,14.144441,Industry,2024/12/23
China,0.104723,International Aviation,2024/12/23
China,16.302089,Power,2024/12/23
China,2.931035,Residential,2024/12/23
China,36.648106,Total,2024/12/23
China,0.214554,Domestic Aviation,2024/12/24
China,3.098786,Ground Transport,2024/12/24
China,14.148894,Industry,2024/12/24
China,0.105097,International Aviation,2024/12/24
China,16.307222,Power,2024/12/24
China,2.779887,Residential,2024/12/24
China,36.549344,Total,2024/12/24
China,0.219582,Domestic Aviation,2024/12/25
China,3.131681,Ground Transport,2024/12/25
China,13.961846,Industry,2024/12/25
China,0.106961,International Aviation,2024/12/25
China,16.091641,Power,2024/12/25
China,2.676802,Residential,2024/12/25
China,36.081551,Total,2024/12/25
China,0.220094,Domestic Aviation,2024/12/26
China,3.178766,Ground Transport,2024/12/26
China,13.583295,Industry,2024/12/26
China,0.108073,International Aviation,2024/12/26
China,15.655344,Power,2024/12/26
China,2.782549,Residential,2024/12/26
China,35.420048,Total,2024/12/26
China,0.225382,Domestic Aviation,2024/12/27
China,3.046005,Ground Transport,2024/12/27
China,13.447462,Industry,2024/12/27
China,0.105051,International Aviation,2024/12/27
China,15.498791,Power,2024/12/27
China,2.898121,Residential,2024/12/27
China,35.115762,Total,2024/12/27
China,0.222462,Domestic Aviation,2024/12/28
China,3.04849,Ground Transport,2024/12/28
China,13.445235,Industry,2024/12/28
China,0.10768,International Aviation,2024/12/28
China,15.496224,Power,2024/12/28
China,2.997794,Residential,2024/12/28
China,35.210206,Total,2024/12/28
China,0.226968,Domestic Aviation,2024/12/29
China,3.118644,Ground Transport,2024/12/29
China,13.574388,Industry,2024/12/29
China,0.111101,International Aviation,2024/12/29
China,15.645078,Power,2024/12/29
China,2.78562,Residential,2024/12/29
China,35.350698,Total,2024/12/29
China,0.224026,Domestic Aviation,2024/12/30
China,3.217106,Ground Transport,2024/12/30
China,13.743622,Industry,2024/12/30
China,0.100159,International Aviation,2024/12/30
China,15.840129,Power,2024/12/30
China,2.684197,Residential,2024/12/30
China,35.70908,Total,2024/12/30
China,0.223166,Domestic Aviation,2024/12/31
China,3.096678,Ground Transport,2024/12/31
China,13.625603,Industry,2024/12/31
China,0.104753,International Aviation,2024/12/31
China,15.704107,Power,2024/12/31
China,2.68899,Residential,2024/12/31
China,35.338544,Total,2024/12/31
China,0.226515,Domestic Aviation,2025/1/1
China,3.186909,Ground Transport,2025/1/1
China,12.708562,Industry,2025/1/1
China,0.106762,International Aviation,2025/1/1
China,14.164362,Power,2025/1/1
China,2.633547,Residential,2025/1/1
China,32.919895,Total,2025/1/1
China,0.212265,Domestic Aviation,2025/1/2
China,3.188729,Ground Transport,2025/1/2
China,12.990279,Industry,2025/1/2
China,0.106332,International Aviation,2025/1/2
China,14.47835,Power,2025/1/2
China,2.718473,Residential,2025/1/2
China,33.588096,Total,2025/1/2
China,0.22072,Domestic Aviation,2025/1/3
China,3.050264,Ground Transport,2025/1/3
China,13.102966,Industry,2025/1/3
China,0.111012,International Aviation,2025/1/3
China,14.603945,Power,2025/1/3
China,2.74815,Residential,2025/1/3
China,33.726045,Total,2025/1/3
China,0.218624,Domestic Aviation,2025/1/4
China,3.01927,Ground Transport,2025/1/4
China,13.096705,Industry,2025/1/4
China,0.107135,International Aviation,2025/1/4
China,14.596968,Power,2025/1/4
China,2.625044,Residential,2025/1/4
China,33.556611,Total,2025/1/4
China,0.234036,Domestic Aviation,2025/1/5
China,3.205023,Ground Transport,2025/1/5
China,12.754471,Industry,2025/1/5
China,0.114401,International Aviation,2025/1/5
China,14.21553,Power,2025/1/5
China,2.637967,Residential,2025/1/5
China,33.047028,Total,2025/1/5
China,0.22816,Domestic Aviation,2025/1/6
China,3.220646,Ground Transport,2025/1/6
China,12.589615,Industry,2025/1/6
China,0.103303,International Aviation,2025/1/6
China,14.031789,Power,2025/1/6
China,2.761888,Residential,2025/1/6
China,32.832098,Total,2025/1/6
China,0.217744,Domestic Aviation,2025/1/7
China,3.212488,Ground Transport,2025/1/7
China,12.731517,Industry,2025/1/7
China,0.105876,International Aviation,2025/1/7
China,14.189946,Power,2025/1/7
China,2.802509,Residential,2025/1/7
China,33.154205,Total,2025/1/7
China,0.233734,Domestic Aviation,2025/1/8
China,3.18703,Ground Transport,2025/1/8
China,12.961064,Industry,2025/1/8
China,0.114571,International Aviation,2025/1/8
China,14.445788,Power,2025/1/8
China,2.970133,Residential,2025/1/8
China,33.797749,Total,2025/1/8
China,0.23545,Domestic Aviation,2025/1/9
China,3.147451,Ground Transport,2025/1/9
China,13.006973,Industry,2025/1/9
China,0.10903,International Aviation,2025/1/9
China,14.496957,Power,2025/1/9
China,3.135276,Residential,2025/1/9
China,34.022108,Total,2025/1/9
China,0.241146,Domestic Aviation,2025/1/10
China,2.934882,Ground Transport,2025/1/10
China,13.186437,Industry,2025/1/10
China,0.113438,International Aviation,2025/1/10
China,14.696979,Power,2025/1/10
China,3.135054,Residential,2025/1/10
China,34.194498,Total,2025/1/10
China,0.238038,Domestic Aviation,2025/1/11
China,2.956567,Ground Transport,2025/1/11
China,13.182264,Industry,2025/1/11
China,0.113597,International Aviation,2025/1/11
China,14.692327,Power,2025/1/11
China,3.03948,Residential,2025/1/11
China,34.108676,Total,2025/1/11
China,0.24221,Domestic Aviation,2025/1/12
China,3.102916,Ground Transport,2025/1/12
China,12.917241,Industry,2025/1/12
China,0.11538,International Aviation,2025/1/12
China,14.396946,Power,2025/1/12
China,2.909511,Residential,2025/1/12
China,33.568824,Total,2025/1/12
China,0.249081,Domestic Aviation,2025/1/13
China,3.178328,Ground Transport,2025/1/13
China,12.487362,Industry,2025/1/13
China,0.106787,International Aviation,2025/1/13
China,13.917823,Power,2025/1/13
China,2.588445,Residential,2025/1/13
China,32.421038,Total,2025/1/13
China,0.271342,Domestic Aviation,2025/1/14
China,3.181054,Ground Transport,2025/1/14
China,12.278683,Industry,2025/1/14
China,0.111824,International Aviation,2025/1/14
China,13.685239,Power,2025/1/14
China,2.714022,Residential,2025/1/14
China,32.13034,Total,2025/1/14
China,0.277015,Domestic Aviation,2025/1/15
China,3.172285,Ground Transport,2025/1/15
China,11.982358,Industry,2025/1/15
China,0.116441,International Aviation,2025/1/15
China,13.35497,Power,2025/1/15
China,2.950619,Residential,2025/1/15
China,31.737247,Total,2025/1/15
China,0.27658,Domestic Aviation,2025/1/16
China,3.227661,Ground Transport,2025/1/16
China,12.157649,Industry,2025/1/16
China,0.11598,International Aviation,2025/1/16
China,13.55034,Power,2025/1/16
China,2.909834,Residential,2025/1/16
China,32.122064,Total,2025/1/16
China,0.280229,Domestic Aviation,2025/1/17
China,3.118156,Ground Transport,2025/1/17
China,12.412238,Industry,2025/1/17
China,0.115785,International Aviation,2025/1/17
China,13.834093,Power,2025/1/17
China,2.729609,Residential,2025/1/17
China,32.374324,Total,2025/1/17
China,0.279846,Domestic Aviation,2025/1/18
China,3.07249,Ground Transport,2025/1/18
China,11.537872,Industry,2025/1/18
China,0.117593,International Aviation,2025/1/18
China,12.859566,Power,2025/1/18
China,2.582284,Residential,2025/1/18
China,30.332058,Total,2025/1/18
China,0.279342,Domestic Aviation,2025/1/19
China,3.131369,Ground Transport,2025/1/19
China,11.894713,Industry,2025/1/19
China,0.119826,International Aviation,2025/1/19
China,13.257284,Power,2025/1/19
China,2.588406,Residential,2025/1/19
China,31.151114,Total,2025/1/19
China,0.282379,Domestic Aviation,2025/1/20
China,3.200265,Ground Transport,2025/1/20
China,11.913494,Industry,2025/1/20
China,0.111555,International Aviation,2025/1/20
China,13.278217,Power,2025/1/20
China,2.493631,Residential,2025/1/20
China,31.167987,Total,2025/1/20
China,0.282861,Domestic Aviation,2025/1/21
China,3.203803,Ground Transport,2025/1/21
China,11.784113,Industry,2025/1/21
China,0.11254,International Aviation,2025/1/21
China,13.134015,Power,2025/1/21
China,2.345175,Residential,2025/1/21
China,30.749967,Total,2025/1/21
China,0.285535,Domestic Aviation,2025/1/22
China,3.184642,Ground Transport,2025/1/22
China,11.686034,Industry,2025/1/22
China,0.11893,International Aviation,2025/1/22
China,13.0247,Power,2025/1/22
China,2.390996,Residential,2025/1/22
China,30.571907,Total,2025/1/22
China,0.284851,Domestic Aviation,2025/1/23
China,3.146045,Ground Transport,2025/1/23
China,11.671427,Industry,2025/1/23
China,0.118796,International Aviation,2025/1/23
China,13.00842,Power,2025/1/23
China,2.407485,Residential,2025/1/23
China,30.518228,Total,2025/1/23
China,0.279377,Domestic Aviation,2025/1/24
China,2.521989,Ground Transport,2025/1/24
China,11.141381,Industry,2025/1/24
China,0.11823,International Aviation,2025/1/24
China,12.417656,Power,2025/1/24
China,2.457154,Residential,2025/1/24
China,28.817557,Total,2025/1/24
China,0.28381,Domestic Aviation,2025/1/25
China,2.781171,Ground Transport,2025/1/25
China,10.542472,Industry,2025/1/25
China,0.121874,International Aviation,2025/1/25
China,11.75014,Power,2025/1/25
China,2.685447,Residential,2025/1/25
China,28.043041,Total,2025/1/25
China,0.281752,Domestic Aviation,2025/1/26
China,2.915533,Ground Transport,2025/1/26
China,10.363008,Industry,2025/1/26
China,0.121537,International Aviation,2025/1/26
China,11.550118,Power,2025/1/26
China,3.08113,Residential,2025/1/26
China,28.191541,Total,2025/1/26
China,0.280711,Domestic Aviation,2025/1/27
China,2.917712,Ground Transport,2025/1/27
China,9.830876,Industry,2025/1/27
China,0.111518,International Aviation,2025/1/27
China,10.957029,Power,2025/1/27
China,3.187504,Residential,2025/1/27
China,27.173832,Total,2025/1/27
China,0.240826,Domestic Aviation,2025/1/28
China,2.746753,Ground Transport,2025/1/28
China,9.488642,Industry,2025/1/28
China,0.112005,International Aviation,2025/1/28
China,10.575592,Power,2025/1/28
China,3.097363,Residential,2025/1/28
China,26.149175,Total,2025/1/28
China,0.258007,Domestic Aviation,2025/1/29
China,2.558272,Ground Transport,2025/1/29
China,9.062937,Industry,2025/1/29
China,0.105621,International Aviation,2025/1/29
China,10.10112,Power,2025/1/29
China,2.818224,Residential,2025/1/29
China,24.79856,Total,2025/1/29
China,0.270244,Domestic Aviation,2025/1/30
China,2.51516,Ground Transport,2025/1/30
China,8.155182,Industry,2025/1/30
China,0.107524,International Aviation,2025/1/30
China,9.08938,Power,2025/1/30
China,2.656054,Residential,2025/1/30
China,22.686021,Total,2025/1/30
China,0.273583,Domestic Aviation,2025/1/31
China,2.191547,Ground Transport,2025/1/31
China,8.837563,Industry,2025/1/31
China,0.102735,International Aviation,2025/1/31
China,9.84993,Power,2025/1/31
China,2.731731,Residential,2025/1/31
China,23.884354,Total,2025/1/31
China,0.275899,Domestic Aviation,2025/2/1
China,2.204078,Ground Transport,2025/2/1
China,10.843264,Industry,2025/2/1
China,0.101051,International Aviation,2025/2/1
China,12.085388,Power,2025/2/1
China,2.870734,Residential,2025/2/1
China,28.279363,Total,2025/2/1
China,0.27874,Domestic Aviation,2025/2/2
China,1.997497,Ground Transport,2025/2/2
China,10.631081,Industry,2025/2/2
China,0.099089,International Aviation,2025/2/2
China,11.8489,Power,2025/2/2
China,2.919498,Residential,2025/2/2
China,27.675716,Total,2025/2/2
China,0.282932,Domestic Aviation,2025/2/3
China,2.190087,Ground Transport,2025/2/3
China,10.040872,Industry,2025/2/3
China,0.096436,International Aviation,2025/2/3
China,11.191081,Power,2025/2/3
China,3.129918,Residential,2025/2/3
China,26.834889,Total,2025/2/3
China,0.284347,Domestic Aviation,2025/2/4
China,2.236769,Ground Transport,2025/2/4
China,10.645714,Industry,2025/2/4
China,0.096917,International Aviation,2025/2/4
China,11.865209,Power,2025/2/4
China,3.071465,Residential,2025/2/4
China,28.103505,Total,2025/2/4
China,0.283914,Domestic Aviation,2025/2/5
China,2.740668,Ground Transport,2025/2/5
China,11.231046,Industry,2025/2/5
China,0.100692,International Aviation,2025/2/5
China,12.517592,Power,2025/2/5
China,3.076801,Residential,2025/2/5
China,29.850021,Total,2025/2/5
China,0.283653,Domestic Aviation,2025/2/6
China,2.926003,Ground Transport,2025/2/6
China,11.857838,Industry,2025/2/6
China,0.100929,International Aviation,2025/2/6
China,13.216185,Power,2025/2/6
China,3.096223,Residential,2025/2/6
China,31.379902,Total,2025/2/6
China,0.281194,Domestic Aviation,2025/2/7
China,2.956669,Ground Transport,2025/2/7
China,11.931004,Industry,2025/2/7
China,0.09776,International Aviation,2025/2/7
China,13.297733,Power,2025/2/7
China,3.451823,Residential,2025/2/7
China,31.918423,Total,2025/2/7
China,0.27971,Domestic Aviation,2025/2/8
China,2.99561,Ground Transport,2025/2/8
China,12.674863,Industry,2025/2/8
China,0.105204,International Aviation,2025/2/8
China,14.126802,Power,2025/2/8
China,3.463385,Residential,2025/2/8
China,33.540369,Total,2025/2/8
China,0.279779,Domestic Aviation,2025/2/9
China,3.079598,Ground Transport,2025/2/9
China,13.123617,Industry,2025/2/9
China,0.101358,International Aviation,2025/2/9
China,14.626962,Power,2025/2/9
China,3.204745,Residential,2025/2/9
China,34.314702,Total,2025/2/9
China,0.278916,Domestic Aviation,2025/2/10
China,3.18008,Ground Transport,2025/2/10
China,13.101667,Industry,2025/2/10
China,0.098405,International Aviation,2025/2/10
China,14.602498,Power,2025/2/10
China,2.794516,Residential,2025/2/10
China,33.957677,Total,2025/2/10
China,0.247769,Domestic Aviation,2025/2/11
China,3.170988,Ground Transport,2025/2/11
China,12.691935,Industry,2025/2/11
China,0.100662,International Aviation,2025/2/11
China,14.14583,Power,2025/2/11
China,2.542957,Residential,2025/2/11
China,32.799479,Total,2025/2/11
China,0.233233,Domestic Aviation,2025/2/12
China,3.254266,Ground Transport,2025/2/12
China,12.562675,Industry,2025/2/12
China,0.098166,International Aviation,2025/2/12
China,14.001762,Power,2025/2/12
China,2.78561,Residential,2025/2/12
China,32.837547,Total,2025/2/12
China,0.243882,Domestic Aviation,2025/2/13
China,3.274342,Ground Transport,2025/2/13
China,12.633402,Industry,2025/2/13
China,0.103175,International Aviation,2025/2/13
China,14.080592,Power,2025/2/13
China,2.685487,Residential,2025/2/13
China,32.917705,Total,2025/2/13
China,0.249368,Domestic Aviation,2025/2/14
China,3.136035,Ground Transport,2025/2/14
China,13.043134,Industry,2025/2/14
China,0.102605,International Aviation,2025/2/14
China,14.53726,Power,2025/2/14
China,2.526292,Residential,2025/2/14
China,33.49209,Total,2025/2/14
China,0.245806,Domestic Aviation,2025/2/15
China,3.128236,Ground Transport,2025/2/15
China,12.635841,Industry,2025/2/15
China,0.108226,International Aviation,2025/2/15
China,14.08331,Power,2025/2/15
China,2.409158,Residential,2025/2/15
China,32.502351,Total,2025/2/15
China,0.245616,Domestic Aviation,2025/2/16
China,3.176422,Ground Transport,2025/2/16
China,12.604135,Industry,2025/2/16
China,0.107674,International Aviation,2025/2/16
China,14.047973,Power,2025/2/16
China,2.480362,Residential,2025/2/16
China,32.554509,Total,2025/2/16
China,0.240086,Domestic Aviation,2025/2/17
China,3.29987,Ground Transport,2025/2/17
China,13.245561,Industry,2025/2/17
China,0.102319,International Aviation,2025/2/17
China,14.762875,Power,2025/2/17
China,2.675639,Residential,2025/2/17
China,34.224032,Total,2025/2/17
China,0.231358,Domestic Aviation,2025/2/18
China,3.30958,Ground Transport,2025/2/18
China,13.406527,Industry,2025/2/18
China,0.102956,International Aviation,2025/2/18
China,14.942281,Power,2025/2/18
China,2.648279,Residential,2025/2/18
China,34.538025,Total,2025/2/18
China,0.232306,Domestic Aviation,2025/2/19
China,3.325529,Ground Transport,2025/2/19
China,13.682121,Industry,2025/2/19
China,0.103775,International Aviation,2025/2/19
China,15.249444,Power,2025/2/19
China,2.660564,Residential,2025/2/19
China,35.149963,Total,2025/2/19
China,0.236086,Domestic Aviation,2025/2/20
China,3.328016,Ground Transport,2025/2/20
China,14.211358,Industry,2025/2/20
China,0.105172,International Aviation,2025/2/20
China,15.839307,Power,2025/2/20
China,2.762823,Residential,2025/2/20
China,36.37759,Total,2025/2/20
China,0.240237,Domestic Aviation,2025/2/21
China,3.152179,Ground Transport,2025/2/21
China,14.562557,Industry,2025/2/21
China,0.106736,International Aviation,2025/2/21
China,16.230736,Power,2025/2/21
China,2.801106,Residential,2025/2/21
China,36.986815,Total,2025/2/21
China,0.232953,Domestic Aviation,2025/2/22
China,3.125169,Ground Transport,2025/2/22
China,14.050392,Industry,2025/2/22
China,0.107105,International Aviation,2025/2/22
China,15.659902,Power,2025/2/22
China,2.889862,Residential,2025/2/22
China,35.958277,Total,2025/2/22
China,0.225196,Domestic Aviation,2025/2/23
China,3.207377,Ground Transport,2025/2/23
China,13.3797,Industry,2025/2/23
China,0.110874,International Aviation,2025/2/23
China,14.91238,Power,2025/2/23
China,2.966019,Residential,2025/2/23
China,34.690671,Total,2025/2/23
China,0.223832,Domestic Aviation,2025/2/24
China,3.286563,Ground Transport,2025/2/24
China,13.228489,Industry,2025/2/24
China,0.096069,International Aviation,2025/2/24
China,14.743848,Power,2025/2/24
China,2.678165,Residential,2025/2/24
China,34.160896,Total,2025/2/24
China,0.216357,Domestic Aviation,2025/2/25
China,3.281512,Ground Transport,2025/2/25
China,13.274828,Industry,2025/2/25
China,0.10454,International Aviation,2025/2/25
China,14.795495,Power,2025/2/25
China,2.574315,Residential,2025/2/25
China,34.142507,Total,2025/2/25
China,0.221896,Domestic Aviation,2025/2/26
China,3.280776,Ground Transport,2025/2/26
China,13.272389,Industry,2025/2/26
China,0.105484,International Aviation,2025/2/26
China,14.792776,Power,2025/2/26
China,2.318449,Residential,2025/2/26
China,33.886286,Total,2025/2/26
China,0.223194,Domestic Aviation,2025/2/27
China,3.301942,Ground Transport,2025/2/27
China,12.674863,Industry,2025/2/27
China,0.1051,International Aviation,2025/2/27
China,14.126802,Power,2025/2/27
China,2.024993,Residential,2025/2/27
China,32.351794,Total,2025/2/27
China,0.244436,Domestic Aviation,2025/2/28
China,3.183452,Ground Transport,2025/2/28
China,12.669985,Industry,2025/2/28
China,0.108926,International Aviation,2025/2/28
China,14.121366,Power,2025/2/28
China,1.762152,Residential,2025/2/28
China,31.981391,Total,2025/2/28
China,0.231919,Domestic Aviation,2025/3/1
China,2.876625,Ground Transport,2025/3/1
China,15.254503,Industry,2025/3/1
China,0.11158,International Aviation,2025/3/1
China,13.45075,Power,2025/3/1
China,1.682649,Residential,2025/3/1
China,33.496445,Total,2025/3/1
China,0.23111,Domestic Aviation,2025/3/2
China,3.01111,Ground Transport,2025/3/2
China,14.937851,Industry,2025/3/2
China,0.11343,International Aviation,2025/3/2
China,13.17154,Power,2025/3/2
China,2.102591,Residential,2025/3/2
China,33.454201,Total,2025/3/2
China,0.226341,Domestic Aviation,2025/3/3
China,3.016221,Ground Transport,2025/3/3
China,15.55663,Industry,2025/3/3
China,0.103958,International Aviation,2025/3/3
China,13.717152,Power,2025/3/3
China,2.447172,Residential,2025/3/3
China,34.963515,Total,2025/3/3
China,0.213912,Domestic Aviation,2025/3/4
China,3.021588,Ground Transport,2025/3/4
China,16.442675,Industry,2025/3/4
China,0.104811,International Aviation,2025/3/4
China,14.498428,Power,2025/3/4
China,2.497451,Residential,2025/3/4
China,36.674054,Total,2025/3/4
China,0.223988,Domestic Aviation,2025/3/5
China,2.997715,Ground Transport,2025/3/5
China,16.213175,Industry,2025/3/5
China,0.110436,International Aviation,2025/3/5
China,14.296065,Power,2025/3/5
China,2.491134,Residential,2025/3/5
China,36.222076,Total,2025/3/5
China,0.218497,Domestic Aviation,2025/3/6
China,3.020584,Ground Transport,2025/3/6
China,15.559535,Industry,2025/3/6
China,0.105018,International Aviation,2025/3/6
China,13.719714,Power,2025/3/6
China,2.464943,Residential,2025/3/6
China,34.983272,Total,2025/3/6
China,0.236443,Domestic Aviation,2025/3/7
China,2.867513,Ground Transport,2025/3/7
China,15.428807,Industry,2025/3/7
China,0.113432,International Aviation,2025/3/7
China,13.604443,Power,2025/3/7
China,2.410845,Residential,2025/3/7
China,34.548051,Total,2025/3/7
China,0.218695,Domestic Aviation,2025/3/8
China,2.821483,Ground Transport,2025/3/8
China,14.987237,Industry,2025/3/8
China,0.111535,International Aviation,2025/3/8
China,13.215086,Power,2025/3/8
China,2.155231,Residential,2025/3/8
China,33.397733,Total,2025/3/8
China,0.232332,Domestic Aviation,2025/3/9
China,2.910179,Ground Transport,2025/3/9
China,14.400414,Industry,2025/3/9
China,0.112822,International Aviation,2025/3/9
China,12.697651,Power,2025/3/9
China,1.932644,Residential,2025/3/9
China,32.17322,Total,2025/3/9
China,0.228749,Domestic Aviation,2025/3/10
China,2.975064,Ground Transport,2025/3/10
China,14.26678,Industry,2025/3/10
China,0.099293,International Aviation,2025/3/10
China,12.57982,Power,2025/3/10
China,1.776087,Residential,2025/3/10
China,31.826501,Total,2025/3/10
China,0.217334,Domestic Aviation,2025/3/11
China,2.987087,Ground Transport,2025/3/11
China,14.24935,Industry,2025/3/11
China,0.106006,International Aviation,2025/3/11
China,12.56445,Power,2025/3/11
China,1.653113,Residential,2025/3/11
China,31.671334,Total,2025/3/11
China,0.223697,Domestic Aviation,2025/3/12
China,2.999193,Ground Transport,2025/3/12
China,14.711256,Industry,2025/3/12
China,0.108808,International Aviation,2025/3/12
China,12.971738,Power,2025/3/12
China,1.719198,Residential,2025/3/12
China,32.625082,Total,2025/3/12
China,0.227358,Domestic Aviation,2025/3/13
China,2.984427,Ground Transport,2025/3/13
China,15.257408,Industry,2025/3/13
China,0.108947,International Aviation,2025/3/13
China,13.453311,Power,2025/3/13
China,1.840382,Residential,2025/3/13
China,33.762887,Total,2025/3/13
China,0.240503,Domestic Aviation,2025/3/14
China,2.830427,Ground Transport,2025/3/14
China,15.353275,Industry,2025/3/14
China,0.112918,International Aviation,2025/3/14
China,13.537843,Power,2025/3/14
China,2.032947,Residential,2025/3/14
China,33.994995,Total,2025/3/14
China,0.225517,Domestic Aviation,2025/3/15
China,2.768391,Ground Transport,2025/3/15
China,14.963996,Industry,2025/3/15
China,0.114496,International Aviation,2025/3/15
China,13.194594,Power,2025/3/15
China,2.291141,Residential,2025/3/15
China,33.44364,Total,2025/3/15
China,0.238234,Domestic Aviation,2025/3/16
China,2.850759,Ground Transport,2025/3/16
China,14.403319,Industry,2025/3/16
China,0.115705,International Aviation,2025/3/16
China,12.700213,Power,2025/3/16
China,2.44518,Residential,2025/3/16
China,32.637705,Total,2025/3/16
China,0.235796,Domestic Aviation,2025/3/17
China,2.985693,Ground Transport,2025/3/17
China,14.531142,Industry,2025/3/17
China,0.106465,International Aviation,2025/3/17
China,12.812921,Power,2025/3/17
China,2.322075,Residential,2025/3/17
China,32.887626,Total,2025/3/17
China,0.231849,Domestic Aviation,2025/3/18
China,2.995776,Ground Transport,2025/3/18
China,14.522426,Industry,2025/3/18
China,0.107977,International Aviation,2025/3/18
China,12.805237,Power,2025/3/18
China,2.262543,Residential,2025/3/18
China,32.817831,Total,2025/3/18
China,0.236288,Domestic Aviation,2025/3/19
China,2.996598,Ground Transport,2025/3/19
China,14.240635,Industry,2025/3/19
China,0.11015,International Aviation,2025/3/19
China,12.556766,Power,2025/3/19
China,1.915819,Residential,2025/3/19
China,31.946105,Total,2025/3/19
China,0.238358,Domestic Aviation,2025/3/20
China,3.055013,Ground Transport,2025/3/20
China,13.82521,Industry,2025/3/20
China,0.113233,International Aviation,2025/3/20
China,12.190462,Power,2025/3/20
China,1.582578,Residential,2025/3/20
China,30.891621,Total,2025/3/20
China,0.245789,Domestic Aviation,2025/3/21
China,2.928647,Ground Transport,2025/3/21
China,13.555039,Industry,2025/3/21
China,0.111192,International Aviation,2025/3/21
China,11.952237,Power,2025/3/21
China,1.397703,Residential,2025/3/21
China,30.079415,Total,2025/3/21
China,0.236796,Domestic Aviation,2025/3/22
China,2.827582,Ground Transport,2025/3/22
China,13.569565,Industry,2025/3/22
China,0.117255,International Aviation,2025/3/22
China,11.965045,Power,2025/3/22
China,1.339201,Residential,2025/3/22
China,29.938187,Total,2025/3/22
China,0.242131,Domestic Aviation,2025/3/23
China,2.850759,Ground Transport,2025/3/23
China,13.119279,Industry,2025/3/23
China,0.114698,International Aviation,2025/3/23
China,11.568003,Power,2025/3/23
China,1.272097,Residential,2025/3/23
China,29.052269,Total,2025/3/23
China,0.240112,Domestic Aviation,2025/3/24
China,2.985693,Ground Transport,2025/3/24
China,13.342969,Industry,2025/3/24
China,0.105303,International Aviation,2025/3/24
China,11.765244,Power,2025/3/24
China,1.303429,Residential,2025/3/24
China,29.637446,Total,2025/3/24
China,0.238446,Domestic Aviation,2025/3/25
China,2.995776,Ground Transport,2025/3/25
China,13.34878,Industry,2025/3/25
China,0.111426,International Aviation,2025/3/25
China,11.770367,Power,2025/3/25
China,1.315871,Residential,2025/3/25
China,29.669238,Total,2025/3/25
China,0.238849,Domestic Aviation,2025/3/26
China,2.996598,Ground Transport,2025/3/26
China,12.898494,Industry,2025/3/26
China,0.113429,International Aviation,2025/3/26
China,11.373325,Power,2025/3/26
China,1.385378,Residential,2025/3/26
China,28.892645,Total,2025/3/26
China,0.240636,Domestic Aviation,2025/3/27
China,3.055013,Ground Transport,2025/3/27
China,13.238387,Industry,2025/3/27
China,0.112729,International Aviation,2025/3/27
China,11.673027,Power,2025/3/27
China,1.818456,Residential,2025/3/27
China,30.025519,Total,2025/3/27
China,0.245043,Domestic Aviation,2025/3/28
China,2.928647,Ground Transport,2025/3/28
China,13.857166,Industry,2025/3/28
China,0.116758,International Aviation,2025/3/28
China,12.21864,Power,2025/3/28
China,2.309101,Residential,2025/3/28
China,31.558596,Total,2025/3/28
China,0.238032,Domestic Aviation,2025/3/29
China,2.827582,Ground Transport,2025/3/29
China,14.606673,Industry,2025/3/29
China,0.113184,International Aviation,2025/3/29
China,12.879522,Power,2025/3/29
China,2.448838,Residential,2025/3/29
China,33.000647,Total,2025/3/29
China,0.242659,Domestic Aviation,2025/3/30
China,2.850759,Ground Transport,2025/3/30
China,14.441084,Industry,2025/3/30
China,0.11844,International Aviation,2025/3/30
China,12.733513,Power,2025/3/30
China,2.25183,Residential,2025/3/30
China,32.519846,Total,2025/3/30
China,0.240833,Domestic Aviation,2025/3/31
China,2.985693,Ground Transport,2025/3/31
China,14.348122,Industry,2025/3/31
China,0.105549,International Aviation,2025/3/31
China,12.651543,Power,2025/3/31
China,1.988492,Residential,2025/3/31
China,32.214683,Total,2025/3/31
China,0.232458,Domestic Aviation,2025/4/1
China,2.880998,Ground Transport,2025/4/1
China,15.020164,Industry,2025/4/1
China,0.110867,International Aviation,2025/4/1
China,11.882466,Power,2025/4/1
China,1.752216,Residential,2025/4/1
China,31.768302,Total,2025/4/1
China,0.239498,Domestic Aviation,2025/4/2
China,2.881789,Ground Transport,2025/4/2
China,15.859279,Industry,2025/4/2
China,0.11586,International Aviation,2025/4/2
China,12.546291,Power,2025/4/2
China,1.676079,Residential,2025/4/2
China,33.202937,Total,2025/4/2
China,0.247848,Domestic Aviation,2025/4/3
China,2.937965,Ground Transport,2025/4/3
China,14.743567,Industry,2025/4/3
China,0.112632,International Aviation,2025/4/3
China,11.66365,Power,2025/4/3
China,1.462162,Residential,2025/4/3
China,31.055191,Total,2025/4/3
China,0.216153,Domestic Aviation,2025/4/4
China,2.816441,Ground Transport,2025/4/4
China,13.152355,Industry,2025/4/4
China,0.1152,International Aviation,2025/4/4
China,10.404841,Power,2025/4/4
China,1.434632,Residential,2025/4/4
China,28.024422,Total,2025/4/4
China,0.203325,Domestic Aviation,2025/4/5
China,2.719248,Ground Transport,2025/4/5
China,14.000794,Industry,2025/4/5
China,0.114494,International Aviation,2025/4/5
China,11.076042,Power,2025/4/5
China,1.49577,Residential,2025/4/5
China,29.495179,Total,2025/4/5
China,0.247493,Domestic Aviation,2025/4/6
China,2.741537,Ground Transport,2025/4/6
China,14.985978,Industry,2025/4/6
China,0.114655,International Aviation,2025/4/6
China,11.855421,Power,2025/4/6
China,1.309991,Residential,2025/4/6
China,31.140421,Total,2025/4/6
China,0.248236,Domestic Aviation,2025/4/7
China,2.871301,Ground Transport,2025/4/7
China,14.662763,Industry,2025/4/7
China,0.106414,International Aviation,2025/4/7
China,11.599726,Power,2025/4/7
China,1.205721,Residential,2025/4/7
China,30.587746,Total,2025/4/7
China,0.238207,Domestic Aviation,2025/4/8
China,2.880998,Ground Transport,2025/4/8
China,15.349594,Industry,2025/4/8
China,0.109327,International Aviation,2025/4/8
China,12.143079,Power,2025/4/8
China,1.24419,Residential,2025/4/8
China,31.856069,Total,2025/4/8
China,0.24123,Domestic Aviation,2025/4/9
China,2.881789,Ground Transport,2025/4/9
China,15.747397,Industry,2025/4/9
China,0.113119,International Aviation,2025/4/9
China,12.457781,Power,2025/4/9
China,1.247697,Residential,2025/4/9
China,32.575895,Total,2025/4/9
China,0.241015,Domestic Aviation,2025/4/10
China,2.937965,Ground Transport,2025/4/10
China,14.690734,Industry,2025/4/10
China,0.116611,International Aviation,2025/4/10
China,11.621853,Power,2025/4/10
China,1.161798,Residential,2025/4/10
China,30.653365,Total,2025/4/10
China,0.240472,Domestic Aviation,2025/4/11
China,2.816441,Ground Transport,2025/4/11
China,14.171725,Industry,2025/4/11
China,0.115884,International Aviation,2025/4/11
China,11.211265,Power,2025/4/11
China,1.228255,Residential,2025/4/11
China,29.668158,Total,2025/4/11
China,0.203868,Domestic Aviation,2025/4/12
China,2.719248,Ground Transport,2025/4/12
China,13.565697,Industry,2025/4/12
China,0.112349,International Aviation,2025/4/12
China,10.731836,Power,2025/4/12
China,1.784188,Residential,2025/4/12
China,29.004838,Total,2025/4/12
China,0.240749,Domestic Aviation,2025/4/13
China,2.741537,Ground Transport,2025/4/13
China,13.155463,Industry,2025/4/13
China,0.119625,International Aviation,2025/4/13
China,10.4073,Power,2025/4/13
China,1.442291,Residential,2025/4/13
China,27.98734,Total,2025/4/13
China,0.245996,Domestic Aviation,2025/4/14
China,2.871301,Ground Transport,2025/4/14
China,13.960392,Industry,2025/4/14
China,0.107675,International Aviation,2025/4/14
China,11.04408,Power,2025/4/14
China,1.305983,Residential,2025/4/14
China,29.427753,Total,2025/4/14
China,0.243687,Domestic Aviation,2025/4/15
China,2.880998,Ground Transport,2025/4/15
China,14.613038,Industry,2025/4/15
China,0.113148,International Aviation,2025/4/15
China,11.560388,Power,2025/4/15
China,1.176062,Residential,2025/4/15
China,30.474172,Total,2025/4/15
China,0.242422,Domestic Aviation,2025/4/16
China,2.881789,Ground Transport,2025/4/16
China,14.196588,Industry,2025/4/16
China,0.114958,International Aviation,2025/4/16
China,11.230934,Power,2025/4/16
China,1.157499,Residential,2025/4/16
China,29.709232,Total,2025/4/16
China,0.24282,Domestic Aviation,2025/4/17
China,2.937965,Ground Transport,2025/4/17
China,14.442107,Industry,2025/4/17
China,0.113728,International Aviation,2025/4/17
China,11.425165,Power,2025/4/17
China,1.142429,Residential,2025/4/17
China,30.190485,Total,2025/4/17
China,0.248181,Domestic Aviation,2025/4/18
China,2.816441,Ground Transport,2025/4/18
China,14.737351,Industry,2025/4/18
China,0.116089,International Aviation,2025/4/18
China,11.658733,Power,2025/4/18
China,1.305697,Residential,2025/4/18
China,30.766402,Total,2025/4/18
China,0.236694,Domestic Aviation,2025/4/19
China,2.719248,Ground Transport,2025/4/19
China,14.892743,Industry,2025/4/19
China,0.117387,International Aviation,2025/4/19
China,11.781663,Power,2025/4/19
China,1.228904,Residential,2025/4/19
China,30.859252,Total,2025/4/19
China,0.246404,Domestic Aviation,2025/4/20
China,2.741537,Ground Transport,2025/4/20
China,13.873373,Industry,2025/4/20
China,0.115705,International Aviation,2025/4/20
China,10.975239,Power,2025/4/20
China,1.127744,Residential,2025/4/20
China,28.964297,Total,2025/4/20
China,0.241023,Domestic Aviation,2025/4/21
China,2.871301,Ground Transport,2025/4/21
China,14.364411,Industry,2025/4/21
China,0.10805,International Aviation,2025/4/21
China,11.363699,Power,2025/4/21
China,1.234044,Residential,2025/4/21
China,30.074478,Total,2025/4/21
China,0.24416,Domestic Aviation,2025/4/22
China,2.880998,Ground Transport,2025/4/22
China,14.125108,Industry,2025/4/22
China,0.111471,International Aviation,2025/4/22
China,11.174386,Power,2025/4/22
China,1.230463,Residential,2025/4/22
China,29.655114,Total,2025/4/22
China,0.244781,Domestic Aviation,2025/4/23
China,2.881789,Ground Transport,2025/4/23
China,13.801893,Industry,2025/4/23
China,0.115708,International Aviation,2025/4/23
China,10.918691,Power,2025/4/23
China,1.184133,Residential,2025/4/23
China,29.031287,Total,2025/4/23
China,0.236809,Domestic Aviation,2025/4/24
China,2.937965,Ground Transport,2025/4/24
China,14.190372,Industry,2025/4/24
China,0.11286,International Aviation,2025/4/24
China,11.226017,Power,2025/4/24
China,1.308442,Residential,2025/4/24
China,29.899606,Total,2025/4/24
China,0.245154,Domestic Aviation,2025/4/25
China,2.816441,Ground Transport,2025/4/25
China,14.572636,Industry,2025/4/25
China,0.117464,International Aviation,2025/4/25
China,11.528426,Power,2025/4/25
China,1.234637,Residential,2025/4/25
China,30.397294,Total,2025/4/25
China,0.243695,Domestic Aviation,2025/4/26
China,2.719248,Ground Transport,2025/4/26
China,14.768429,Industry,2025/4/26
China,0.11837,International Aviation,2025/4/26
China,11.683319,Power,2025/4/26
China,1.176562,Residential,2025/4/26
China,30.591253,Total,2025/4/26
China,0.250594,Domestic Aviation,2025/4/27
China,2.741537,Ground Transport,2025/4/27
China,14.339548,Industry,2025/4/27
China,0.117977,International Aviation,2025/4/27
China,11.34403,Power,2025/4/27
China,1.249734,Residential,2025/4/27
China,29.925444,Total,2025/4/27
China,0.256563,Domestic Aviation,2025/4/28
China,2.871301,Ground Transport,2025/4/28
China,14.575744,Industry,2025/4/28
China,0.108152,International Aviation,2025/4/28
China,11.530885,Power,2025/4/28
China,1.183596,Residential,2025/4/28
China,30.418089,Total,2025/4/28
China,0.263878,Domestic Aviation,2025/4/29
China,2.880998,Ground Transport,2025/4/29
China,13.811216,Industry,2025/4/29
China,0.113097,International Aviation,2025/4/29
China,10.926067,Power,2025/4/29
China,1.127749,Residential,2025/4/29
China,29.009908,Total,2025/4/29
China,0.270603,Domestic Aviation,2025/4/30
China,2.881789,Ground Transport,2025/4/30
China,14.174833,Industry,2025/4/30
China,0.116181,International Aviation,2025/4/30
China,11.213724,Power,2025/4/30
China,1.161742,Residential,2025/4/30
China,29.702691,Total,2025/4/30
China,0.269223,Domestic Aviation,2025/5/1
China,2.846723,Ground Transport,2025/5/1
China,12.927096,Industry,2025/5/1
China,0.113222,International Aviation,2025/5/1
China,10.435606,Power,2025/5/1
China,1.155555,Residential,2025/5/1
China,27.634203,Total,2025/5/1
China,0.252977,Domestic Aviation,2025/5/2
China,2.713194,Ground Transport,2025/5/2
China,12.265037,Industry,2025/5/2
China,0.106847,International Aviation,2025/5/2
China,9.901148,Power,2025/5/2
China,1.175673,Residential,2025/5/2
China,26.308028,Total,2025/5/2
China,0.244003,Domestic Aviation,2025/5/3
China,2.726441,Ground Transport,2025/5/3
China,12.594527,Industry,2025/5/3
China,0.106615,International Aviation,2025/5/3
China,10.167134,Power,2025/5/3
China,1.196923,Residential,2025/5/3
China,26.929027,Total,2025/5/3
China,0.263587,Domestic Aviation,2025/5/4
China,2.742849,Ground Transport,2025/5/4
China,13.533727,Industry,2025/5/4
China,0.106478,International Aviation,2025/5/4
China,10.925319,Power,2025/5/4
China,1.194689,Residential,2025/5/4
China,28.660171,Total,2025/5/4
China,0.268571,Domestic Aviation,2025/5/5
China,2.867208,Ground Transport,2025/5/5
China,14.399024,Industry,2025/5/5
China,0.101934,International Aviation,2025/5/5
China,11.623843,Power,2025/5/5
China,1.224735,Residential,2025/5/5
China,30.38338,Total,2025/5/5
China,0.25889,Domestic Aviation,2025/5/6
China,2.876197,Ground Transport,2025/5/6
China,15.202733,Industry,2025/5/6
China,0.103535,International Aviation,2025/5/6
China,12.27265,Power,2025/5/6
China,1.183246,Residential,2025/5/6
China,31.793716,Total,2025/5/6
China,0.24292,Domestic Aviation,2025/5/7
China,2.868838,Ground Transport,2025/5/7
China,14.318961,Industry,2025/5/7
China,0.105795,International Aviation,2025/5/7
China,11.559211,Power,2025/5/7
China,1.100154,Residential,2025/5/7
China,30.090083,Total,2025/5/7
China,0.23059,Domestic Aviation,2025/5/8
China,2.885753,Ground Transport,2025/5/8
China,14.294326,Industry,2025/5/8
China,0.109268,International Aviation,2025/5/8
China,11.539324,Power,2025/5/8
China,1.1427,Residential,2025/5/8
China,30.092693,Total,2025/5/8
China,0.238608,Domestic Aviation,2025/5/9
China,2.800269,Ground Transport,2025/5/9
China,14.318961,Industry,2025/5/9
China,0.106476,International Aviation,2025/5/9
China,11.559211,Power,2025/5/9
China,1.275357,Residential,2025/5/9
China,30.192405,Total,2025/5/9
China,0.232446,Domestic Aviation,2025/5/10
China,2.774329,Ground Transport,2025/5/10
China,13.906328,Industry,2025/5/10
China,0.114624,International Aviation,2025/5/10
China,11.226107,Power,2025/5/10
China,1.194435,Residential,2025/5/10
China,29.333645,Total,2025/5/10
China,0.245495,Domestic Aviation,2025/5/11
China,2.838152,Ground Transport,2025/5/11
China,13.084143,Industry,2025/5/11
China,0.113817,International Aviation,2025/5/11
China,10.562384,Power,2025/5/11
China,1.033423,Residential,2025/5/11
China,27.763597,Total,2025/5/11
China,0.2416,Domestic Aviation,2025/5/12
China,2.878571,Ground Transport,2025/5/12
China,13.198078,Industry,2025/5/12
China,0.10659,International Aviation,2025/5/12
China,10.654361,Power,2025/5/12
China,1.008322,Residential,2025/5/12
China,27.980933,Total,2025/5/12
China,0.235662,Domestic Aviation,2025/5/13
China,2.881648,Ground Transport,2025/5/13
China,13.687695,Industry,2025/5/13
China,0.104247,International Aviation,2025/5/13
China,11.049611,Power,2025/5/13
China,1.013517,Residential,2025/5/13
China,28.868132,Total,2025/5/13
China,0.239937,Domestic Aviation,2025/5/14
China,2.882809,Ground Transport,2025/5/14
China,14.577626,Industry,2025/5/14
China,0.111443,International Aviation,2025/5/14
China,11.768022,Power,2025/5/14
China,1.09252,Residential,2025/5/14
China,30.560914,Total,2025/5/14
China,0.24188,Domestic Aviation,2025/5/15
China,2.891468,Ground Transport,2025/5/15
China,14.525277,Industry,2025/5/15
China,0.112269,International Aviation,2025/5/15
China,11.725763,Power,2025/5/15
China,1.035742,Residential,2025/5/15
China,30.420129,Total,2025/5/15
China,0.246407,Domestic Aviation,2025/5/16
China,2.783325,Ground Transport,2025/5/16
China,14.426738,Industry,2025/5/16
China,0.112502,International Aviation,2025/5/16
China,11.646216,Power,2025/5/16
China,1.067387,Residential,2025/5/16
China,30.170073,Total,2025/5/16
China,0.240152,Domestic Aviation,2025/5/17
China,2.778963,Ground Transport,2025/5/17
China,14.22966,Industry,2025/5/17
China,0.115844,International Aviation,2025/5/17
China,11.487121,Power,2025/5/17
China,1.158342,Residential,2025/5/17
China,29.894237,Total,2025/5/17
China,0.245559,Domestic Aviation,2025/5/18
China,2.818855,Ground Transport,2025/5/18
China,14.060295,Industry,2025/5/18
China,0.111787,International Aviation,2025/5/18
China,11.350399,Power,2025/5/18
China,1.089175,Residential,2025/5/18
China,29.564284,Total,2025/5/18
China,0.244552,Domestic Aviation,2025/5/19
China,2.827742,Ground Transport,2025/5/19
China,14.245056,Industry,2025/5/19
China,0.1072,International Aviation,2025/5/19
China,11.49955,Power,2025/5/19
China,1.065298,Residential,2025/5/19
China,29.882199,Total,2025/5/19
China,0.239407,Domestic Aviation,2025/5/20
China,2.829762,Ground Transport,2025/5/20
China,14.867084,Industry,2025/5/20
China,0.107194,International Aviation,2025/5/20
China,12.001693,Power,2025/5/20
China,1.048967,Residential,2025/5/20
China,30.986913,Total,2025/5/20
China,0.243969,Domestic Aviation,2025/5/21
China,2.833108,Ground Transport,2025/5/21
China,15.165781,Industry,2025/5/21
China,0.115972,International Aviation,2025/5/21
China,12.24282,Power,2025/5/21
China,1.041194,Residential,2025/5/21
China,31.526872,Total,2025/5/21
China,0.239559,Domestic Aviation,2025/5/22
China,2.871382,Ground Transport,2025/5/22
China,14.959465,Industry,2025/5/22
China,0.110534,International Aviation,2025/5/22
China,12.076268,Power,2025/5/22
China,1.114915,Residential,2025/5/22
China,31.261589,Total,2025/5/22
China,0.242438,Domestic Aviation,2025/5/23
China,2.73615,Ground Transport,2025/5/23
China,15.40289,Industry,2025/5/23
China,0.11555,International Aviation,2025/5/23
China,12.434231,Power,2025/5/23
China,1.14057,Residential,2025/5/23
China,31.95628,Total,2025/5/23
China,0.239782,Domestic Aviation,2025/5/24
China,2.708723,Ground Transport,2025/5/24
China,14.047978,Industry,2025/5/24
China,0.117209,International Aviation,2025/5/24
China,11.340456,Power,2025/5/24
China,1.091223,Residential,2025/5/24
China,29.428162,Total,2025/5/24
China,0.246836,Domestic Aviation,2025/5/25
China,2.673051,Ground Transport,2025/5/25
China,14.405182,Industry,2025/5/25
China,0.112785,International Aviation,2025/5/25
China,11.628815,Power,2025/5/25
China,1.066209,Residential,2025/5/25
China,30.020092,Total,2025/5/25
China,0.242128,Domestic Aviation,2025/5/26
China,2.876098,Ground Transport,2025/5/26
China,14.503721,Industry,2025/5/26
China,0.107961,International Aviation,2025/5/26
China,11.708362,Power,2025/5/26
China,1.032316,Residential,2025/5/26
China,30.362626,Total,2025/5/26
China,0.237464,Domestic Aviation,2025/5/27
China,2.829762,Ground Transport,2025/5/27
China,14.152676,Industry,2025/5/27
China,0.10737,International Aviation,2025/5/27
China,11.424975,Power,2025/5/27
China,1.028263,Residential,2025/5/27
China,29.67314,Total,2025/5/27
China,0.234545,Domestic Aviation,2025/5/28
China,2.833108,Ground Transport,2025/5/28
China,13.798551,Industry,2025/5/28
China,0.117286,International Aviation,2025/5/28
China,11.139102,Power,2025/5/28
China,1.018625,Residential,2025/5/28
China,29.02393,Total,2025/5/28
China,0.244148,Domestic Aviation,2025/5/29
China,2.871382,Ground Transport,2025/5/29
China,13.407474,Industry,2025/5/29
China,0.110861,International Aviation,2025/5/29
China,10.823399,Power,2025/5/29
China,1.006822,Residential,2025/5/29
China,28.353224,Total,2025/5/29
China,0.252711,Domestic Aviation,2025/5/30
China,2.73615,Ground Transport,2025/5/30
China,13.549124,Industry,2025/5/30
China,0.116862,International Aviation,2025/5/30
China,10.937748,Power,2025/5/30
China,1.034145,Residential,2025/5/30
China,28.509879,Total,2025/5/30
China,0.234933,Domestic Aviation,2025/5/31
China,2.708723,Ground Transport,2025/5/31
China,13.312014,Industry,2025/5/31
China,0.116387,International Aviation,2025/5/31
China,10.746337,Power,2025/5/31
China,1.019744,Residential,2025/5/31
China,28.021752,Total,2025/5/31
China,0.214766,Domestic Aviation,2025/6/1
China,2.851906,Ground Transport,2025/6/1
China,13.327053,Industry,2025/6/1
China,0.113583,International Aviation,2025/6/1
China,11.786523,Power,2025/6/1
China,1.098318,Residential,2025/6/1
China,29.278566,Total,2025/6/1
China,0.24826,Domestic Aviation,2025/6/2
China,3.068539,Ground Transport,2025/6/2
China,13.175112,Industry,2025/6/2
China,0.105821,International Aviation,2025/6/2
China,11.652145,Power,2025/6/2
China,1.114066,Residential,2025/6/2
China,29.258121,Total,2025/6/2
China,0.241653,Domestic Aviation,2025/6/3
China,3.019102,Ground Transport,2025/6/3
China,13.522825,Industry,2025/6/3
China,0.111777,International Aviation,2025/6/3
China,11.959664,Power,2025/6/3
China,1.128531,Residential,2025/6/3
China,29.871776,Total,2025/6/3
China,0.23662,Domestic Aviation,2025/6/4
China,3.022672,Ground Transport,2025/6/4
China,13.701064,Industry,2025/6/4
China,0.113036,International Aviation,2025/6/4
China,12.1173,Power,2025/6/4
China,1.072008,Residential,2025/6/4
China,30.149665,Total,2025/6/4
China,0.234744,Domestic Aviation,2025/6/5
China,3.063507,Ground Transport,2025/6/5
China,13.607561,Industry,2025/6/5
China,0.111789,International Aviation,2025/6/5
China,12.034606,Power,2025/6/5
China,1.062737,Residential,2025/6/5
China,30.003155,Total,2025/6/5
China,0.24218,Domestic Aviation,2025/6/6
China,2.919227,Ground Transport,2025/6/6
China,13.598796,Industry,2025/6/6
China,0.115337,International Aviation,2025/6/6
China,12.026853,Power,2025/6/6
China,1.057316,Residential,2025/6/6
China,29.844372,Total,2025/6/6
China,0.224957,Domestic Aviation,2025/6/7
China,2.889965,Ground Transport,2025/6/7
China,14.180265,Industry,2025/6/7
China,0.115625,International Aviation,2025/6/7
China,12.541108,Power,2025/6/7
China,1.052472,Residential,2025/6/7
China,30.888768,Total,2025/6/7
China,0.240075,Domestic Aviation,2025/6/8
China,2.851906,Ground Transport,2025/6/8
China,13.747815,Industry,2025/6/8
China,0.114709,International Aviation,2025/6/8
China,12.158647,Power,2025/6/8
China,1.051899,Residential,2025/6/8
China,30.050342,Total,2025/6/8
China,0.239605,Domestic Aviation,2025/6/9
China,3.068539,Ground Transport,2025/6/9
China,13.937743,Industry,2025/6/9
China,0.10656,International Aviation,2025/6/9
China,12.32662,Power,2025/6/9
China,1.080909,Residential,2025/6/9
China,30.653417,Total,2025/6/9
China,0.240136,Domestic Aviation,2025/6/10
China,3.019102,Ground Transport,2025/6/10
China,13.966962,Industry,2025/6/10
China,0.107621,International Aviation,2025/6/10
China,12.352462,Power,2025/6/10
China,1.076313,Residential,2025/6/10
China,30.654975,Total,2025/6/10
China,0.244727,Domestic Aviation,2025/6/11
China,3.022672,Ground Transport,2025/6/11
China,13.628015,Industry,2025/6/11
China,0.114268,International Aviation,2025/6/11
China,12.052695,Power,2025/6/11
China,1.037202,Residential,2025/6/11
China,29.985311,Total,2025/6/11
China,0.242165,Domestic Aviation,2025/6/12
China,3.063507,Ground Transport,2025/6/12
China,13.394258,Industry,2025/6/12
China,0.112647,International Aviation,2025/6/12
China,11.845959,Power,2025/6/12
China,1.034645,Residential,2025/6/12
China,29.580535,Total,2025/6/12
China,0.235312,Domestic Aviation,2025/6/13
China,2.919227,Ground Transport,2025/6/13
China,14.910755,Industry,2025/6/13
China,0.116629,International Aviation,2025/6/13
China,13.187158,Power,2025/6/13
China,1.036796,Residential,2025/6/13
China,32.289248,Total,2025/6/13
China,0.229559,Domestic Aviation,2025/6/14
China,2.889965,Ground Transport,2025/6/14
China,14.755891,Industry,2025/6/14
China,0.115184,International Aviation,2025/6/14
China,13.050195,Power,2025/6/14
China,1.064634,Residential,2025/6/14
China,31.990245,Total,2025/6/14
China,0.244891,Domestic Aviation,2025/6/15
China,2.851906,Ground Transport,2025/6/15
China,13.388415,Industry,2025/6/15
China,0.111189,International Aviation,2025/6/15
China,11.840791,Power,2025/6/15
China,1.061358,Residential,2025/6/15
China,29.38736,Total,2025/6/15
China,0.239857,Domestic Aviation,2025/6/16
China,3.068539,Ground Transport,2025/6/16
China,13.683532,Industry,2025/6/16
China,0.108174,International Aviation,2025/6/16
China,12.101795,Power,2025/6/16
China,1.036618,Residential,2025/6/16
China,30.130341,Total,2025/6/16
China,0.241745,Domestic Aviation,2025/6/17
China,3.019102,Ground Transport,2025/6/17
China,14.522134,Industry,2025/6/17
China,0.110027,International Aviation,2025/6/17
China,12.843459,Power,2025/6/17
China,1.032046,Residential,2025/6/17
China,31.658487,Total,2025/6/17
China,0.250733,Domestic Aviation,2025/6/18
China,3.022672,Ground Transport,2025/6/18
China,14.563042,Industry,2025/6/18
China,0.112598,International Aviation,2025/6/18
China,12.879638,Power,2025/6/18
China,1.034758,Residential,2025/6/18
China,31.750843,Total,2025/6/18
China,0.249426,Domestic Aviation,2025/6/19
China,3.063507,Ground Transport,2025/6/19
China,15.220483,Industry,2025/6/19
China,0.115126,International Aviation,2025/6/19
China,13.461082,Power,2025/6/19
China,1.039524,Residential,2025/6/19
China,33.034022,Total,2025/6/19
China,0.257204,Domestic Aviation,2025/6/20
China,2.919227,Ground Transport,2025/6/20
China,14.81433,Industry,2025/6/20
China,0.117224,International Aviation,2025/6/20
China,13.101879,Power,2025/6/20
China,1.042136,Residential,2025/6/20
China,32.134777,Total,2025/6/20
China,0.253507,Domestic Aviation,2025/6/21
China,2.889965,Ground Transport,2025/6/21
China,14.370193,Industry,2025/6/21
China,0.11631,International Aviation,2025/6/21
China,12.709081,Power,2025/6/21
China,1.04759,Residential,2025/6/21
China,31.270336,Total,2025/6/21
China,0.257277,Domestic Aviation,2025/6/22
China,2.851906,Ground Transport,2025/6/22
China,14.367271,Industry,2025/6/22
China,0.115861,International Aviation,2025/6/22
China,12.706497,Power,2025/6/22
China,1.044721,Residential,2025/6/22
China,31.227672,Total,2025/6/22
China,0.259672,Domestic Aviation,2025/6/23
China,3.068539,Ground Transport,2025/6/23
China,14.72375,Industry,2025/6/23
China,0.109252,International Aviation,2025/6/23
China,13.021769,Power,2025/6/23
China,1.038911,Residential,2025/6/23
China,32.112641,Total,2025/6/23
China,0.258481,Domestic Aviation,2025/6/24
China,3.019102,Ground Transport,2025/6/24
China,14.755891,Industry,2025/6/24
China,0.113668,International Aviation,2025/6/24
China,13.050195,Power,2025/6/24
China,1.05146,Residential,2025/6/24
China,32.135129,Total,2025/6/24
China,0.261902,Domestic Aviation,2025/6/25
China,3.022672,Ground Transport,2025/6/25
China,15.427942,Industry,2025/6/25
China,0.11332,International Aviation,2025/6/25
China,13.64456,Power,2025/6/25
China,1.045067,Residential,2025/6/25
China,33.402144,Total,2025/6/25
China,0.262513,Domestic Aviation,2025/6/26
China,3.063507,Ground Transport,2025/6/26
China,15.690918,Industry,2025/6/26
China,0.116982,International Aviation,2025/6/26
China,13.877138,Power,2025/6/26
China,1.036955,Residential,2025/6/26
China,33.931031,Total,2025/6/26
China,0.265077,Domestic Aviation,2025/6/27
China,2.919227,Ground Transport,2025/6/27
China,15.103604,Industry,2025/6/27
China,0.116621,International Aviation,2025/6/27
China,13.357715,Power,2025/6/27
China,1.032303,Residential,2025/6/27
China,32.677927,Total,2025/6/27
China,0.263168,Domestic Aviation,2025/6/28
China,2.889965,Ground Transport,2025/6/28
China,14.633169,Industry,2025/6/28
China,0.121597,International Aviation,2025/6/28
China,12.941659,Power,2025/6/28
China,1.030316,Residential,2025/6/28
China,31.758277,Total,2025/6/28
China,0.267584,Domestic Aviation,2025/6/29
China,2.851906,Ground Transport,2025/6/29
China,14.118904,Industry,2025/6/29
China,0.115463,International Aviation,2025/6/29
China,12.48684,Power,2025/6/29
China,1.04303,Residential,2025/6/29
China,30.768264,Total,2025/6/29
China,0.267866,Domestic Aviation,2025/6/30
China,3.068539,Ground Transport,2025/6/30
China,14.346817,Industry,2025/6/30
China,0.112573,International Aviation,2025/6/30
China,12.688408,Power,2025/6/30
China,1.032363,Residential,2025/6/30
China,31.403993,Total,2025/6/30
China,0.279233,Domestic Aviation,2025/7/1
China,2.964624,Ground Transport,2025/7/1
China,11.46693,Industry,2025/7/1
China,0.115149,International Aviation,2025/7/1
China,13.466155,Power,2025/7/1
China,1.012162,Residential,2025/7/1
China,29.189103,Total,2025/7/1
China,0.28047,Domestic Aviation,2025/7/2
China,2.968129,Ground Transport,2025/7/2
China,11.799899,Industry,2025/7/2
China,0.118294,International Aviation,2025/7/2
China,13.857177,Power,2025/7/2
China,1.0069,Residential,2025/7/2
China,29.912576,Total,2025/7/2
China,0.280749,Domestic Aviation,2025/7/3
China,3.008227,Ground Transport,2025/7/3
China,12.652849,Industry,2025/7/3
China,0.116882,International Aviation,2025/7/3
China,14.858836,Power,2025/7/3
China,1.009836,Residential,2025/7/3
China,31.810498,Total,2025/7/3
China,0.285939,Domestic Aviation,2025/7/4
China,2.866551,Ground Transport,2025/7/4
China,13.179671,Industry,2025/7/4
China,0.120458,International Aviation,2025/7/4
China,15.477508,Power,2025/7/4
China,1.035476,Residential,2025/7/4
China,32.845144,Total,2025/7/4
China,0.28244,Domestic Aviation,2025/7/5
China,2.837817,Ground Transport,2025/7/5
China,12.974416,Industry,2025/7/5
China,0.120767,International Aviation,2025/7/5
China,15.236467,Power,2025/7/5
China,1.021122,Residential,2025/7/5
China,32.352261,Total,2025/7/5
China,0.284914,Domestic Aviation,2025/7/6
China,2.800444,Ground Transport,2025/7/6
China,13.10213,Industry,2025/7/6
China,0.118017,International Aviation,2025/7/6
China,15.386448,Power,2025/7/6
China,1.020424,Residential,2025/7/6
China,32.594361,Total,2025/7/6
China,0.285862,Domestic Aviation,2025/7/7
China,3.013169,Ground Transport,2025/7/7
China,13.17739,Industry,2025/7/7
China,0.112056,International Aviation,2025/7/7
China,15.47483,Power,2025/7/7
China,1.010714,Residential,2025/7/7
China,32.961964,Total,2025/7/7
China,0.282958,Domestic Aviation,2025/7/8
China,2.964624,Ground Transport,2025/7/8
China,13.236686,Industry,2025/7/8
China,0.116117,International Aviation,2025/7/8
China,15.544464,Power,2025/7/8
China,1.015638,Residential,2025/7/8
China,33.04437,Total,2025/7/8
China,0.285054,Domestic Aviation,2025/7/9
China,2.968129,Ground Transport,2025/7/9
China,13.193355,Industry,2025/7/9
China,0.119516,International Aviation,2025/7/9
China,15.493577,Power,2025/7/9
China,1.004503,Residential,2025/7/9
China,32.944619,Total,2025/7/9
China,0.285103,Domestic Aviation,2025/7/10
China,3.008227,Ground Transport,2025/7/10
China,12.643727,Industry,2025/7/10
China,0.115183,International Aviation,2025/7/10
China,14.848123,Power,2025/7/10
China,0.999536,Residential,2025/7/10
China,31.784716,Total,2025/7/10
China,0.2879,Domestic Aviation,2025/7/11
China,2.866551,Ground Transport,2025/7/11
China,12.269706,Industry,2025/7/11
China,0.123797,International Aviation,2025/7/11
China,14.408893,Power,2025/7/11
China,1.00054,Residential,2025/7/11
China,30.83359,Total,2025/7/11
China,0.286588,Domestic Aviation,2025/7/12
China,2.837817,Ground Transport,2025/7/12
China,12.570747,Industry,2025/7/12
China,0.120071,International Aviation,2025/7/12
China,14.76242,Power,2025/7/12
China,1.000123,Residential,2025/7/12
China,31.457694,Total,2025/7/12
China,0.287919,Domestic Aviation,2025/7/13
China,2.800444,Ground Transport,2025/7/13
China,12.61864,Industry,2025/7/13
China,0.121289,International Aviation,2025/7/13
China,14.818663,Power,2025/7/13
China,0.999057,Residential,2025/7/13
China,31.524723,Total,2025/7/13
China,0.289958,Domestic Aviation,2025/7/14
China,3.013169,Ground Transport,2025/7/14
China,13.220722,Industry,2025/7/14
China,0.110965,International Aviation,2025/7/14
China,15.525716,Power,2025/7/14
China,0.996767,Residential,2025/7/14
China,33.046332,Total,2025/7/14
China,0.289507,Domestic Aviation,2025/7/15
China,2.964624,Ground Transport,2025/7/15
China,13.366681,Industry,2025/7/15
China,0.117519,International Aviation,2025/7/15
China,15.697123,Power,2025/7/15
China,0.997567,Residential,2025/7/15
China,33.315502,Total,2025/7/15
China,0.291421,Domestic Aviation,2025/7/16
China,2.968129,Ground Transport,2025/7/16
China,13.761228,Industry,2025/7/16
China,0.12082,International Aviation,2025/7/16
China,16.160457,Power,2025/7/16
China,0.99661,Residential,2025/7/16
China,34.177845,Total,2025/7/16
China,0.290971,Domestic Aviation,2025/7/17
China,3.008227,Ground Transport,2025/7/17
China,14.046305,Industry,2025/7/17
China,0.118782,International Aviation,2025/7/17
China,16.495237,Power,2025/7/17
China,0.99527,Residential,2025/7/17
China,34.836009,Total,2025/7/17
China,0.286308,Domestic Aviation,2025/7/18
China,2.866551,Ground Transport,2025/7/18
China,13.932274,Industry,2025/7/18
China,0.11924,International Aviation,2025/7/18
China,16.361325,Power,2025/7/18
China,0.995875,Residential,2025/7/18
China,34.442333,Total,2025/7/18
China,0.279314,Domestic Aviation,2025/7/19
China,2.837817,Ground Transport,2025/7/19
China,13.330192,Industry,2025/7/19
China,0.12128,International Aviation,2025/7/19
China,15.654271,Power,2025/7/19
China,1.00633,Residential,2025/7/19
China,33.107923,Total,2025/7/19
China,0.259052,Domestic Aviation,2025/7/20
China,2.800444,Ground Transport,2025/7/20
China,12.531977,Industry,2025/7/20
China,0.095504,International Aviation,2025/7/20
China,14.71689,Power,2025/7/20
China,1.005169,Residential,2025/7/20
China,31.313532,Total,2025/7/20
China,0.288021,Domestic Aviation,2025/7/21
China,3.013169,Ground Transport,2025/7/21
China,12.520574,Industry,2025/7/21
China,0.118338,International Aviation,2025/7/21
China,14.703499,Power,2025/7/21
China,1.000622,Residential,2025/7/21
China,31.525885,Total,2025/7/21
China,0.288853,Domestic Aviation,2025/7/22
China,2.964624,Ground Transport,2025/7/22
China,12.301635,Industry,2025/7/22
China,0.119758,International Aviation,2025/7/22
China,14.446388,Power,2025/7/22
China,0.99749,Residential,2025/7/22
China,30.99899,Total,2025/7/22
China,0.290254,Domestic Aviation,2025/7/23
China,2.968129,Ground Transport,2025/7/23
China,12.374614,Industry,2025/7/23
China,0.118333,International Aviation,2025/7/23
China,14.532092,Power,2025/7/23
China,0.998946,Residential,2025/7/23
China,31.164035,Total,2025/7/23
China,0.289606,Domestic Aviation,2025/7/24
China,3.008227,Ground Transport,2025/7/24
China,12.456716,Industry,2025/7/24
China,0.119415,International Aviation,2025/7/24
China,14.628508,Power,2025/7/24
China,1.001929,Residential,2025/7/24
China,31.384986,Total,2025/7/24
China,0.291618,Domestic Aviation,2025/7/25
China,2.866551,Ground Transport,2025/7/25
China,13.405452,Industry,2025/7/25
China,0.120445,International Aviation,2025/7/25
China,15.742653,Power,2025/7/25
China,0.999176,Residential,2025/7/25
China,33.30545,Total,2025/7/25
China,0.289558,Domestic Aviation,2025/7/26
China,2.837817,Ground Transport,2025/7/26
China,13.533166,Industry,2025/7/26
China,0.123558,International Aviation,2025/7/26
China,15.892634,Power,2025/7/26
China,0.999169,Residential,2025/7/26
China,33.552344,Total,2025/7/26
China,0.289901,Domestic Aviation,2025/7/27
China,2.800444,Ground Transport,2025/7/27
China,13.729299,Industry,2025/7/27
China,0.121657,International Aviation,2025/7/27
China,16.122962,Power,2025/7/27
China,0.999134,Residential,2025/7/27
China,33.941741,Total,2025/7/27
China,0.289584,Domestic Aviation,2025/7/28
China,3.013169,Ground Transport,2025/7/28
China,13.870697,Industry,2025/7/28
China,0.114143,International Aviation,2025/7/28
China,16.289013,Power,2025/7/28
China,0.999514,Residential,2025/7/28
China,34.461976,Total,2025/7/28
China,0.283975,Domestic Aviation,2025/7/29
China,2.964624,Ground Transport,2025/7/29
China,13.535447,Industry,2025/7/29
China,0.114093,International Aviation,2025/7/29
China,15.895312,Power,2025/7/29
China,1.001569,Residential,2025/7/29
China,33.680928,Total,2025/7/29
China,0.269333,Domestic Aviation,2025/7/30
China,2.968129,Ground Transport,2025/7/30
China,13.291421,Industry,2025/7/30
China,0.115958,International Aviation,2025/7/30
China,15.608741,Power,2025/7/30
China,0.998577,Residential,2025/7/30
China,33.136202,Total,2025/7/30
China,0.28952,Domestic Aviation,2025/7/31
China,3.008227,Ground Transport,2025/7/31
China,13.421416,Industry,2025/7/31
China,0.122623,International Aviation,2025/7/31
China,15.761401,Power,2025/7/31
China,0.998236,Residential,2025/7/31
China,33.4788,Total,2025/7/31
China,0.291142,Domestic Aviation,2025/8/1
China,2.931269,Ground Transport,2025/8/1
China,13.068243,Industry,2025/8/1
China,0.121209,International Aviation,2025/8/1
China,15.958212,Power,2025/8/1
China,0.994011,Residential,2025/8/1
China,33.242876,Total,2025/8/1
China,0.286161,Domestic Aviation,2025/8/2
China,2.901886,Ground Transport,2025/8/2
China,12.9236,Industry,2025/8/2
China,0.118875,International Aviation,2025/8/2
China,15.781582,Power,2025/8/2
China,0.994954,Residential,2025/8/2
China,32.888184,Total,2025/8/2
China,0.289154,Domestic Aviation,2025/8/3
China,2.86367,Ground Transport,2025/8/3
China,13.125223,Industry,2025/8/3
China,0.118953,International Aviation,2025/8/3
China,16.027793,Power,2025/8/3
China,0.996754,Residential,2025/8/3
China,33.302594,Total,2025/8/3
China,0.284981,Domestic Aviation,2025/8/4
China,3.081197,Ground Transport,2025/8/4
China,13.971163,Industry,2025/8/4
China,0.113816,International Aviation,2025/8/4
China,17.060808,Power,2025/8/4
China,1.00214,Residential,2025/8/4
China,35.400289,Total,2025/8/4
China,0.27537,Domestic Aviation,2025/8/5
China,3.031556,Ground Transport,2025/8/5
China,14.03691,Industry,2025/8/5
China,0.113672,International Aviation,2025/8/5
China,17.141094,Power,2025/8/5
China,1.001102,Residential,2025/8/5
China,35.486032,Total,2025/8/5
China,0.288364,Domestic Aviation,2025/8/6
China,3.035141,Ground Transport,2025/8/6
China,14.20566,Industry,2025/8/6
China,0.12439,International Aviation,2025/8/6
China,17.347162,Power,2025/8/6
China,0.997353,Residential,2025/8/6
China,35.873679,Total,2025/8/6
China,0.292033,Domestic Aviation,2025/8/7
China,3.076144,Ground Transport,2025/8/7
China,14.071975,Industry,2025/8/7
China,0.117374,International Aviation,2025/8/7
China,17.183914,Power,2025/8/7
China,0.997723,Residential,2025/8/7
China,35.621789,Total,2025/8/7
China,0.292809,Domestic Aviation,2025/8/8
China,2.931269,Ground Transport,2025/8/8
China,13.813371,Industry,2025/8/8
China,0.118448,International Aviation,2025/8/8
China,16.868121,Power,2025/8/8
China,1.003655,Residential,2025/8/8
China,34.909226,Total,2025/8/8
China,0.289358,Domestic Aviation,2025/8/9
China,2.901886,Ground Transport,2025/8/9
China,12.827171,Industry,2025/8/9
China,0.126301,International Aviation,2025/8/9
China,15.663829,Power,2025/8/9
China,1.000291,Residential,2025/8/9
China,32.682535,Total,2025/8/9
China,0.287242,Domestic Aviation,2025/8/10
China,2.86367,Ground Transport,2025/8/10
China,12.597058,Industry,2025/8/10
China,0.118153,International Aviation,2025/8/10
China,15.382827,Power,2025/8/10
China,1.009488,Residential,2025/8/10
China,32.140286,Total,2025/8/10
China,0.289292,Domestic Aviation,2025/8/11
China,3.081197,Ground Transport,2025/8/11
China,12.675954,Industry,2025/8/11
China,0.117297,International Aviation,2025/8/11
China,15.479171,Power,2025/8/11
China,1.005658,Residential,2025/8/11
China,32.531272,Total,2025/8/11
China,0.292444,Domestic Aviation,2025/8/12
China,3.031556,Ground Transport,2025/8/12
China,12.792107,Industry,2025/8/12
China,0.114012,International Aviation,2025/8/12
China,15.62101,Power,2025/8/12
China,1.014052,Residential,2025/8/12
China,32.751169,Total,2025/8/12
China,0.290482,Domestic Aviation,2025/8/13
China,3.035141,Ground Transport,2025/8/13
China,13.037561,Industry,2025/8/13
China,0.121561,International Aviation,2025/8/13
China,15.920745,Power,2025/8/13
China,1.011069,Residential,2025/8/13
China,33.294997,Total,2025/8/13
China,0.28238,Domestic Aviation,2025/8/14
China,3.076144,Ground Transport,2025/8/14
China,12.739509,Industry,2025/8/14
China,0.111802,International Aviation,2025/8/14
China,15.556781,Power,2025/8/14
China,1.007875,Residential,2025/8/14
China,32.662689,Total,2025/8/14
China,0.293356,Domestic Aviation,2025/8/15
China,2.931269,Ground Transport,2025/8/15
China,12.561993,Industry,2025/8/15
China,0.124407,International Aviation,2025/8/15
China,15.340008,Power,2025/8/15
China,1.005987,Residential,2025/8/15
China,32.132613,Total,2025/8/15
China,0.290507,Domestic Aviation,2025/8/16
China,2.901886,Ground Transport,2025/8/16
China,12.581717,Industry,2025/8/16
China,0.124822,International Aviation,2025/8/16
China,15.364094,Power,2025/8/16
China,1.005704,Residential,2025/8/16
China,32.143909,Total,2025/8/16
China,0.290982,Domestic Aviation,2025/8/17
China,2.86367,Ground Transport,2025/8/17
China,12.816214,Industry,2025/8/17
China,0.11585,International Aviation,2025/8/17
China,15.650448,Power,2025/8/17
China,1.004737,Residential,2025/8/17
China,32.62605,Total,2025/8/17
China,0.291856,Domestic Aviation,2025/8/18
China,3.081197,Ground Transport,2025/8/18
China,13.133989,Industry,2025/8/18
China,0.113861,International Aviation,2025/8/18
China,16.038498,Power,2025/8/18
China,1.008911,Residential,2025/8/18
China,33.554451,Total,2025/8/18
China,0.290768,Domestic Aviation,2025/8/19
China,3.031556,Ground Transport,2025/8/19
China,13.510937,Industry,2025/8/19
China,0.114456,International Aviation,2025/8/19
China,16.498805,Power,2025/8/19
China,1.006138,Residential,2025/8/19
China,34.338204,Total,2025/8/19
China,0.290969,Domestic Aviation,2025/8/20
China,3.035141,Ground Transport,2025/8/20
China,13.605173,Industry,2025/8/20
China,0.118124,International Aviation,2025/8/20
China,16.613882,Power,2025/8/20
China,1.01896,Residential,2025/8/20
China,34.564125,Total,2025/8/20
China,0.289663,Domestic Aviation,2025/8/21
China,3.076144,Ground Transport,2025/8/21
China,13.732284,Industry,2025/8/21
China,0.119396,International Aviation,2025/8/21
China,16.769102,Power,2025/8/21
China,1.023146,Residential,2025/8/21
China,34.890338,Total,2025/8/21
China,0.291622,Domestic Aviation,2025/8/22
China,2.931269,Ground Transport,2025/8/22
China,13.513128,Industry,2025/8/22
China,0.119544,International Aviation,2025/8/22
China,16.501481,Power,2025/8/22
China,1.03141,Residential,2025/8/22
China,34.26891,Total,2025/8/22
China,0.288567,Domestic Aviation,2025/8/23
China,2.901886,Ground Transport,2025/8/23
China,13.563534,Industry,2025/8/23
China,0.121327,International Aviation,2025/8/23
China,16.563034,Power,2025/8/23
China,1.039532,Residential,2025/8/23
China,34.356553,Total,2025/8/23
China,0.280514,Domestic Aviation,2025/8/24
China,2.86367,Ground Transport,2025/8/24
China,13.066051,Industry,2025/8/24
China,0.119049,International Aviation,2025/8/24
China,15.955535,Power,2025/8/24
China,1.011356,Residential,2025/8/24
China,33.177126,Total,2025/8/24
China,0.28625,Domestic Aviation,2025/8/25
China,3.081197,Ground Transport,2025/8/25
China,13.278632,Industry,2025/8/25
China,0.113111,International Aviation,2025/8/25
China,16.215127,Power,2025/8/25
China,1.007748,Residential,2025/8/25
China,33.868955,Total,2025/8/25
China,0.281147,Domestic Aviation,2025/8/26
China,3.031556,Ground Transport,2025/8/26
China,12.99373,Industry,2025/8/26
China,0.116327,International Aviation,2025/8/26
China,15.867221,Power,2025/8/26
China,1.01622,Residential,2025/8/26
China,33.189874,Total,2025/8/26
China,0.282014,Domestic Aviation,2025/8/27
China,3.035141,Ground Transport,2025/8/27
China,13.09235,Industry,2025/8/27
China,0.120642,International Aviation,2025/8/27
China,15.98765,Power,2025/8/27
China,1.045238,Residential,2025/8/27
China,33.442392,Total,2025/8/27
China,0.278523,Domestic Aviation,2025/8/28
China,3.076144,Ground Transport,2025/8/28
China,12.912642,Industry,2025/8/28
China,0.115995,International Aviation,2025/8/28
China,15.768201,Power,2025/8/28
China,1.054615,Residential,2025/8/28
China,33.090125,Total,2025/8/28
China,0.279897,Domestic Aviation,2025/8/29
China,2.931269,Ground Transport,2025/8/29
China,12.85347,Industry,2025/8/29
China,0.118891,International Aviation,2025/8/29
China,15.695943,Power,2025/8/29
China,1.051894,Residential,2025/8/29
China,32.812474,Total,2025/8/29
China,0.271558,Domestic Aviation,2025/8/30
China,2.901886,Ground Transport,2025/8/30
China,12.463373,Industry,2025/8/30
China,0.119812,International Aviation,2025/8/30
China,15.219579,Power,2025/8/30
China,1.035275,Residential,2025/8/30
China,31.891671,Total,2025/8/30
China,0.272218,Domestic Aviation,2025/8/31
China,2.86367,Ground Transport,2025/8/31
China,11.757693,Industry,2025/8/31
China,0.116928,International Aviation,2025/8/31
China,14.357841,Power,2025/8/31
China,1.023505,Residential,2025/8/31
China,30.274926,Total,2025/8/31
China,0.247696,Domestic Aviation,2025/9/1
China,3.081197,Ground Transport,2025/9/1
China,13.859653,Industry,2025/9/1
China,0.111335,International Aviation,2025/9/1
China,13.914102,Power,2025/9/1
China,1.032894,Residential,2025/9/1
China,32.135542,Total,2025/9/1
China,0.240854,Domestic Aviation,2025/9/2
China,3.031556,Ground Transport,2025/9/2
China,13.776827,Industry,2025/9/2
China,0.11449,International Aviation,2025/9/2
China,13.83095,Power,2025/9/2
China,1.041486,Residential,2025/9/2
China,31.921673,Total,2025/9/2
China,0.230721,Domestic Aviation,2025/9/3
China,3.035141,Ground Transport,2025/9/3
China,13.997698,Industry,2025/9/3
China,0.116301,International Aviation,2025/9/3
China,14.052689,Power,2025/9/3
China,1.035509,Residential,2025/9/3
China,32.351757,Total,2025/9/3
China,0.24955,Domestic Aviation,2025/9/4
China,3.076144,Ground Transport,2025/9/4
China,14.67035,Industry,2025/9/4
China,0.113467,International Aviation,2025/9/4
China,14.727984,Power,2025/9/4
China,1.03642,Residential,2025/9/4
China,33.760448,Total,2025/9/4
China,0.257003,Domestic Aviation,2025/9/5
China,2.931269,Ground Transport,2025/9/5
China,14.494657,Industry,2025/9/5
China,0.11784,International Aviation,2025/9/5
China,14.551601,Power,2025/9/5
China,1.067188,Residential,2025/9/5
China,33.301718,Total,2025/9/5
China,0.244289,Domestic Aviation,2025/9/6
China,2.901886,Ground Transport,2025/9/6
China,13.847104,Industry,2025/9/6
China,0.120281,International Aviation,2025/9/6
China,13.901503,Power,2025/9/6
China,1.044187,Residential,2025/9/6
China,31.938969,Total,2025/9/6
China,0.25087,Domestic Aviation,2025/9/7
China,2.86367,Ground Transport,2025/9/7
China,13.608664,Industry,2025/9/7
China,0.116539,International Aviation,2025/9/7
China,13.662126,Power,2025/9/7
China,1.051863,Residential,2025/9/7
China,31.437193,Total,2025/9/7
China,0.241573,Domestic Aviation,2025/9/8
China,3.081197,Ground Transport,2025/9/8
China,13.824515,Industry,2025/9/8
China,0.106572,International Aviation,2025/9/8
China,13.878825,Power,2025/9/8
China,1.051333,Residential,2025/9/8
China,32.077442,Total,2025/9/8
China,0.2432,Domestic Aviation,2025/9/9
China,3.031556,Ground Transport,2025/9/9
China,13.508268,Industry,2025/9/9
China,0.115767,International Aviation,2025/9/9
China,13.561336,Power,2025/9/9
China,1.047952,Residential,2025/9/9
China,31.392312,Total,2025/9/9
China,0.247514,Domestic Aviation,2025/9/10
China,3.035141,Ground Transport,2025/9/10
China,13.924911,Industry,2025/9/10
China,0.119667,International Aviation,2025/9/10
China,13.979616,Power,2025/9/10
China,1.048168,Residential,2025/9/10
China,32.235349,Total,2025/9/10
China,0.248011,Domestic Aviation,2025/9/11
China,3.076144,Ground Transport,2025/9/11
China,13.508268,Industry,2025/9/11
China,0.115852,International Aviation,2025/9/11
China,13.561336,Power,2025/9/11
China,1.037298,Residential,2025/9/11
China,31.431056,Total,2025/9/11
China,0.257123,Domestic Aviation,2025/9/12
China,2.931269,Ground Transport,2025/9/12
China,13.631253,Industry,2025/9/12
China,0.119613,International Aviation,2025/9/12
China,13.684804,Power,2025/9/12
China,1.037756,Residential,2025/9/12
China,31.542205,Total,2025/9/12
China,0.247324,Domestic Aviation,2025/9/13
China,2.901886,Ground Transport,2025/9/13
China,13.493208,Industry,2025/9/13
China,0.119146,International Aviation,2025/9/13
China,13.546217,Power,2025/9/13
China,1.039187,Residential,2025/9/13
China,31.227823,Total,2025/9/13
China,0.25398,Domestic Aviation,2025/9/14
China,2.86367,Ground Transport,2025/9/14
China,13.001268,Industry,2025/9/14
China,0.118605,International Aviation,2025/9/14
China,13.052345,Power,2025/9/14
China,1.046701,Residential,2025/9/14
China,30.217964,Total,2025/9/14
China,0.249645,Domestic Aviation,2025/9/15
China,3.081197,Ground Transport,2025/9/15
China,13.553446,Industry,2025/9/15
China,0.111118,International Aviation,2025/9/15
China,13.606691,Power,2025/9/15
China,1.055904,Residential,2025/9/15
China,31.546883,Total,2025/9/15
China,0.245484,Domestic Aviation,2025/9/16
China,3.031556,Ground Transport,2025/9/16
China,13.643802,Industry,2025/9/16
China,0.117575,International Aviation,2025/9/16
China,13.697403,Power,2025/9/16
China,1.11677,Residential,2025/9/16
China,31.735015,Total,2025/9/16
China,0.248505,Domestic Aviation,2025/9/17
China,3.035141,Ground Transport,2025/9/17
China,13.385283,Industry,2025/9/17
China,0.117955,International Aviation,2025/9/17
China,13.437868,Power,2025/9/17
China,1.170879,Residential,2025/9/17
China,31.277675,Total,2025/9/17
China,0.250909,Domestic Aviation,2025/9/18
China,3.076144,Ground Transport,2025/9/18
China,13.558466,Industry,2025/9/18
China,0.116315,International Aviation,2025/9/18
China,13.611731,Power,2025/9/18
China,1.191581,Residential,2025/9/18
China,31.688831,Total,2025/9/18
China,0.250477,Domestic Aviation,2025/9/19
China,2.931269,Ground Transport,2025/9/19
China,13.174451,Industry,2025/9/19
China,0.119483,International Aviation,2025/9/19
China,13.226208,Power,2025/9/19
China,1.217243,Residential,2025/9/19
China,30.799648,Total,2025/9/19
China,0.248176,Domestic Aviation,2025/9/20
China,2.901886,Ground Transport,2025/9/20
China,12.592155,Industry,2025/9/20
China,0.118633,International Aviation,2025/9/20
China,12.641624,Power,2025/9/20
China,1.117363,Residential,2025/9/20
China,29.501204,Total,2025/9/20
China,0.25556,Domestic Aviation,2025/9/21
China,2.86367,Ground Transport,2025/9/21
China,12.582116,Industry,2025/9/21
China,0.118624,International Aviation,2025/9/21
China,12.631545,Power,2025/9/21
China,1.15578,Residential,2025/9/21
China,29.488671,Total,2025/9/21
China,0.25373,Domestic Aviation,2025/9/22
China,3.081197,Ground Transport,2025/9/22
China,12.850675,Industry,2025/9/22
China,0.112245,International Aviation,2025/9/22
China,12.901159,Power,2025/9/22
China,1.1598,Residential,2025/9/22
China,30.246561,Total,2025/9/22
China,0.223902,Domestic Aviation,2025/9/23
China,3.031556,Ground Transport,2025/9/23
China,12.800477,Industry,2025/9/23
China,0.099379,International Aviation,2025/9/23
China,12.850764,Power,2025/9/23
China,1.159677,Residential,2025/9/23
China,30.066376,Total,2025/9/23
China,0.197004,Domestic Aviation,2025/9/24
China,3.035141,Ground Transport,2025/9/24
China,12.195591,Industry,2025/9/24
China,0.068316,International Aviation,2025/9/24
China,12.243503,Power,2025/9/24
China,1.112377,Residential,2025/9/24
China,28.783615,Total,2025/9/24
China,0.247042,Domestic Aviation,2025/9/25
China,3.076144,Ground Transport,2025/9/25
China,12.48423,Industry,2025/9/25
China,0.108402,International Aviation,2025/9/25
China,12.533275,Power,2025/9/25
China,1.095531,Residential,2025/9/25
China,29.436221,Total,2025/9/25
China,0.263688,Domestic Aviation,2025/9/26
China,2.931269,Ground Transport,2025/9/26
China,13.043937,Industry,2025/9/26
China,0.123105,International Aviation,2025/9/26
China,13.095181,Power,2025/9/26
China,1.085615,Residential,2025/9/26
China,30.419689,Total,2025/9/26
China,0.264838,Domestic Aviation,2025/9/27
China,2.901886,Ground Transport,2025/9/27
China,13.633763,Industry,2025/9/27
China,0.123367,International Aviation,2025/9/27
China,13.687324,Power,2025/9/27
China,1.086094,Residential,2025/9/27
China,31.573904,Total,2025/9/27
China,0.265607,Domestic Aviation,2025/9/28
China,2.86367,Ground Transport,2025/9/28
China,13.545916,Industry,2025/9/28
China,0.118427,International Aviation,2025/9/28
China,13.599132,Power,2025/9/28
China,1.106754,Residential,2025/9/28
China,31.38108,Total,2025/9/28
China,0.27995,Domestic Aviation,2025/9/29
China,3.081197,Ground Transport,2025/9/29
China,13.360184,Industry,2025/9/29
China,0.120563,International Aviation,2025/9/29
China,13.41267,Power,2025/9/29
China,1.087223,Residential,2025/9/29
China,31.221224,Total,2025/9/29
China,0.2867,Domestic Aviation,2025/9/30
China,3.031556,Ground Transport,2025/9/30
China,12.265869,Industry,2025/9/30
China,0.120355,International Aviation,2025/9/30
China,12.314056,Power,2025/9/30
China,1.070576,Residential,2025/9/30
China,28.968756,Total,2025/9/30
